timestamp,topology,algorithm,scenario,run_id,host,pcap_file,src_mac,dst_mac,src_ip,dst_ip,proto,src_port,dst_port,length
2026-06-07T08:31:55.737542+00:00,jellyfish,bellman_ford,switch_down,run_scenario_jellyfish_bellman_ford_switch_down_20260607_083146,h3,jellyfish/bellman_ford/switch_down/run_scenario_jellyfish_bellman_ford_switch_down_20260607_083146/h3.pcap,a6:16:c4:c2:e2:e4,01:80:c2:00:00:0e,,,,,,60
2026-06-07T08:31:57.771825+00:00,jellyfish,bellman_ford,switch_down,run_scenario_jellyfish_bellman_ford_switch_down_20260607_083146,h3,jellyfish/bellman_ford/switch_down/run_scenario_jellyfish_bellman_ford_switch_down_20260607_083146/h3.pcap,a6:16:c4:c2:e2:e4,01:80:c2:00:00:0e,,,,,,60
2026-06-07T08:31:59.807504+00:00,jellyfish,bellman_ford,switch_down,run_scenario_jellyfish_bellman_ford_switch_down_20260607_083146,h3,jellyfish/bellman_ford/switch_down/run_scenario_jellyfish_bellman_ford_switch_down_20260607_083146/h3.pcap,a6:16:c4:c2:e2:e4,01:80:c2:00:00:0e,,,,,,60
2026-06-07T08:32:01.846661+00:00,jellyfish,bellman_ford,switch_down,run_scenario_jellyfish_bellman_ford_switch_down_20260607_083146,h3,jellyfish/bellman_ford/switch_down/run_scenario_jellyfish_bellman_ford_switch_down_20260607_083146/h3.pcap,a6:16:c4:c2:e2:e4,01:80:c2:00:00:0e,,,,,,60
2026-06-07T08:32:03.885772+00:00,jellyfish,bellman_ford,switch_down,run_scenario_jellyfish_bellman_ford_switch_down_20260607_083146,h3,jellyfish/bellman_ford/switch_down/run_scenario_jellyfish_bellman_ford_switch_down_20260607_083146/h3.pcap,a6:16:c4:c2:e2:e4,01:80:c2:00:00:0e,,,,,,60
2026-06-07T08:32:05.922212+00:00,jellyfish,bellman_ford,switch_down,run_scenario_jellyfish_bellman_ford_switch_down_20260607_083146,h3,jellyfish/bellman_ford/switch_down/run_scenario_jellyfish_bellman_ford_switch_down_20260607_083146/h3.pcap,a6:16:c4:c2:e2:e4,01:80:c2:00:00:0e,,,,,,60
2026-06-07T08:32:07.955599+00:00,jellyfish,bellman_ford,switch_down,run_scenario_jellyfish_bellman_ford_switch_down_20260607_083146,h3,jellyfish/bellman_ford/switch_down/run_scenario_jellyfish_bellman_ford_switch_down_20260607_083146/h3.pcap,a6:16:c4:c2:e2:e4,01:80:c2:00:00:0e,,,,,,60
2026-06-07T08:32:09.988688+00:00,jellyfish,bellman_ford,switch_down,run_scenario_jellyfish_bellman_ford_switch_down_20260607_083146,h3,jellyfish/bellman_ford/switch_down/run_scenario_jellyfish_bellman_ford_switch_down_20260607_083146/h3.pcap,a6:16:c4:c2:e2:e4,01:80:c2:00:00:0e,,,,,,60
2026-06-07T08:32:12.019473+00:00,jellyfish,bellman_ford,switch_down,run_scenario_jellyfish_bellman_ford_switch_down_20260607_083146,h3,jellyfish/bellman_ford/switch_down/run_scenario_jellyfish_bellman_ford_switch_down_20260607_083146/h3.pcap,a6:16:c4:c2:e2:e4,01:80:c2:00:00:0e,,,,,,60
2026-06-07T08:32:14.055488+00:00,jellyfish,bellman_ford,switch_down,run_scenario_jellyfish_bellman_ford_switch_down_20260607_083146,h3,jellyfish/bellman_ford/switch_down/run_scenario_jellyfish_bellman_ford_switch_down_20260607_083146/h3.pcap,a6:16:c4:c2:e2:e4,01:80:c2:00:00:0e,,,,,,60
2026-06-07T08:32:16.089352+00:00,jellyfish,bellman_ford,switch_down,run_scenario_jellyfish_bellman_ford_switch_down_20260607_083146,h3,jellyfish/bellman_ford/switch_down/run_scenario_jellyfish_bellman_ford_switch_down_20260607_083146/h3.pcap,a6:16:c4:c2:e2:e4,01:80:c2:00:00:0e,,,,,,60
2026-06-07T08:32:18.125915+00:00,jellyfish,bellman_ford,switch_down,run_scenario_jellyfish_bellman_ford_switch_down_20260607_083146,h3,jellyfish/bellman_ford/switch_down/run_scenario_jellyfish_bellman_ford_switch_down_20260607_083146/h3.pcap,a6:16:c4:c2:e2:e4,01:80:c2:00:00:0e,,,,,,60
2026-06-07T08:32:20.158863+00:00,jellyfish,bellman_ford,switch_down,run_scenario_jellyfish_bellman_ford_switch_down_20260607_083146,h3,jellyfish/bellman_ford/switch_down/run_scenario_jellyfish_bellman_ford_switch_down_20260607_083146/h3.pcap,a6:16:c4:c2:e2:e4,01:80:c2:00:00:0e,,,,,,60
2026-06-07T08:32:24.916201+00:00,jellyfish,bellman_ford,switch_down,run_scenario_jellyfish_bellman_ford_switch_down_20260607_083146,h3,jellyfish/bellman_ford/switch_down/run_scenario_jellyfish_bellman_ford_switch_down_20260607_083146/h3.pcap,a6:16:c4:c2:e2:e4,01:80:c2:00:00:0e,,,,,,60
2026-06-07T08:32:26.948189+00:00,jellyfish,bellman_ford,switch_down,run_scenario_jellyfish_bellman_ford_switch_down_20260607_083146,h3,jellyfish/bellman_ford/switch_down/run_scenario_jellyfish_bellman_ford_switch_down_20260607_083146/h3.pcap,a6:16:c4:c2:e2:e4,01:80:c2:00:00:0e,,,,,,60
2026-06-07T08:32:28.981299+00:00,jellyfish,bellman_ford,switch_down,run_scenario_jellyfish_bellman_ford_switch_down_20260607_083146,h3,jellyfish/bellman_ford/switch_down/run_scenario_jellyfish_bellman_ford_switch_down_20260607_083146/h3.pcap,a6:16:c4:c2:e2:e4,01:80:c2:00:00:0e,,,,,,60
2026-06-07T08:32:31.021437+00:00,jellyfish,bellman_ford,switch_down,run_scenario_jellyfish_bellman_ford_switch_down_20260607_083146,h3,jellyfish/bellman_ford/switch_down/run_scenario_jellyfish_bellman_ford_switch_down_20260607_083146/h3.pcap,a6:16:c4:c2:e2:e4,01:80:c2:00:00:0e,,,,,,60
2026-06-07T08:32:33.057695+00:00,jellyfish,bellman_ford,switch_down,run_scenario_jellyfish_bellman_ford_switch_down_20260607_083146,h3,jellyfish/bellman_ford/switch_down/run_scenario_jellyfish_bellman_ford_switch_down_20260607_083146/h3.pcap,a6:16:c4:c2:e2:e4,01:80:c2:00:00:0e,,,,,,60
2026-06-07T08:32:35.093362+00:00,jellyfish,bellman_ford,switch_down,run_scenario_jellyfish_bellman_ford_switch_down_20260607_083146,h3,jellyfish/bellman_ford/switch_down/run_scenario_jellyfish_bellman_ford_switch_down_20260607_083146/h3.pcap,a6:16:c4:c2:e2:e4,01:80:c2:00:00:0e,,,,,,60
2026-06-07T08:32:37.131807+00:00,jellyfish,bellman_ford,switch_down,run_scenario_jellyfish_bellman_ford_switch_down_20260607_083146,h3,jellyfish/bellman_ford/switch_down/run_scenario_jellyfish_bellman_ford_switch_down_20260607_083146/h3.pcap,a6:16:c4:c2:e2:e4,01:80:c2:00:00:0e,,,,,,60
2026-06-07T08:32:39.165096+00:00,jellyfish,bellman_ford,switch_down,run_scenario_jellyfish_bellman_ford_switch_down_20260607_083146,h3,jellyfish/bellman_ford/switch_down/run_scenario_jellyfish_bellman_ford_switch_down_20260607_083146/h3.pcap,a6:16:c4:c2:e2:e4,01:80:c2:00:00:0e,,,,,,60
2026-06-07T08:32:41.199781+00:00,jellyfish,bellman_ford,switch_down,run_scenario_jellyfish_bellman_ford_switch_down_20260607_083146,h3,jellyfish/bellman_ford/switch_down/run_scenario_jellyfish_bellman_ford_switch_down_20260607_083146/h3.pcap,a6:16:c4:c2:e2:e4,01:80:c2:00:00:0e,,,,,,60
2026-06-07T08:32:43.232205+00:00,jellyfish,bellman_ford,switch_down,run_scenario_jellyfish_bellman_ford_switch_down_20260607_083146,h3,jellyfish/bellman_ford/switch_down/run_scenario_jellyfish_bellman_ford_switch_down_20260607_083146/h3.pcap,a6:16:c4:c2:e2:e4,01:80:c2:00:00:0e,,,,,,60
2026-06-07T08:32:45.265155+00:00,jellyfish,bellman_ford,switch_down,run_scenario_jellyfish_bellman_ford_switch_down_20260607_083146,h3,jellyfish/bellman_ford/switch_down/run_scenario_jellyfish_bellman_ford_switch_down_20260607_083146/h3.pcap,a6:16:c4:c2:e2:e4,01:80:c2:00:00:0e,,,,,,60
2026-06-07T08:32:47.295653+00:00,jellyfish,bellman_ford,switch_down,run_scenario_jellyfish_bellman_ford_switch_down_20260607_083146,h3,jellyfish/bellman_ford/switch_down/run_scenario_jellyfish_bellman_ford_switch_down_20260607_083146/h3.pcap,a6:16:c4:c2:e2:e4,01:80:c2:00:00:0e,,,,,,60
2026-06-07T08:32:49.328141+00:00,jellyfish,bellman_ford,switch_down,run_scenario_jellyfish_bellman_ford_switch_down_20260607_083146,h3,jellyfish/bellman_ford/switch_down/run_scenario_jellyfish_bellman_ford_switch_down_20260607_083146/h3.pcap,a6:16:c4:c2:e2:e4,01:80:c2:00:00:0e,,,,,,60
2026-06-07T08:32:51.366450+00:00,jellyfish,bellman_ford,switch_down,run_scenario_jellyfish_bellman_ford_switch_down_20260607_083146,h3,jellyfish/bellman_ford/switch_down/run_scenario_jellyfish_bellman_ford_switch_down_20260607_083146/h3.pcap,a6:16:c4:c2:e2:e4,01:80:c2:00:00:0e,,,,,,60
2026-06-07T08:32:53.406018+00:00,jellyfish,bellman_ford,switch_down,run_scenario_jellyfish_bellman_ford_switch_down_20260607_083146,h3,jellyfish/bellman_ford/switch_down/run_scenario_jellyfish_bellman_ford_switch_down_20260607_083146/h3.pcap,a6:16:c4:c2:e2:e4,01:80:c2:00:00:0e,,,,,,60
2026-06-07T08:32:58.163212+00:00,jellyfish,bellman_ford,switch_down,run_scenario_jellyfish_bellman_ford_switch_down_20260607_083146,h3,jellyfish/bellman_ford/switch_down/run_scenario_jellyfish_bellman_ford_switch_down_20260607_083146/h3.pcap,a6:16:c4:c2:e2:e4,01:80:c2:00:00:0e,,,,,,60
2026-06-07T08:33:00.201301+00:00,jellyfish,bellman_ford,switch_down,run_scenario_jellyfish_bellman_ford_switch_down_20260607_083146,h3,jellyfish/bellman_ford/switch_down/run_scenario_jellyfish_bellman_ford_switch_down_20260607_083146/h3.pcap,a6:16:c4:c2:e2:e4,01:80:c2:00:00:0e,,,,,,60
2026-06-07T08:33:02.236796+00:00,jellyfish,bellman_ford,switch_down,run_scenario_jellyfish_bellman_ford_switch_down_20260607_083146,h3,jellyfish/bellman_ford/switch_down/run_scenario_jellyfish_bellman_ford_switch_down_20260607_083146/h3.pcap,a6:16:c4:c2:e2:e4,01:80:c2:00:00:0e,,,,,,60
2026-06-07T08:33:04.273081+00:00,jellyfish,bellman_ford,switch_down,run_scenario_jellyfish_bellman_ford_switch_down_20260607_083146,h3,jellyfish/bellman_ford/switch_down/run_scenario_jellyfish_bellman_ford_switch_down_20260607_083146/h3.pcap,a6:16:c4:c2:e2:e4,01:80:c2:00:00:0e,,,,,,60
2026-06-07T08:33:06.303854+00:00,jellyfish,bellman_ford,switch_down,run_scenario_jellyfish_bellman_ford_switch_down_20260607_083146,h3,jellyfish/bellman_ford/switch_down/run_scenario_jellyfish_bellman_ford_switch_down_20260607_083146/h3.pcap,a6:16:c4:c2:e2:e4,01:80:c2:00:00:0e,,,,,,60
2026-06-07T08:33:08.336975+00:00,jellyfish,bellman_ford,switch_down,run_scenario_jellyfish_bellman_ford_switch_down_20260607_083146,h3,jellyfish/bellman_ford/switch_down/run_scenario_jellyfish_bellman_ford_switch_down_20260607_083146/h3.pcap,a6:16:c4:c2:e2:e4,01:80:c2:00:00:0e,,,,,,60
2026-06-07T08:33:10.369257+00:00,jellyfish,bellman_ford,switch_down,run_scenario_jellyfish_bellman_ford_switch_down_20260607_083146,h3,jellyfish/bellman_ford/switch_down/run_scenario_jellyfish_bellman_ford_switch_down_20260607_083146/h3.pcap,a6:16:c4:c2:e2:e4,01:80:c2:00:00:0e,,,,,,60
2026-06-07T08:33:12.406402+00:00,jellyfish,bellman_ford,switch_down,run_scenario_jellyfish_bellman_ford_switch_down_20260607_083146,h3,jellyfish/bellman_ford/switch_down/run_scenario_jellyfish_bellman_ford_switch_down_20260607_083146/h3.pcap,a6:16:c4:c2:e2:e4,01:80:c2:00:00:0e,,,,,,60
2026-06-07T08:33:14.438177+00:00,jellyfish,bellman_ford,switch_down,run_scenario_jellyfish_bellman_ford_switch_down_20260607_083146,h3,jellyfish/bellman_ford/switch_down/run_scenario_jellyfish_bellman_ford_switch_down_20260607_083146/h3.pcap,a6:16:c4:c2:e2:e4,01:80:c2:00:00:0e,,,,,,60
2026-06-07T08:33:16.471672+00:00,jellyfish,bellman_ford,switch_down,run_scenario_jellyfish_bellman_ford_switch_down_20260607_083146,h3,jellyfish/bellman_ford/switch_down/run_scenario_jellyfish_bellman_ford_switch_down_20260607_083146/h3.pcap,a6:16:c4:c2:e2:e4,01:80:c2:00:00:0e,,,,,,60
2026-06-07T08:33:18.504754+00:00,jellyfish,bellman_ford,switch_down,run_scenario_jellyfish_bellman_ford_switch_down_20260607_083146,h3,jellyfish/bellman_ford/switch_down/run_scenario_jellyfish_bellman_ford_switch_down_20260607_083146/h3.pcap,a6:16:c4:c2:e2:e4,01:80:c2:00:00:0e,,,,,,60
2026-06-07T08:33:20.539828+00:00,jellyfish,bellman_ford,switch_down,run_scenario_jellyfish_bellman_ford_switch_down_20260607_083146,h3,jellyfish/bellman_ford/switch_down/run_scenario_jellyfish_bellman_ford_switch_down_20260607_083146/h3.pcap,a6:16:c4:c2:e2:e4,01:80:c2:00:00:0e,,,,,,60
2026-06-07T08:33:22.577324+00:00,jellyfish,bellman_ford,switch_down,run_scenario_jellyfish_bellman_ford_switch_down_20260607_083146,h3,jellyfish/bellman_ford/switch_down/run_scenario_jellyfish_bellman_ford_switch_down_20260607_083146/h3.pcap,a6:16:c4:c2:e2:e4,01:80:c2:00:00:0e,,,,,,60
2026-06-07T08:33:24.609587+00:00,jellyfish,bellman_ford,switch_down,run_scenario_jellyfish_bellman_ford_switch_down_20260607_083146,h3,jellyfish/bellman_ford/switch_down/run_scenario_jellyfish_bellman_ford_switch_down_20260607_083146/h3.pcap,a6:16:c4:c2:e2:e4,01:80:c2:00:00:0e,,,,,,60
2026-06-07T08:33:25.899985+00:00,jellyfish,bellman_ford,switch_down,run_scenario_jellyfish_bellman_ford_switch_down_20260607_083146,h3,jellyfish/bellman_ford/switch_down/run_scenario_jellyfish_bellman_ford_switch_down_20260607_083146/h3.pcap,a6:16:c4:c2:e2:e4,01:80:c2:00:00:0e,,,,,,60
2026-06-07T08:33:31.412685+00:00,jellyfish,bellman_ford,switch_down,run_scenario_jellyfish_bellman_ford_switch_down_20260607_083146,h3,jellyfish/bellman_ford/switch_down/run_scenario_jellyfish_bellman_ford_switch_down_20260607_083146/h3.pcap,a6:16:c4:c2:e2:e4,01:80:c2:00:00:0e,,,,,,60
2026-06-07T08:33:33.450561+00:00,jellyfish,bellman_ford,switch_down,run_scenario_jellyfish_bellman_ford_switch_down_20260607_083146,h3,jellyfish/bellman_ford/switch_down/run_scenario_jellyfish_bellman_ford_switch_down_20260607_083146/h3.pcap,a6:16:c4:c2:e2:e4,01:80:c2:00:00:0e,,,,,,60
2026-06-07T08:33:35.488657+00:00,jellyfish,bellman_ford,switch_down,run_scenario_jellyfish_bellman_ford_switch_down_20260607_083146,h3,jellyfish/bellman_ford/switch_down/run_scenario_jellyfish_bellman_ford_switch_down_20260607_083146/h3.pcap,a6:16:c4:c2:e2:e4,01:80:c2:00:00:0e,,,,,,60
2026-06-07T08:33:37.526912+00:00,jellyfish,bellman_ford,switch_down,run_scenario_jellyfish_bellman_ford_switch_down_20260607_083146,h3,jellyfish/bellman_ford/switch_down/run_scenario_jellyfish_bellman_ford_switch_down_20260607_083146/h3.pcap,a6:16:c4:c2:e2:e4,01:80:c2:00:00:0e,,,,,,60
2026-06-07T08:33:39.561989+00:00,jellyfish,bellman_ford,switch_down,run_scenario_jellyfish_bellman_ford_switch_down_20260607_083146,h3,jellyfish/bellman_ford/switch_down/run_scenario_jellyfish_bellman_ford_switch_down_20260607_083146/h3.pcap,a6:16:c4:c2:e2:e4,01:80:c2:00:00:0e,,,,,,60
2026-06-07T08:33:41.599419+00:00,jellyfish,bellman_ford,switch_down,run_scenario_jellyfish_bellman_ford_switch_down_20260607_083146,h3,jellyfish/bellman_ford/switch_down/run_scenario_jellyfish_bellman_ford_switch_down_20260607_083146/h3.pcap,a6:16:c4:c2:e2:e4,01:80:c2:00:00:0e,,,,,,60
2026-06-07T08:33:43.634273+00:00,jellyfish,bellman_ford,switch_down,run_scenario_jellyfish_bellman_ford_switch_down_20260607_083146,h3,jellyfish/bellman_ford/switch_down/run_scenario_jellyfish_bellman_ford_switch_down_20260607_083146/h3.pcap,a6:16:c4:c2:e2:e4,01:80:c2:00:00:0e,,,,,,60
2026-06-07T08:33:45.670055+00:00,jellyfish,bellman_ford,switch_down,run_scenario_jellyfish_bellman_ford_switch_down_20260607_083146,h3,jellyfish/bellman_ford/switch_down/run_scenario_jellyfish_bellman_ford_switch_down_20260607_083146/h3.pcap,a6:16:c4:c2:e2:e4,01:80:c2:00:00:0e,,,,,,60
2026-06-07T08:33:47.702095+00:00,jellyfish,bellman_ford,switch_down,run_scenario_jellyfish_bellman_ford_switch_down_20260607_083146,h3,jellyfish/bellman_ford/switch_down/run_scenario_jellyfish_bellman_ford_switch_down_20260607_083146/h3.pcap,a6:16:c4:c2:e2:e4,01:80:c2:00:00:0e,,,,,,60
2026-06-07T08:33:49.732750+00:00,jellyfish,bellman_ford,switch_down,run_scenario_jellyfish_bellman_ford_switch_down_20260607_083146,h3,jellyfish/bellman_ford/switch_down/run_scenario_jellyfish_bellman_ford_switch_down_20260607_083146/h3.pcap,a6:16:c4:c2:e2:e4,01:80:c2:00:00:0e,,,,,,60
2026-06-07T08:33:51.765115+00:00,jellyfish,bellman_ford,switch_down,run_scenario_jellyfish_bellman_ford_switch_down_20260607_083146,h3,jellyfish/bellman_ford/switch_down/run_scenario_jellyfish_bellman_ford_switch_down_20260607_083146/h3.pcap,a6:16:c4:c2:e2:e4,01:80:c2:00:00:0e,,,,,,60
2026-06-07T08:33:53.801523+00:00,jellyfish,bellman_ford,switch_down,run_scenario_jellyfish_bellman_ford_switch_down_20260607_083146,h3,jellyfish/bellman_ford/switch_down/run_scenario_jellyfish_bellman_ford_switch_down_20260607_083146/h3.pcap,a6:16:c4:c2:e2:e4,01:80:c2:00:00:0e,,,,,,60
2026-06-07T08:33:55.838824+00:00,jellyfish,bellman_ford,switch_down,run_scenario_jellyfish_bellman_ford_switch_down_20260607_083146,h3,jellyfish/bellman_ford/switch_down/run_scenario_jellyfish_bellman_ford_switch_down_20260607_083146/h3.pcap,a6:16:c4:c2:e2:e4,01:80:c2:00:00:0e,,,,,,60
2026-06-07T08:33:57.871763+00:00,jellyfish,bellman_ford,switch_down,run_scenario_jellyfish_bellman_ford_switch_down_20260607_083146,h3,jellyfish/bellman_ford/switch_down/run_scenario_jellyfish_bellman_ford_switch_down_20260607_083146/h3.pcap,a6:16:c4:c2:e2:e4,01:80:c2:00:00:0e,,,,,,60
2026-06-07T08:34:02.631952+00:00,jellyfish,bellman_ford,switch_down,run_scenario_jellyfish_bellman_ford_switch_down_20260607_083146,h3,jellyfish/bellman_ford/switch_down/run_scenario_jellyfish_bellman_ford_switch_down_20260607_083146/h3.pcap,a6:16:c4:c2:e2:e4,01:80:c2:00:00:0e,,,,,,60
2026-06-07T08:34:04.665365+00:00,jellyfish,bellman_ford,switch_down,run_scenario_jellyfish_bellman_ford_switch_down_20260607_083146,h3,jellyfish/bellman_ford/switch_down/run_scenario_jellyfish_bellman_ford_switch_down_20260607_083146/h3.pcap,a6:16:c4:c2:e2:e4,01:80:c2:00:00:0e,,,,,,60
2026-06-07T08:34:06.701862+00:00,jellyfish,bellman_ford,switch_down,run_scenario_jellyfish_bellman_ford_switch_down_20260607_083146,h3,jellyfish/bellman_ford/switch_down/run_scenario_jellyfish_bellman_ford_switch_down_20260607_083146/h3.pcap,a6:16:c4:c2:e2:e4,01:80:c2:00:00:0e,,,,,,60
2026-06-07T08:34:08.739110+00:00,jellyfish,bellman_ford,switch_down,run_scenario_jellyfish_bellman_ford_switch_down_20260607_083146,h3,jellyfish/bellman_ford/switch_down/run_scenario_jellyfish_bellman_ford_switch_down_20260607_083146/h3.pcap,a6:16:c4:c2:e2:e4,01:80:c2:00:00:0e,,,,,,60
2026-06-07T08:34:10.774038+00:00,jellyfish,bellman_ford,switch_down,run_scenario_jellyfish_bellman_ford_switch_down_20260607_083146,h3,jellyfish/bellman_ford/switch_down/run_scenario_jellyfish_bellman_ford_switch_down_20260607_083146/h3.pcap,a6:16:c4:c2:e2:e4,01:80:c2:00:00:0e,,,,,,60
2026-06-07T08:34:12.808006+00:00,jellyfish,bellman_ford,switch_down,run_scenario_jellyfish_bellman_ford_switch_down_20260607_083146,h3,jellyfish/bellman_ford/switch_down/run_scenario_jellyfish_bellman_ford_switch_down_20260607_083146/h3.pcap,a6:16:c4:c2:e2:e4,01:80:c2:00:00:0e,,,,,,60
2026-06-07T08:34:14.847787+00:00,jellyfish,bellman_ford,switch_down,run_scenario_jellyfish_bellman_ford_switch_down_20260607_083146,h3,jellyfish/bellman_ford/switch_down/run_scenario_jellyfish_bellman_ford_switch_down_20260607_083146/h3.pcap,a6:16:c4:c2:e2:e4,01:80:c2:00:00:0e,,,,,,60
2026-06-07T08:34:16.877526+00:00,jellyfish,bellman_ford,switch_down,run_scenario_jellyfish_bellman_ford_switch_down_20260607_083146,h3,jellyfish/bellman_ford/switch_down/run_scenario_jellyfish_bellman_ford_switch_down_20260607_083146/h3.pcap,a6:16:c4:c2:e2:e4,01:80:c2:00:00:0e,,,,,,60
2026-06-07T08:34:18.911787+00:00,jellyfish,bellman_ford,switch_down,run_scenario_jellyfish_bellman_ford_switch_down_20260607_083146,h3,jellyfish/bellman_ford/switch_down/run_scenario_jellyfish_bellman_ford_switch_down_20260607_083146/h3.pcap,a6:16:c4:c2:e2:e4,01:80:c2:00:00:0e,,,,,,60
2026-06-07T08:34:20.948138+00:00,jellyfish,bellman_ford,switch_down,run_scenario_jellyfish_bellman_ford_switch_down_20260607_083146,h3,jellyfish/bellman_ford/switch_down/run_scenario_jellyfish_bellman_ford_switch_down_20260607_083146/h3.pcap,a6:16:c4:c2:e2:e4,01:80:c2:00:00:0e,,,,,,60
2026-06-07T08:34:22.983335+00:00,jellyfish,bellman_ford,switch_down,run_scenario_jellyfish_bellman_ford_switch_down_20260607_083146,h3,jellyfish/bellman_ford/switch_down/run_scenario_jellyfish_bellman_ford_switch_down_20260607_083146/h3.pcap,a6:16:c4:c2:e2:e4,01:80:c2:00:00:0e,,,,,,60
2026-06-07T08:34:25.019151+00:00,jellyfish,bellman_ford,switch_down,run_scenario_jellyfish_bellman_ford_switch_down_20260607_083146,h3,jellyfish/bellman_ford/switch_down/run_scenario_jellyfish_bellman_ford_switch_down_20260607_083146/h3.pcap,a6:16:c4:c2:e2:e4,01:80:c2:00:00:0e,,,,,,60
2026-06-07T08:34:27.053251+00:00,jellyfish,bellman_ford,switch_down,run_scenario_jellyfish_bellman_ford_switch_down_20260607_083146,h3,jellyfish/bellman_ford/switch_down/run_scenario_jellyfish_bellman_ford_switch_down_20260607_083146/h3.pcap,a6:16:c4:c2:e2:e4,01:80:c2:00:00:0e,,,,,,60
2026-06-07T08:34:29.089813+00:00,jellyfish,bellman_ford,switch_down,run_scenario_jellyfish_bellman_ford_switch_down_20260607_083146,h3,jellyfish/bellman_ford/switch_down/run_scenario_jellyfish_bellman_ford_switch_down_20260607_083146/h3.pcap,a6:16:c4:c2:e2:e4,01:80:c2:00:00:0e,,,,,,60
2026-06-07T08:34:31.125632+00:00,jellyfish,bellman_ford,switch_down,run_scenario_jellyfish_bellman_ford_switch_down_20260607_083146,h3,jellyfish/bellman_ford/switch_down/run_scenario_jellyfish_bellman_ford_switch_down_20260607_083146/h3.pcap,a6:16:c4:c2:e2:e4,01:80:c2:00:00:0e,,,,,,60
2026-06-07T08:34:35.891373+00:00,jellyfish,bellman_ford,switch_down,run_scenario_jellyfish_bellman_ford_switch_down_20260607_083146,h3,jellyfish/bellman_ford/switch_down/run_scenario_jellyfish_bellman_ford_switch_down_20260607_083146/h3.pcap,a6:16:c4:c2:e2:e4,01:80:c2:00:00:0e,,,,,,60
2026-06-07T08:34:37.923390+00:00,jellyfish,bellman_ford,switch_down,run_scenario_jellyfish_bellman_ford_switch_down_20260607_083146,h3,jellyfish/bellman_ford/switch_down/run_scenario_jellyfish_bellman_ford_switch_down_20260607_083146/h3.pcap,a6:16:c4:c2:e2:e4,01:80:c2:00:00:0e,,,,,,60
2026-06-07T08:34:39.956612+00:00,jellyfish,bellman_ford,switch_down,run_scenario_jellyfish_bellman_ford_switch_down_20260607_083146,h3,jellyfish/bellman_ford/switch_down/run_scenario_jellyfish_bellman_ford_switch_down_20260607_083146/h3.pcap,a6:16:c4:c2:e2:e4,01:80:c2:00:00:0e,,,,,,60
2026-06-07T08:34:41.992291+00:00,jellyfish,bellman_ford,switch_down,run_scenario_jellyfish_bellman_ford_switch_down_20260607_083146,h3,jellyfish/bellman_ford/switch_down/run_scenario_jellyfish_bellman_ford_switch_down_20260607_083146/h3.pcap,a6:16:c4:c2:e2:e4,01:80:c2:00:00:0e,,,,,,60
2026-06-07T08:34:44.029779+00:00,jellyfish,bellman_ford,switch_down,run_scenario_jellyfish_bellman_ford_switch_down_20260607_083146,h3,jellyfish/bellman_ford/switch_down/run_scenario_jellyfish_bellman_ford_switch_down_20260607_083146/h3.pcap,a6:16:c4:c2:e2:e4,01:80:c2:00:00:0e,,,,,,60
2026-06-07T08:34:46.064664+00:00,jellyfish,bellman_ford,switch_down,run_scenario_jellyfish_bellman_ford_switch_down_20260607_083146,h3,jellyfish/bellman_ford/switch_down/run_scenario_jellyfish_bellman_ford_switch_down_20260607_083146/h3.pcap,a6:16:c4:c2:e2:e4,01:80:c2:00:00:0e,,,,,,60
2026-06-07T08:34:48.096326+00:00,jellyfish,bellman_ford,switch_down,run_scenario_jellyfish_bellman_ford_switch_down_20260607_083146,h3,jellyfish/bellman_ford/switch_down/run_scenario_jellyfish_bellman_ford_switch_down_20260607_083146/h3.pcap,a6:16:c4:c2:e2:e4,01:80:c2:00:00:0e,,,,,,60
2026-06-07T08:34:50.127249+00:00,jellyfish,bellman_ford,switch_down,run_scenario_jellyfish_bellman_ford_switch_down_20260607_083146,h3,jellyfish/bellman_ford/switch_down/run_scenario_jellyfish_bellman_ford_switch_down_20260607_083146/h3.pcap,a6:16:c4:c2:e2:e4,01:80:c2:00:00:0e,,,,,,60
2026-06-07T08:34:52.164940+00:00,jellyfish,bellman_ford,switch_down,run_scenario_jellyfish_bellman_ford_switch_down_20260607_083146,h3,jellyfish/bellman_ford/switch_down/run_scenario_jellyfish_bellman_ford_switch_down_20260607_083146/h3.pcap,a6:16:c4:c2:e2:e4,01:80:c2:00:00:0e,,,,,,60
2026-06-07T08:34:54.199381+00:00,jellyfish,bellman_ford,switch_down,run_scenario_jellyfish_bellman_ford_switch_down_20260607_083146,h3,jellyfish/bellman_ford/switch_down/run_scenario_jellyfish_bellman_ford_switch_down_20260607_083146/h3.pcap,a6:16:c4:c2:e2:e4,01:80:c2:00:00:0e,,,,,,60
2026-06-07T08:34:56.231806+00:00,jellyfish,bellman_ford,switch_down,run_scenario_jellyfish_bellman_ford_switch_down_20260607_083146,h3,jellyfish/bellman_ford/switch_down/run_scenario_jellyfish_bellman_ford_switch_down_20260607_083146/h3.pcap,a6:16:c4:c2:e2:e4,01:80:c2:00:00:0e,,,,,,60
2026-06-07T08:34:58.263687+00:00,jellyfish,bellman_ford,switch_down,run_scenario_jellyfish_bellman_ford_switch_down_20260607_083146,h3,jellyfish/bellman_ford/switch_down/run_scenario_jellyfish_bellman_ford_switch_down_20260607_083146/h3.pcap,a6:16:c4:c2:e2:e4,01:80:c2:00:00:0e,,,,,,60
2026-06-07T08:35:00.301309+00:00,jellyfish,bellman_ford,switch_down,run_scenario_jellyfish_bellman_ford_switch_down_20260607_083146,h3,jellyfish/bellman_ford/switch_down/run_scenario_jellyfish_bellman_ford_switch_down_20260607_083146/h3.pcap,a6:16:c4:c2:e2:e4,01:80:c2:00:00:0e,,,,,,60
2026-06-07T08:35:02.338295+00:00,jellyfish,bellman_ford,switch_down,run_scenario_jellyfish_bellman_ford_switch_down_20260607_083146,h3,jellyfish/bellman_ford/switch_down/run_scenario_jellyfish_bellman_ford_switch_down_20260607_083146/h3.pcap,a6:16:c4:c2:e2:e4,01:80:c2:00:00:0e,,,,,,60
2026-06-07T08:35:04.369596+00:00,jellyfish,bellman_ford,switch_down,run_scenario_jellyfish_bellman_ford_switch_down_20260607_083146,h3,jellyfish/bellman_ford/switch_down/run_scenario_jellyfish_bellman_ford_switch_down_20260607_083146/h3.pcap,a6:16:c4:c2:e2:e4,01:80:c2:00:00:0e,,,,,,60
2026-06-07T08:35:09.131371+00:00,jellyfish,bellman_ford,switch_down,run_scenario_jellyfish_bellman_ford_switch_down_20260607_083146,h3,jellyfish/bellman_ford/switch_down/run_scenario_jellyfish_bellman_ford_switch_down_20260607_083146/h3.pcap,a6:16:c4:c2:e2:e4,01:80:c2:00:00:0e,,,,,,60
2026-06-07T08:35:11.163828+00:00,jellyfish,bellman_ford,switch_down,run_scenario_jellyfish_bellman_ford_switch_down_20260607_083146,h3,jellyfish/bellman_ford/switch_down/run_scenario_jellyfish_bellman_ford_switch_down_20260607_083146/h3.pcap,a6:16:c4:c2:e2:e4,01:80:c2:00:00:0e,,,,,,60
2026-06-07T08:35:13.197577+00:00,jellyfish,bellman_ford,switch_down,run_scenario_jellyfish_bellman_ford_switch_down_20260607_083146,h3,jellyfish/bellman_ford/switch_down/run_scenario_jellyfish_bellman_ford_switch_down_20260607_083146/h3.pcap,a6:16:c4:c2:e2:e4,01:80:c2:00:00:0e,,,,,,60
2026-06-07T08:35:15.232695+00:00,jellyfish,bellman_ford,switch_down,run_scenario_jellyfish_bellman_ford_switch_down_20260607_083146,h3,jellyfish/bellman_ford/switch_down/run_scenario_jellyfish_bellman_ford_switch_down_20260607_083146/h3.pcap,a6:16:c4:c2:e2:e4,01:80:c2:00:00:0e,,,,,,60
2026-06-07T08:35:17.270949+00:00,jellyfish,bellman_ford,switch_down,run_scenario_jellyfish_bellman_ford_switch_down_20260607_083146,h3,jellyfish/bellman_ford/switch_down/run_scenario_jellyfish_bellman_ford_switch_down_20260607_083146/h3.pcap,a6:16:c4:c2:e2:e4,01:80:c2:00:00:0e,,,,,,60
2026-06-07T08:35:19.301322+00:00,jellyfish,bellman_ford,switch_down,run_scenario_jellyfish_bellman_ford_switch_down_20260607_083146,h3,jellyfish/bellman_ford/switch_down/run_scenario_jellyfish_bellman_ford_switch_down_20260607_083146/h3.pcap,a6:16:c4:c2:e2:e4,01:80:c2:00:00:0e,,,,,,60
2026-06-07T08:35:21.336202+00:00,jellyfish,bellman_ford,switch_down,run_scenario_jellyfish_bellman_ford_switch_down_20260607_083146,h3,jellyfish/bellman_ford/switch_down/run_scenario_jellyfish_bellman_ford_switch_down_20260607_083146/h3.pcap,a6:16:c4:c2:e2:e4,01:80:c2:00:00:0e,,,,,,60
2026-06-07T08:35:23.373217+00:00,jellyfish,bellman_ford,switch_down,run_scenario_jellyfish_bellman_ford_switch_down_20260607_083146,h3,jellyfish/bellman_ford/switch_down/run_scenario_jellyfish_bellman_ford_switch_down_20260607_083146/h3.pcap,a6:16:c4:c2:e2:e4,01:80:c2:00:00:0e,,,,,,60
2026-06-07T08:35:25.403823+00:00,jellyfish,bellman_ford,switch_down,run_scenario_jellyfish_bellman_ford_switch_down_20260607_083146,h3,jellyfish/bellman_ford/switch_down/run_scenario_jellyfish_bellman_ford_switch_down_20260607_083146/h3.pcap,a6:16:c4:c2:e2:e4,01:80:c2:00:00:0e,,,,,,60
2026-06-07T08:35:27.434625+00:00,jellyfish,bellman_ford,switch_down,run_scenario_jellyfish_bellman_ford_switch_down_20260607_083146,h3,jellyfish/bellman_ford/switch_down/run_scenario_jellyfish_bellman_ford_switch_down_20260607_083146/h3.pcap,a6:16:c4:c2:e2:e4,01:80:c2:00:00:0e,,,,,,60
2026-06-07T08:35:29.467318+00:00,jellyfish,bellman_ford,switch_down,run_scenario_jellyfish_bellman_ford_switch_down_20260607_083146,h3,jellyfish/bellman_ford/switch_down/run_scenario_jellyfish_bellman_ford_switch_down_20260607_083146/h3.pcap,a6:16:c4:c2:e2:e4,01:80:c2:00:00:0e,,,,,,60
2026-06-07T08:35:31.503312+00:00,jellyfish,bellman_ford,switch_down,run_scenario_jellyfish_bellman_ford_switch_down_20260607_083146,h3,jellyfish/bellman_ford/switch_down/run_scenario_jellyfish_bellman_ford_switch_down_20260607_083146/h3.pcap,a6:16:c4:c2:e2:e4,01:80:c2:00:00:0e,,,,,,60
2026-06-07T08:35:33.539097+00:00,jellyfish,bellman_ford,switch_down,run_scenario_jellyfish_bellman_ford_switch_down_20260607_083146,h3,jellyfish/bellman_ford/switch_down/run_scenario_jellyfish_bellman_ford_switch_down_20260607_083146/h3.pcap,a6:16:c4:c2:e2:e4,01:80:c2:00:00:0e,,,,,,60
2026-06-07T08:35:35.572711+00:00,jellyfish,bellman_ford,switch_down,run_scenario_jellyfish_bellman_ford_switch_down_20260607_083146,h3,jellyfish/bellman_ford/switch_down/run_scenario_jellyfish_bellman_ford_switch_down_20260607_083146/h3.pcap,a6:16:c4:c2:e2:e4,01:80:c2:00:00:0e,,,,,,60
2026-06-07T08:35:36.856329+00:00,jellyfish,bellman_ford,switch_down,run_scenario_jellyfish_bellman_ford_switch_down_20260607_083146,h3,jellyfish/bellman_ford/switch_down/run_scenario_jellyfish_bellman_ford_switch_down_20260607_083146/h3.pcap,a6:16:c4:c2:e2:e4,01:80:c2:00:00:0e,,,,,,60
2026-06-07T08:35:42.364166+00:00,jellyfish,bellman_ford,switch_down,run_scenario_jellyfish_bellman_ford_switch_down_20260607_083146,h3,jellyfish/bellman_ford/switch_down/run_scenario_jellyfish_bellman_ford_switch_down_20260607_083146/h3.pcap,a6:16:c4:c2:e2:e4,01:80:c2:00:00:0e,,,,,,60
2026-06-07T08:35:44.400733+00:00,jellyfish,bellman_ford,switch_down,run_scenario_jellyfish_bellman_ford_switch_down_20260607_083146,h3,jellyfish/bellman_ford/switch_down/run_scenario_jellyfish_bellman_ford_switch_down_20260607_083146/h3.pcap,a6:16:c4:c2:e2:e4,01:80:c2:00:00:0e,,,,,,60
2026-06-07T08:35:46.433312+00:00,jellyfish,bellman_ford,switch_down,run_scenario_jellyfish_bellman_ford_switch_down_20260607_083146,h3,jellyfish/bellman_ford/switch_down/run_scenario_jellyfish_bellman_ford_switch_down_20260607_083146/h3.pcap,a6:16:c4:c2:e2:e4,01:80:c2:00:00:0e,,,,,,60
2026-06-07T08:35:48.466988+00:00,jellyfish,bellman_ford,switch_down,run_scenario_jellyfish_bellman_ford_switch_down_20260607_083146,h3,jellyfish/bellman_ford/switch_down/run_scenario_jellyfish_bellman_ford_switch_down_20260607_083146/h3.pcap,a6:16:c4:c2:e2:e4,01:80:c2:00:00:0e,,,,,,60
2026-06-07T08:35:50.500971+00:00,jellyfish,bellman_ford,switch_down,run_scenario_jellyfish_bellman_ford_switch_down_20260607_083146,h3,jellyfish/bellman_ford/switch_down/run_scenario_jellyfish_bellman_ford_switch_down_20260607_083146/h3.pcap,a6:16:c4:c2:e2:e4,01:80:c2:00:00:0e,,,,,,60
2026-06-07T08:35:52.533616+00:00,jellyfish,bellman_ford,switch_down,run_scenario_jellyfish_bellman_ford_switch_down_20260607_083146,h3,jellyfish/bellman_ford/switch_down/run_scenario_jellyfish_bellman_ford_switch_down_20260607_083146/h3.pcap,a6:16:c4:c2:e2:e4,01:80:c2:00:00:0e,,,,,,60
2026-06-07T08:35:54.569496+00:00,jellyfish,bellman_ford,switch_down,run_scenario_jellyfish_bellman_ford_switch_down_20260607_083146,h3,jellyfish/bellman_ford/switch_down/run_scenario_jellyfish_bellman_ford_switch_down_20260607_083146/h3.pcap,a6:16:c4:c2:e2:e4,01:80:c2:00:00:0e,,,,,,60
2026-06-07T08:35:56.604659+00:00,jellyfish,bellman_ford,switch_down,run_scenario_jellyfish_bellman_ford_switch_down_20260607_083146,h3,jellyfish/bellman_ford/switch_down/run_scenario_jellyfish_bellman_ford_switch_down_20260607_083146/h3.pcap,a6:16:c4:c2:e2:e4,01:80:c2:00:00:0e,,,,,,60
2026-06-07T08:35:58.640194+00:00,jellyfish,bellman_ford,switch_down,run_scenario_jellyfish_bellman_ford_switch_down_20260607_083146,h3,jellyfish/bellman_ford/switch_down/run_scenario_jellyfish_bellman_ford_switch_down_20260607_083146/h3.pcap,a6:16:c4:c2:e2:e4,01:80:c2:00:00:0e,,,,,,60
2026-06-07T08:36:00.680372+00:00,jellyfish,bellman_ford,switch_down,run_scenario_jellyfish_bellman_ford_switch_down_20260607_083146,h3,jellyfish/bellman_ford/switch_down/run_scenario_jellyfish_bellman_ford_switch_down_20260607_083146/h3.pcap,a6:16:c4:c2:e2:e4,01:80:c2:00:00:0e,,,,,,60
2026-06-07T08:36:02.711730+00:00,jellyfish,bellman_ford,switch_down,run_scenario_jellyfish_bellman_ford_switch_down_20260607_083146,h3,jellyfish/bellman_ford/switch_down/run_scenario_jellyfish_bellman_ford_switch_down_20260607_083146/h3.pcap,a6:16:c4:c2:e2:e4,01:80:c2:00:00:0e,,,,,,60
2026-06-07T08:36:04.744363+00:00,jellyfish,bellman_ford,switch_down,run_scenario_jellyfish_bellman_ford_switch_down_20260607_083146,h3,jellyfish/bellman_ford/switch_down/run_scenario_jellyfish_bellman_ford_switch_down_20260607_083146/h3.pcap,a6:16:c4:c2:e2:e4,01:80:c2:00:00:0e,,,,,,60
2026-06-07T08:36:06.775302+00:00,jellyfish,bellman_ford,switch_down,run_scenario_jellyfish_bellman_ford_switch_down_20260607_083146,h3,jellyfish/bellman_ford/switch_down/run_scenario_jellyfish_bellman_ford_switch_down_20260607_083146/h3.pcap,a6:16:c4:c2:e2:e4,01:80:c2:00:00:0e,,,,,,60
2026-06-07T08:36:08.809300+00:00,jellyfish,bellman_ford,switch_down,run_scenario_jellyfish_bellman_ford_switch_down_20260607_083146,h3,jellyfish/bellman_ford/switch_down/run_scenario_jellyfish_bellman_ford_switch_down_20260607_083146/h3.pcap,a6:16:c4:c2:e2:e4,01:80:c2:00:00:0e,,,,,,60
2026-06-07T08:36:13.570701+00:00,jellyfish,bellman_ford,switch_down,run_scenario_jellyfish_bellman_ford_switch_down_20260607_083146,h3,jellyfish/bellman_ford/switch_down/run_scenario_jellyfish_bellman_ford_switch_down_20260607_083146/h3.pcap,a6:16:c4:c2:e2:e4,01:80:c2:00:00:0e,,,,,,60
2026-06-07T08:36:15.602144+00:00,jellyfish,bellman_ford,switch_down,run_scenario_jellyfish_bellman_ford_switch_down_20260607_083146,h3,jellyfish/bellman_ford/switch_down/run_scenario_jellyfish_bellman_ford_switch_down_20260607_083146/h3.pcap,a6:16:c4:c2:e2:e4,01:80:c2:00:00:0e,,,,,,60
2026-06-07T08:36:17.634304+00:00,jellyfish,bellman_ford,switch_down,run_scenario_jellyfish_bellman_ford_switch_down_20260607_083146,h3,jellyfish/bellman_ford/switch_down/run_scenario_jellyfish_bellman_ford_switch_down_20260607_083146/h3.pcap,a6:16:c4:c2:e2:e4,01:80:c2:00:00:0e,,,,,,60
2026-06-07T08:36:19.669927+00:00,jellyfish,bellman_ford,switch_down,run_scenario_jellyfish_bellman_ford_switch_down_20260607_083146,h3,jellyfish/bellman_ford/switch_down/run_scenario_jellyfish_bellman_ford_switch_down_20260607_083146/h3.pcap,a6:16:c4:c2:e2:e4,01:80:c2:00:00:0e,,,,,,60
2026-06-07T08:36:21.703665+00:00,jellyfish,bellman_ford,switch_down,run_scenario_jellyfish_bellman_ford_switch_down_20260607_083146,h3,jellyfish/bellman_ford/switch_down/run_scenario_jellyfish_bellman_ford_switch_down_20260607_083146/h3.pcap,a6:16:c4:c2:e2:e4,01:80:c2:00:00:0e,,,,,,60
2026-06-07T08:36:23.734825+00:00,jellyfish,bellman_ford,switch_down,run_scenario_jellyfish_bellman_ford_switch_down_20260607_083146,h3,jellyfish/bellman_ford/switch_down/run_scenario_jellyfish_bellman_ford_switch_down_20260607_083146/h3.pcap,a6:16:c4:c2:e2:e4,01:80:c2:00:00:0e,,,,,,60
2026-06-07T08:36:25.771609+00:00,jellyfish,bellman_ford,switch_down,run_scenario_jellyfish_bellman_ford_switch_down_20260607_083146,h3,jellyfish/bellman_ford/switch_down/run_scenario_jellyfish_bellman_ford_switch_down_20260607_083146/h3.pcap,a6:16:c4:c2:e2:e4,01:80:c2:00:00:0e,,,,,,60
2026-06-07T08:36:27.804156+00:00,jellyfish,bellman_ford,switch_down,run_scenario_jellyfish_bellman_ford_switch_down_20260607_083146,h3,jellyfish/bellman_ford/switch_down/run_scenario_jellyfish_bellman_ford_switch_down_20260607_083146/h3.pcap,a6:16:c4:c2:e2:e4,01:80:c2:00:00:0e,,,,,,60
2026-06-07T08:36:29.835055+00:00,jellyfish,bellman_ford,switch_down,run_scenario_jellyfish_bellman_ford_switch_down_20260607_083146,h3,jellyfish/bellman_ford/switch_down/run_scenario_jellyfish_bellman_ford_switch_down_20260607_083146/h3.pcap,a6:16:c4:c2:e2:e4,01:80:c2:00:00:0e,,,,,,60
2026-06-07T08:36:31.869060+00:00,jellyfish,bellman_ford,switch_down,run_scenario_jellyfish_bellman_ford_switch_down_20260607_083146,h3,jellyfish/bellman_ford/switch_down/run_scenario_jellyfish_bellman_ford_switch_down_20260607_083146/h3.pcap,a6:16:c4:c2:e2:e4,01:80:c2:00:00:0e,,,,,,60
2026-06-07T08:36:33.901052+00:00,jellyfish,bellman_ford,switch_down,run_scenario_jellyfish_bellman_ford_switch_down_20260607_083146,h3,jellyfish/bellman_ford/switch_down/run_scenario_jellyfish_bellman_ford_switch_down_20260607_083146/h3.pcap,a6:16:c4:c2:e2:e4,01:80:c2:00:00:0e,,,,,,60
2026-06-07T08:36:35.932257+00:00,jellyfish,bellman_ford,switch_down,run_scenario_jellyfish_bellman_ford_switch_down_20260607_083146,h3,jellyfish/bellman_ford/switch_down/run_scenario_jellyfish_bellman_ford_switch_down_20260607_083146/h3.pcap,a6:16:c4:c2:e2:e4,01:80:c2:00:00:0e,,,,,,60
2026-06-07T08:36:36.580244+00:00,jellyfish,bellman_ford,switch_down,run_scenario_jellyfish_bellman_ford_switch_down_20260607_083146,h3,jellyfish/bellman_ford/switch_down/run_scenario_jellyfish_bellman_ford_switch_down_20260607_083146/h3.pcap,00:00:00:00:03:01,00:00:00:00:00:01,10.0.0.4,10.0.0.1,IP,,,96
2026-06-07T08:36:36.589385+00:00,jellyfish,bellman_ford,switch_down,run_scenario_jellyfish_bellman_ford_switch_down_20260607_083146,h3,jellyfish/bellman_ford/switch_down/run_scenario_jellyfish_bellman_ford_switch_down_20260607_083146/h3.pcap,00:00:00:00:00:01,00:00:00:00:03:01,10.0.0.1,10.0.0.4,IP,,,96
2026-06-07T08:36:36.593561+00:00,jellyfish,bellman_ford,switch_down,run_scenario_jellyfish_bellman_ford_switch_down_20260607_083146,h3,jellyfish/bellman_ford/switch_down/run_scenario_jellyfish_bellman_ford_switch_down_20260607_083146/h3.pcap,00:00:00:00:03:01,00:00:00:00:01:01,10.0.0.4,10.0.0.2,IP,,,96
2026-06-07T08:36:37.965941+00:00,jellyfish,bellman_ford,switch_down,run_scenario_jellyfish_bellman_ford_switch_down_20260607_083146,h3,jellyfish/bellman_ford/switch_down/run_scenario_jellyfish_bellman_ford_switch_down_20260607_083146/h3.pcap,a6:16:c4:c2:e2:e4,01:80:c2:00:00:0e,,,,,,60
2026-06-07T08:36:39.999136+00:00,jellyfish,bellman_ford,switch_down,run_scenario_jellyfish_bellman_ford_switch_down_20260607_083146,h3,jellyfish/bellman_ford/switch_down/run_scenario_jellyfish_bellman_ford_switch_down_20260607_083146/h3.pcap,a6:16:c4:c2:e2:e4,01:80:c2:00:00:0e,,,,,,60
2026-06-07T08:36:42.033443+00:00,jellyfish,bellman_ford,switch_down,run_scenario_jellyfish_bellman_ford_switch_down_20260607_083146,h3,jellyfish/bellman_ford/switch_down/run_scenario_jellyfish_bellman_ford_switch_down_20260607_083146/h3.pcap,a6:16:c4:c2:e2:e4,01:80:c2:00:00:0e,,,,,,60
2026-06-07T08:36:46.795149+00:00,jellyfish,bellman_ford,switch_down,run_scenario_jellyfish_bellman_ford_switch_down_20260607_083146,h3,jellyfish/bellman_ford/switch_down/run_scenario_jellyfish_bellman_ford_switch_down_20260607_083146/h3.pcap,a6:16:c4:c2:e2:e4,01:80:c2:00:00:0e,,,,,,60
2026-06-07T08:36:48.830280+00:00,jellyfish,bellman_ford,switch_down,run_scenario_jellyfish_bellman_ford_switch_down_20260607_083146,h3,jellyfish/bellman_ford/switch_down/run_scenario_jellyfish_bellman_ford_switch_down_20260607_083146/h3.pcap,a6:16:c4:c2:e2:e4,01:80:c2:00:00:0e,,,,,,60
2026-06-07T08:36:49.326281+00:00,jellyfish,bellman_ford,switch_down,run_scenario_jellyfish_bellman_ford_switch_down_20260607_083146,h3,jellyfish/bellman_ford/switch_down/run_scenario_jellyfish_bellman_ford_switch_down_20260607_083146/h3.pcap,00:00:00:00:03:01,00:00:00:00:02:01,10.0.0.4,10.0.0.3,IP,,,96
2026-06-07T08:36:49.337512+00:00,jellyfish,bellman_ford,switch_down,run_scenario_jellyfish_bellman_ford_switch_down_20260607_083146,h3,jellyfish/bellman_ford/switch_down/run_scenario_jellyfish_bellman_ford_switch_down_20260607_083146/h3.pcap,00:00:00:00:02:01,00:00:00:00:03:01,10.0.0.3,10.0.0.4,IP,,,96
2026-06-07T08:36:49.342010+00:00,jellyfish,bellman_ford,switch_down,run_scenario_jellyfish_bellman_ford_switch_down_20260607_083146,h3,jellyfish/bellman_ford/switch_down/run_scenario_jellyfish_bellman_ford_switch_down_20260607_083146/h3.pcap,00:00:00:00:03:01,00:00:00:00:04:01,10.0.0.4,10.0.0.5,IP,,,96
2026-06-07T08:36:50.871997+00:00,jellyfish,bellman_ford,switch_down,run_scenario_jellyfish_bellman_ford_switch_down_20260607_083146,h3,jellyfish/bellman_ford/switch_down/run_scenario_jellyfish_bellman_ford_switch_down_20260607_083146/h3.pcap,a6:16:c4:c2:e2:e4,01:80:c2:00:00:0e,,,,,,60
2026-06-07T08:36:52.908677+00:00,jellyfish,bellman_ford,switch_down,run_scenario_jellyfish_bellman_ford_switch_down_20260607_083146,h3,jellyfish/bellman_ford/switch_down/run_scenario_jellyfish_bellman_ford_switch_down_20260607_083146/h3.pcap,a6:16:c4:c2:e2:e4,01:80:c2:00:00:0e,,,,,,60
2026-06-07T08:36:54.944804+00:00,jellyfish,bellman_ford,switch_down,run_scenario_jellyfish_bellman_ford_switch_down_20260607_083146,h3,jellyfish/bellman_ford/switch_down/run_scenario_jellyfish_bellman_ford_switch_down_20260607_083146/h3.pcap,a6:16:c4:c2:e2:e4,01:80:c2:00:00:0e,,,,,,60
2026-06-07T08:36:56.979635+00:00,jellyfish,bellman_ford,switch_down,run_scenario_jellyfish_bellman_ford_switch_down_20260607_083146,h3,jellyfish/bellman_ford/switch_down/run_scenario_jellyfish_bellman_ford_switch_down_20260607_083146/h3.pcap,a6:16:c4:c2:e2:e4,01:80:c2:00:00:0e,,,,,,60
2026-06-07T08:36:59.012218+00:00,jellyfish,bellman_ford,switch_down,run_scenario_jellyfish_bellman_ford_switch_down_20260607_083146,h3,jellyfish/bellman_ford/switch_down/run_scenario_jellyfish_bellman_ford_switch_down_20260607_083146/h3.pcap,a6:16:c4:c2:e2:e4,01:80:c2:00:00:0e,,,,,,60
2026-06-07T08:36:59.347710+00:00,jellyfish,bellman_ford,switch_down,run_scenario_jellyfish_bellman_ford_switch_down_20260607_083146,h3,jellyfish/bellman_ford/switch_down/run_scenario_jellyfish_bellman_ford_switch_down_20260607_083146/h3.pcap,00:00:00:00:03:01,00:00:00:00:05:01,10.0.0.4,10.0.0.6,IP,,,96
2026-06-07T08:37:01.048752+00:00,jellyfish,bellman_ford,switch_down,run_scenario_jellyfish_bellman_ford_switch_down_20260607_083146,h3,jellyfish/bellman_ford/switch_down/run_scenario_jellyfish_bellman_ford_switch_down_20260607_083146/h3.pcap,a6:16:c4:c2:e2:e4,01:80:c2:00:00:0e,,,,,,60
2026-06-07T08:37:03.085120+00:00,jellyfish,bellman_ford,switch_down,run_scenario_jellyfish_bellman_ford_switch_down_20260607_083146,h3,jellyfish/bellman_ford/switch_down/run_scenario_jellyfish_bellman_ford_switch_down_20260607_083146/h3.pcap,a6:16:c4:c2:e2:e4,01:80:c2:00:00:0e,,,,,,60
2026-06-07T08:37:05.124015+00:00,jellyfish,bellman_ford,switch_down,run_scenario_jellyfish_bellman_ford_switch_down_20260607_083146,h3,jellyfish/bellman_ford/switch_down/run_scenario_jellyfish_bellman_ford_switch_down_20260607_083146/h3.pcap,a6:16:c4:c2:e2:e4,01:80:c2:00:00:0e,,,,,,60
2026-06-07T08:37:07.161379+00:00,jellyfish,bellman_ford,switch_down,run_scenario_jellyfish_bellman_ford_switch_down_20260607_083146,h3,jellyfish/bellman_ford/switch_down/run_scenario_jellyfish_bellman_ford_switch_down_20260607_083146/h3.pcap,a6:16:c4:c2:e2:e4,01:80:c2:00:00:0e,,,,,,60
2026-06-07T08:37:09.199460+00:00,jellyfish,bellman_ford,switch_down,run_scenario_jellyfish_bellman_ford_switch_down_20260607_083146,h3,jellyfish/bellman_ford/switch_down/run_scenario_jellyfish_bellman_ford_switch_down_20260607_083146/h3.pcap,a6:16:c4:c2:e2:e4,01:80:c2:00:00:0e,,,,,,60
2026-06-07T08:37:09.353563+00:00,jellyfish,bellman_ford,switch_down,run_scenario_jellyfish_bellman_ford_switch_down_20260607_083146,h3,jellyfish/bellman_ford/switch_down/run_scenario_jellyfish_bellman_ford_switch_down_20260607_083146/h3.pcap,00:00:00:00:03:01,00:00:00:00:06:01,10.0.0.4,10.0.0.7,IP,,,96
2026-06-07T08:37:11.232559+00:00,jellyfish,bellman_ford,switch_down,run_scenario_jellyfish_bellman_ford_switch_down_20260607_083146,h3,jellyfish/bellman_ford/switch_down/run_scenario_jellyfish_bellman_ford_switch_down_20260607_083146/h3.pcap,a6:16:c4:c2:e2:e4,01:80:c2:00:00:0e,,,,,,60
2026-06-07T08:37:13.263609+00:00,jellyfish,bellman_ford,switch_down,run_scenario_jellyfish_bellman_ford_switch_down_20260607_083146,h3,jellyfish/bellman_ford/switch_down/run_scenario_jellyfish_bellman_ford_switch_down_20260607_083146/h3.pcap,a6:16:c4:c2:e2:e4,01:80:c2:00:00:0e,,,,,,60
2026-06-07T08:37:15.294784+00:00,jellyfish,bellman_ford,switch_down,run_scenario_jellyfish_bellman_ford_switch_down_20260607_083146,h3,jellyfish/bellman_ford/switch_down/run_scenario_jellyfish_bellman_ford_switch_down_20260607_083146/h3.pcap,a6:16:c4:c2:e2:e4,01:80:c2:00:00:0e,,,,,,60
2026-06-07T08:37:20.052209+00:00,jellyfish,bellman_ford,switch_down,run_scenario_jellyfish_bellman_ford_switch_down_20260607_083146,h3,jellyfish/bellman_ford/switch_down/run_scenario_jellyfish_bellman_ford_switch_down_20260607_083146/h3.pcap,a6:16:c4:c2:e2:e4,01:80:c2:00:00:0e,,,,,,60
2026-06-07T08:37:22.082318+00:00,jellyfish,bellman_ford,switch_down,run_scenario_jellyfish_bellman_ford_switch_down_20260607_083146,h3,jellyfish/bellman_ford/switch_down/run_scenario_jellyfish_bellman_ford_switch_down_20260607_083146/h3.pcap,00:00:00:00:03:01,00:00:00:00:07:01,10.0.0.4,10.0.0.8,IP,,,96
2026-06-07T08:37:22.088821+00:00,jellyfish,bellman_ford,switch_down,run_scenario_jellyfish_bellman_ford_switch_down_20260607_083146,h3,jellyfish/bellman_ford/switch_down/run_scenario_jellyfish_bellman_ford_switch_down_20260607_083146/h3.pcap,a6:16:c4:c2:e2:e4,01:80:c2:00:00:0e,,,,,,60
2026-06-07T08:37:24.122375+00:00,jellyfish,bellman_ford,switch_down,run_scenario_jellyfish_bellman_ford_switch_down_20260607_083146,h3,jellyfish/bellman_ford/switch_down/run_scenario_jellyfish_bellman_ford_switch_down_20260607_083146/h3.pcap,a6:16:c4:c2:e2:e4,01:80:c2:00:00:0e,,,,,,60
2026-06-07T08:37:26.155988+00:00,jellyfish,bellman_ford,switch_down,run_scenario_jellyfish_bellman_ford_switch_down_20260607_083146,h3,jellyfish/bellman_ford/switch_down/run_scenario_jellyfish_bellman_ford_switch_down_20260607_083146/h3.pcap,a6:16:c4:c2:e2:e4,01:80:c2:00:00:0e,,,,,,60
2026-06-07T08:37:28.196831+00:00,jellyfish,bellman_ford,switch_down,run_scenario_jellyfish_bellman_ford_switch_down_20260607_083146,h3,jellyfish/bellman_ford/switch_down/run_scenario_jellyfish_bellman_ford_switch_down_20260607_083146/h3.pcap,a6:16:c4:c2:e2:e4,01:80:c2:00:00:0e,,,,,,60
2026-06-07T08:37:30.235013+00:00,jellyfish,bellman_ford,switch_down,run_scenario_jellyfish_bellman_ford_switch_down_20260607_083146,h3,jellyfish/bellman_ford/switch_down/run_scenario_jellyfish_bellman_ford_switch_down_20260607_083146/h3.pcap,a6:16:c4:c2:e2:e4,01:80:c2:00:00:0e,,,,,,60
2026-06-07T08:37:32.088231+00:00,jellyfish,bellman_ford,switch_down,run_scenario_jellyfish_bellman_ford_switch_down_20260607_083146,h3,jellyfish/bellman_ford/switch_down/run_scenario_jellyfish_bellman_ford_switch_down_20260607_083146/h3.pcap,00:00:00:00:03:01,00:00:00:00:08:01,10.0.0.4,10.0.0.9,IP,,,96
2026-06-07T08:37:32.275838+00:00,jellyfish,bellman_ford,switch_down,run_scenario_jellyfish_bellman_ford_switch_down_20260607_083146,h3,jellyfish/bellman_ford/switch_down/run_scenario_jellyfish_bellman_ford_switch_down_20260607_083146/h3.pcap,a6:16:c4:c2:e2:e4,01:80:c2:00:00:0e,,,,,,60
2026-06-07T08:37:34.315099+00:00,jellyfish,bellman_ford,switch_down,run_scenario_jellyfish_bellman_ford_switch_down_20260607_083146,h3,jellyfish/bellman_ford/switch_down/run_scenario_jellyfish_bellman_ford_switch_down_20260607_083146/h3.pcap,a6:16:c4:c2:e2:e4,01:80:c2:00:00:0e,,,,,,60
2026-06-07T08:37:36.355270+00:00,jellyfish,bellman_ford,switch_down,run_scenario_jellyfish_bellman_ford_switch_down_20260607_083146,h3,jellyfish/bellman_ford/switch_down/run_scenario_jellyfish_bellman_ford_switch_down_20260607_083146/h3.pcap,a6:16:c4:c2:e2:e4,01:80:c2:00:00:0e,,,,,,60
2026-06-07T08:37:38.388971+00:00,jellyfish,bellman_ford,switch_down,run_scenario_jellyfish_bellman_ford_switch_down_20260607_083146,h3,jellyfish/bellman_ford/switch_down/run_scenario_jellyfish_bellman_ford_switch_down_20260607_083146/h3.pcap,a6:16:c4:c2:e2:e4,01:80:c2:00:00:0e,,,,,,60
2026-06-07T08:37:40.425722+00:00,jellyfish,bellman_ford,switch_down,run_scenario_jellyfish_bellman_ford_switch_down_20260607_083146,h3,jellyfish/bellman_ford/switch_down/run_scenario_jellyfish_bellman_ford_switch_down_20260607_083146/h3.pcap,a6:16:c4:c2:e2:e4,01:80:c2:00:00:0e,,,,,,60
2026-06-07T08:37:42.092385+00:00,jellyfish,bellman_ford,switch_down,run_scenario_jellyfish_bellman_ford_switch_down_20260607_083146,h3,jellyfish/bellman_ford/switch_down/run_scenario_jellyfish_bellman_ford_switch_down_20260607_083146/h3.pcap,00:00:00:00:03:01,00:00:00:00:09:01,10.0.0.4,10.0.0.10,IP,,,96
2026-06-07T08:37:42.456757+00:00,jellyfish,bellman_ford,switch_down,run_scenario_jellyfish_bellman_ford_switch_down_20260607_083146,h3,jellyfish/bellman_ford/switch_down/run_scenario_jellyfish_bellman_ford_switch_down_20260607_083146/h3.pcap,a6:16:c4:c2:e2:e4,01:80:c2:00:00:0e,,,,,,60
2026-06-07T08:37:44.487853+00:00,jellyfish,bellman_ford,switch_down,run_scenario_jellyfish_bellman_ford_switch_down_20260607_083146,h3,jellyfish/bellman_ford/switch_down/run_scenario_jellyfish_bellman_ford_switch_down_20260607_083146/h3.pcap,a6:16:c4:c2:e2:e4,01:80:c2:00:00:0e,,,,,,60
2026-06-07T08:37:46.526809+00:00,jellyfish,bellman_ford,switch_down,run_scenario_jellyfish_bellman_ford_switch_down_20260607_083146,h3,jellyfish/bellman_ford/switch_down/run_scenario_jellyfish_bellman_ford_switch_down_20260607_083146/h3.pcap,a6:16:c4:c2:e2:e4,01:80:c2:00:00:0e,,,,,,60
2026-06-07T08:37:47.823269+00:00,jellyfish,bellman_ford,switch_down,run_scenario_jellyfish_bellman_ford_switch_down_20260607_083146,h3,jellyfish/bellman_ford/switch_down/run_scenario_jellyfish_bellman_ford_switch_down_20260607_083146/h3.pcap,a6:16:c4:c2:e2:e4,01:80:c2:00:00:0e,,,,,,60
2026-06-07T08:37:53.329269+00:00,jellyfish,bellman_ford,switch_down,run_scenario_jellyfish_bellman_ford_switch_down_20260607_083146,h3,jellyfish/bellman_ford/switch_down/run_scenario_jellyfish_bellman_ford_switch_down_20260607_083146/h3.pcap,a6:16:c4:c2:e2:e4,01:80:c2:00:00:0e,,,,,,60
2026-06-07T08:37:55.365225+00:00,jellyfish,bellman_ford,switch_down,run_scenario_jellyfish_bellman_ford_switch_down_20260607_083146,h3,jellyfish/bellman_ford/switch_down/run_scenario_jellyfish_bellman_ford_switch_down_20260607_083146/h3.pcap,a6:16:c4:c2:e2:e4,01:80:c2:00:00:0e,,,,,,60
2026-06-07T08:37:57.400831+00:00,jellyfish,bellman_ford,switch_down,run_scenario_jellyfish_bellman_ford_switch_down_20260607_083146,h3,jellyfish/bellman_ford/switch_down/run_scenario_jellyfish_bellman_ford_switch_down_20260607_083146/h3.pcap,a6:16:c4:c2:e2:e4,01:80:c2:00:00:0e,,,,,,60
2026-06-07T08:37:59.441959+00:00,jellyfish,bellman_ford,switch_down,run_scenario_jellyfish_bellman_ford_switch_down_20260607_083146,h3,jellyfish/bellman_ford/switch_down/run_scenario_jellyfish_bellman_ford_switch_down_20260607_083146/h3.pcap,a6:16:c4:c2:e2:e4,01:80:c2:00:00:0e,,,,,,60
2026-06-07T08:38:01.482421+00:00,jellyfish,bellman_ford,switch_down,run_scenario_jellyfish_bellman_ford_switch_down_20260607_083146,h3,jellyfish/bellman_ford/switch_down/run_scenario_jellyfish_bellman_ford_switch_down_20260607_083146/h3.pcap,a6:16:c4:c2:e2:e4,01:80:c2:00:00:0e,,,,,,60
2026-06-07T08:38:03.519788+00:00,jellyfish,bellman_ford,switch_down,run_scenario_jellyfish_bellman_ford_switch_down_20260607_083146,h3,jellyfish/bellman_ford/switch_down/run_scenario_jellyfish_bellman_ford_switch_down_20260607_083146/h3.pcap,a6:16:c4:c2:e2:e4,01:80:c2:00:00:0e,,,,,,60
2026-06-07T08:38:04.871642+00:00,jellyfish,bellman_ford,switch_down,run_scenario_jellyfish_bellman_ford_switch_down_20260607_083146,h3,jellyfish/bellman_ford/switch_down/run_scenario_jellyfish_bellman_ford_switch_down_20260607_083146/h3.pcap,00:00:00:00:04:01,00:00:00:00:03:01,10.0.0.5,10.0.0.4,IP,,,96
2026-06-07T08:38:04.871694+00:00,jellyfish,bellman_ford,switch_down,run_scenario_jellyfish_bellman_ford_switch_down_20260607_083146,h3,jellyfish/bellman_ford/switch_down/run_scenario_jellyfish_bellman_ford_switch_down_20260607_083146/h3.pcap,00:00:00:00:03:01,00:00:00:00:04:01,10.0.0.4,10.0.0.5,IP,,,96
2026-06-07T08:38:05.559371+00:00,jellyfish,bellman_ford,switch_down,run_scenario_jellyfish_bellman_ford_switch_down_20260607_083146,h3,jellyfish/bellman_ford/switch_down/run_scenario_jellyfish_bellman_ford_switch_down_20260607_083146/h3.pcap,a6:16:c4:c2:e2:e4,01:80:c2:00:00:0e,,,,,,60
2026-06-07T08:38:07.595179+00:00,jellyfish,bellman_ford,switch_down,run_scenario_jellyfish_bellman_ford_switch_down_20260607_083146,h3,jellyfish/bellman_ford/switch_down/run_scenario_jellyfish_bellman_ford_switch_down_20260607_083146/h3.pcap,a6:16:c4:c2:e2:e4,01:80:c2:00:00:0e,,,,,,60
2026-06-07T08:38:09.631665+00:00,jellyfish,bellman_ford,switch_down,run_scenario_jellyfish_bellman_ford_switch_down_20260607_083146,h3,jellyfish/bellman_ford/switch_down/run_scenario_jellyfish_bellman_ford_switch_down_20260607_083146/h3.pcap,a6:16:c4:c2:e2:e4,01:80:c2:00:00:0e,,,,,,60
2026-06-07T08:38:11.672224+00:00,jellyfish,bellman_ford,switch_down,run_scenario_jellyfish_bellman_ford_switch_down_20260607_083146,h3,jellyfish/bellman_ford/switch_down/run_scenario_jellyfish_bellman_ford_switch_down_20260607_083146/h3.pcap,a6:16:c4:c2:e2:e4,01:80:c2:00:00:0e,,,,,,60
2026-06-07T08:38:13.711729+00:00,jellyfish,bellman_ford,switch_down,run_scenario_jellyfish_bellman_ford_switch_down_20260607_083146,h3,jellyfish/bellman_ford/switch_down/run_scenario_jellyfish_bellman_ford_switch_down_20260607_083146/h3.pcap,a6:16:c4:c2:e2:e4,01:80:c2:00:00:0e,,,,,,60
2026-06-07T08:38:15.750539+00:00,jellyfish,bellman_ford,switch_down,run_scenario_jellyfish_bellman_ford_switch_down_20260607_083146,h3,jellyfish/bellman_ford/switch_down/run_scenario_jellyfish_bellman_ford_switch_down_20260607_083146/h3.pcap,a6:16:c4:c2:e2:e4,01:80:c2:00:00:0e,,,,,,60
2026-06-07T08:38:17.781949+00:00,jellyfish,bellman_ford,switch_down,run_scenario_jellyfish_bellman_ford_switch_down_20260607_083146,h3,jellyfish/bellman_ford/switch_down/run_scenario_jellyfish_bellman_ford_switch_down_20260607_083146/h3.pcap,a6:16:c4:c2:e2:e4,01:80:c2:00:00:0e,,,,,,60
2026-06-07T08:38:19.813211+00:00,jellyfish,bellman_ford,switch_down,run_scenario_jellyfish_bellman_ford_switch_down_20260607_083146,h3,jellyfish/bellman_ford/switch_down/run_scenario_jellyfish_bellman_ford_switch_down_20260607_083146/h3.pcap,a6:16:c4:c2:e2:e4,01:80:c2:00:00:0e,,,,,,60
2026-06-07T08:38:24.577819+00:00,jellyfish,bellman_ford,switch_down,run_scenario_jellyfish_bellman_ford_switch_down_20260607_083146,h3,jellyfish/bellman_ford/switch_down/run_scenario_jellyfish_bellman_ford_switch_down_20260607_083146/h3.pcap,a6:16:c4:c2:e2:e4,01:80:c2:00:00:0e,,,,,,60
2026-06-07T08:38:26.610789+00:00,jellyfish,bellman_ford,switch_down,run_scenario_jellyfish_bellman_ford_switch_down_20260607_083146,h3,jellyfish/bellman_ford/switch_down/run_scenario_jellyfish_bellman_ford_switch_down_20260607_083146/h3.pcap,a6:16:c4:c2:e2:e4,01:80:c2:00:00:0e,,,,,,60
2026-06-07T08:38:28.646237+00:00,jellyfish,bellman_ford,switch_down,run_scenario_jellyfish_bellman_ford_switch_down_20260607_083146,h3,jellyfish/bellman_ford/switch_down/run_scenario_jellyfish_bellman_ford_switch_down_20260607_083146/h3.pcap,a6:16:c4:c2:e2:e4,01:80:c2:00:00:0e,,,,,,60
2026-06-07T08:38:30.682426+00:00,jellyfish,bellman_ford,switch_down,run_scenario_jellyfish_bellman_ford_switch_down_20260607_083146,h3,jellyfish/bellman_ford/switch_down/run_scenario_jellyfish_bellman_ford_switch_down_20260607_083146/h3.pcap,a6:16:c4:c2:e2:e4,01:80:c2:00:00:0e,,,,,,60
2026-06-07T08:38:32.720305+00:00,jellyfish,bellman_ford,switch_down,run_scenario_jellyfish_bellman_ford_switch_down_20260607_083146,h3,jellyfish/bellman_ford/switch_down/run_scenario_jellyfish_bellman_ford_switch_down_20260607_083146/h3.pcap,a6:16:c4:c2:e2:e4,01:80:c2:00:00:0e,,,,,,60
2026-06-07T08:38:34.757473+00:00,jellyfish,bellman_ford,switch_down,run_scenario_jellyfish_bellman_ford_switch_down_20260607_083146,h3,jellyfish/bellman_ford/switch_down/run_scenario_jellyfish_bellman_ford_switch_down_20260607_083146/h3.pcap,a6:16:c4:c2:e2:e4,01:80:c2:00:00:0e,,,,,,60
2026-06-07T08:38:36.794270+00:00,jellyfish,bellman_ford,switch_down,run_scenario_jellyfish_bellman_ford_switch_down_20260607_083146,h3,jellyfish/bellman_ford/switch_down/run_scenario_jellyfish_bellman_ford_switch_down_20260607_083146/h3.pcap,a6:16:c4:c2:e2:e4,01:80:c2:00:00:0e,,,,,,60
2026-06-07T08:38:38.832104+00:00,jellyfish,bellman_ford,switch_down,run_scenario_jellyfish_bellman_ford_switch_down_20260607_083146,h3,jellyfish/bellman_ford/switch_down/run_scenario_jellyfish_bellman_ford_switch_down_20260607_083146/h3.pcap,a6:16:c4:c2:e2:e4,01:80:c2:00:00:0e,,,,,,60
2026-06-07T08:38:40.867098+00:00,jellyfish,bellman_ford,switch_down,run_scenario_jellyfish_bellman_ford_switch_down_20260607_083146,h3,jellyfish/bellman_ford/switch_down/run_scenario_jellyfish_bellman_ford_switch_down_20260607_083146/h3.pcap,a6:16:c4:c2:e2:e4,01:80:c2:00:00:0e,,,,,,60
2026-06-07T08:38:42.910035+00:00,jellyfish,bellman_ford,switch_down,run_scenario_jellyfish_bellman_ford_switch_down_20260607_083146,h3,jellyfish/bellman_ford/switch_down/run_scenario_jellyfish_bellman_ford_switch_down_20260607_083146/h3.pcap,a6:16:c4:c2:e2:e4,01:80:c2:00:00:0e,,,,,,60
2026-06-07T08:38:44.947637+00:00,jellyfish,bellman_ford,switch_down,run_scenario_jellyfish_bellman_ford_switch_down_20260607_083146,h3,jellyfish/bellman_ford/switch_down/run_scenario_jellyfish_bellman_ford_switch_down_20260607_083146/h3.pcap,a6:16:c4:c2:e2:e4,01:80:c2:00:00:0e,,,,,,60
2026-06-07T08:38:46.982951+00:00,jellyfish,bellman_ford,switch_down,run_scenario_jellyfish_bellman_ford_switch_down_20260607_083146,h3,jellyfish/bellman_ford/switch_down/run_scenario_jellyfish_bellman_ford_switch_down_20260607_083146/h3.pcap,a6:16:c4:c2:e2:e4,01:80:c2:00:00:0e,,,,,,60
2026-06-07T08:38:49.018543+00:00,jellyfish,bellman_ford,switch_down,run_scenario_jellyfish_bellman_ford_switch_down_20260607_083146,h3,jellyfish/bellman_ford/switch_down/run_scenario_jellyfish_bellman_ford_switch_down_20260607_083146/h3.pcap,a6:16:c4:c2:e2:e4,01:80:c2:00:00:0e,,,,,,60
2026-06-07T08:38:51.054145+00:00,jellyfish,bellman_ford,switch_down,run_scenario_jellyfish_bellman_ford_switch_down_20260607_083146,h3,jellyfish/bellman_ford/switch_down/run_scenario_jellyfish_bellman_ford_switch_down_20260607_083146/h3.pcap,a6:16:c4:c2:e2:e4,01:80:c2:00:00:0e,,,,,,60
2026-06-07T08:38:53.092295+00:00,jellyfish,bellman_ford,switch_down,run_scenario_jellyfish_bellman_ford_switch_down_20260607_083146,h3,jellyfish/bellman_ford/switch_down/run_scenario_jellyfish_bellman_ford_switch_down_20260607_083146/h3.pcap,a6:16:c4:c2:e2:e4,01:80:c2:00:00:0e,,,,,,60
2026-06-07T08:38:57.861544+00:00,jellyfish,bellman_ford,switch_down,run_scenario_jellyfish_bellman_ford_switch_down_20260607_083146,h3,jellyfish/bellman_ford/switch_down/run_scenario_jellyfish_bellman_ford_switch_down_20260607_083146/h3.pcap,a6:16:c4:c2:e2:e4,01:80:c2:00:00:0e,,,,,,60
2026-06-07T08:38:59.900201+00:00,jellyfish,bellman_ford,switch_down,run_scenario_jellyfish_bellman_ford_switch_down_20260607_083146,h3,jellyfish/bellman_ford/switch_down/run_scenario_jellyfish_bellman_ford_switch_down_20260607_083146/h3.pcap,a6:16:c4:c2:e2:e4,01:80:c2:00:00:0e,,,,,,60
2026-06-07T08:39:01.941690+00:00,jellyfish,bellman_ford,switch_down,run_scenario_jellyfish_bellman_ford_switch_down_20260607_083146,h3,jellyfish/bellman_ford/switch_down/run_scenario_jellyfish_bellman_ford_switch_down_20260607_083146/h3.pcap,a6:16:c4:c2:e2:e4,01:80:c2:00:00:0e,,,,,,60
2026-06-07T08:39:03.981749+00:00,jellyfish,bellman_ford,switch_down,run_scenario_jellyfish_bellman_ford_switch_down_20260607_083146,h3,jellyfish/bellman_ford/switch_down/run_scenario_jellyfish_bellman_ford_switch_down_20260607_083146/h3.pcap,a6:16:c4:c2:e2:e4,01:80:c2:00:00:0e,,,,,,60
2026-06-07T08:39:06.019662+00:00,jellyfish,bellman_ford,switch_down,run_scenario_jellyfish_bellman_ford_switch_down_20260607_083146,h3,jellyfish/bellman_ford/switch_down/run_scenario_jellyfish_bellman_ford_switch_down_20260607_083146/h3.pcap,a6:16:c4:c2:e2:e4,01:80:c2:00:00:0e,,,,,,60
2026-06-07T08:39:08.055848+00:00,jellyfish,bellman_ford,switch_down,run_scenario_jellyfish_bellman_ford_switch_down_20260607_083146,h3,jellyfish/bellman_ford/switch_down/run_scenario_jellyfish_bellman_ford_switch_down_20260607_083146/h3.pcap,a6:16:c4:c2:e2:e4,01:80:c2:00:00:0e,,,,,,60
2026-06-07T08:39:10.093217+00:00,jellyfish,bellman_ford,switch_down,run_scenario_jellyfish_bellman_ford_switch_down_20260607_083146,h3,jellyfish/bellman_ford/switch_down/run_scenario_jellyfish_bellman_ford_switch_down_20260607_083146/h3.pcap,a6:16:c4:c2:e2:e4,01:80:c2:00:00:0e,,,,,,60
2026-06-07T08:39:10.411571+00:00,jellyfish,bellman_ford,switch_down,run_scenario_jellyfish_bellman_ford_switch_down_20260607_083146,h3,jellyfish/bellman_ford/switch_down/run_scenario_jellyfish_bellman_ford_switch_down_20260607_083146/h3.pcap,00:00:00:00:05:01,00:00:00:00:03:01,10.0.0.6,10.0.0.4,IP,,,96
2026-06-07T08:39:10.411624+00:00,jellyfish,bellman_ford,switch_down,run_scenario_jellyfish_bellman_ford_switch_down_20260607_083146,h3,jellyfish/bellman_ford/switch_down/run_scenario_jellyfish_bellman_ford_switch_down_20260607_083146/h3.pcap,00:00:00:00:03:01,00:00:00:00:05:01,10.0.0.4,10.0.0.6,IP,,,96
2026-06-07T08:39:12.131126+00:00,jellyfish,bellman_ford,switch_down,run_scenario_jellyfish_bellman_ford_switch_down_20260607_083146,h3,jellyfish/bellman_ford/switch_down/run_scenario_jellyfish_bellman_ford_switch_down_20260607_083146/h3.pcap,a6:16:c4:c2:e2:e4,01:80:c2:00:00:0e,,,,,,60
2026-06-07T08:39:14.169305+00:00,jellyfish,bellman_ford,switch_down,run_scenario_jellyfish_bellman_ford_switch_down_20260607_083146,h3,jellyfish/bellman_ford/switch_down/run_scenario_jellyfish_bellman_ford_switch_down_20260607_083146/h3.pcap,a6:16:c4:c2:e2:e4,01:80:c2:00:00:0e,,,,,,60
2026-06-07T08:39:16.206440+00:00,jellyfish,bellman_ford,switch_down,run_scenario_jellyfish_bellman_ford_switch_down_20260607_083146,h3,jellyfish/bellman_ford/switch_down/run_scenario_jellyfish_bellman_ford_switch_down_20260607_083146/h3.pcap,a6:16:c4:c2:e2:e4,01:80:c2:00:00:0e,,,,,,60
2026-06-07T08:39:18.243773+00:00,jellyfish,bellman_ford,switch_down,run_scenario_jellyfish_bellman_ford_switch_down_20260607_083146,h3,jellyfish/bellman_ford/switch_down/run_scenario_jellyfish_bellman_ford_switch_down_20260607_083146/h3.pcap,a6:16:c4:c2:e2:e4,01:80:c2:00:00:0e,,,,,,60
2026-06-07T08:39:20.280382+00:00,jellyfish,bellman_ford,switch_down,run_scenario_jellyfish_bellman_ford_switch_down_20260607_083146,h3,jellyfish/bellman_ford/switch_down/run_scenario_jellyfish_bellman_ford_switch_down_20260607_083146/h3.pcap,a6:16:c4:c2:e2:e4,01:80:c2:00:00:0e,,,,,,60
2026-06-07T08:39:22.313045+00:00,jellyfish,bellman_ford,switch_down,run_scenario_jellyfish_bellman_ford_switch_down_20260607_083146,h3,jellyfish/bellman_ford/switch_down/run_scenario_jellyfish_bellman_ford_switch_down_20260607_083146/h3.pcap,a6:16:c4:c2:e2:e4,01:80:c2:00:00:0e,,,,,,60
2026-06-07T08:39:24.341389+00:00,jellyfish,bellman_ford,switch_down,run_scenario_jellyfish_bellman_ford_switch_down_20260607_083146,h3,jellyfish/bellman_ford/switch_down/run_scenario_jellyfish_bellman_ford_switch_down_20260607_083146/h3.pcap,a6:16:c4:c2:e2:e4,01:80:c2:00:00:0e,,,,,,60
2026-06-07T08:39:26.373287+00:00,jellyfish,bellman_ford,switch_down,run_scenario_jellyfish_bellman_ford_switch_down_20260607_083146,h3,jellyfish/bellman_ford/switch_down/run_scenario_jellyfish_bellman_ford_switch_down_20260607_083146/h3.pcap,a6:16:c4:c2:e2:e4,01:80:c2:00:00:0e,,,,,,60
2026-06-07T08:39:31.130677+00:00,jellyfish,bellman_ford,switch_down,run_scenario_jellyfish_bellman_ford_switch_down_20260607_083146,h3,jellyfish/bellman_ford/switch_down/run_scenario_jellyfish_bellman_ford_switch_down_20260607_083146/h3.pcap,a6:16:c4:c2:e2:e4,01:80:c2:00:00:0e,,,,,,60
2026-06-07T08:39:33.166897+00:00,jellyfish,bellman_ford,switch_down,run_scenario_jellyfish_bellman_ford_switch_down_20260607_083146,h3,jellyfish/bellman_ford/switch_down/run_scenario_jellyfish_bellman_ford_switch_down_20260607_083146/h3.pcap,a6:16:c4:c2:e2:e4,01:80:c2:00:00:0e,,,,,,60
2026-06-07T08:39:35.206312+00:00,jellyfish,bellman_ford,switch_down,run_scenario_jellyfish_bellman_ford_switch_down_20260607_083146,h3,jellyfish/bellman_ford/switch_down/run_scenario_jellyfish_bellman_ford_switch_down_20260607_083146/h3.pcap,a6:16:c4:c2:e2:e4,01:80:c2:00:00:0e,,,,,,60
2026-06-07T08:39:37.242438+00:00,jellyfish,bellman_ford,switch_down,run_scenario_jellyfish_bellman_ford_switch_down_20260607_083146,h3,jellyfish/bellman_ford/switch_down/run_scenario_jellyfish_bellman_ford_switch_down_20260607_083146/h3.pcap,a6:16:c4:c2:e2:e4,01:80:c2:00:00:0e,,,,,,60
2026-06-07T08:39:39.275044+00:00,jellyfish,bellman_ford,switch_down,run_scenario_jellyfish_bellman_ford_switch_down_20260607_083146,h3,jellyfish/bellman_ford/switch_down/run_scenario_jellyfish_bellman_ford_switch_down_20260607_083146/h3.pcap,a6:16:c4:c2:e2:e4,01:80:c2:00:00:0e,,,,,,60
2026-06-07T08:39:41.312641+00:00,jellyfish,bellman_ford,switch_down,run_scenario_jellyfish_bellman_ford_switch_down_20260607_083146,h3,jellyfish/bellman_ford/switch_down/run_scenario_jellyfish_bellman_ford_switch_down_20260607_083146/h3.pcap,a6:16:c4:c2:e2:e4,01:80:c2:00:00:0e,,,,,,60
2026-06-07T08:39:43.348184+00:00,jellyfish,bellman_ford,switch_down,run_scenario_jellyfish_bellman_ford_switch_down_20260607_083146,h3,jellyfish/bellman_ford/switch_down/run_scenario_jellyfish_bellman_ford_switch_down_20260607_083146/h3.pcap,a6:16:c4:c2:e2:e4,01:80:c2:00:00:0e,,,,,,60
2026-06-07T08:39:45.385619+00:00,jellyfish,bellman_ford,switch_down,run_scenario_jellyfish_bellman_ford_switch_down_20260607_083146,h3,jellyfish/bellman_ford/switch_down/run_scenario_jellyfish_bellman_ford_switch_down_20260607_083146/h3.pcap,a6:16:c4:c2:e2:e4,01:80:c2:00:00:0e,,,,,,60
2026-06-07T08:39:47.415973+00:00,jellyfish,bellman_ford,switch_down,run_scenario_jellyfish_bellman_ford_switch_down_20260607_083146,h3,jellyfish/bellman_ford/switch_down/run_scenario_jellyfish_bellman_ford_switch_down_20260607_083146/h3.pcap,a6:16:c4:c2:e2:e4,01:80:c2:00:00:0e,,,,,,60
2026-06-07T08:39:49.451932+00:00,jellyfish,bellman_ford,switch_down,run_scenario_jellyfish_bellman_ford_switch_down_20260607_083146,h3,jellyfish/bellman_ford/switch_down/run_scenario_jellyfish_bellman_ford_switch_down_20260607_083146/h3.pcap,a6:16:c4:c2:e2:e4,01:80:c2:00:00:0e,,,,,,60
2026-06-07T08:39:51.483159+00:00,jellyfish,bellman_ford,switch_down,run_scenario_jellyfish_bellman_ford_switch_down_20260607_083146,h3,jellyfish/bellman_ford/switch_down/run_scenario_jellyfish_bellman_ford_switch_down_20260607_083146/h3.pcap,a6:16:c4:c2:e2:e4,01:80:c2:00:00:0e,,,,,,60
2026-06-07T08:39:53.515898+00:00,jellyfish,bellman_ford,switch_down,run_scenario_jellyfish_bellman_ford_switch_down_20260607_083146,h3,jellyfish/bellman_ford/switch_down/run_scenario_jellyfish_bellman_ford_switch_down_20260607_083146/h3.pcap,a6:16:c4:c2:e2:e4,01:80:c2:00:00:0e,,,,,,60
2026-06-07T08:39:55.546608+00:00,jellyfish,bellman_ford,switch_down,run_scenario_jellyfish_bellman_ford_switch_down_20260607_083146,h3,jellyfish/bellman_ford/switch_down/run_scenario_jellyfish_bellman_ford_switch_down_20260607_083146/h3.pcap,a6:16:c4:c2:e2:e4,01:80:c2:00:00:0e,,,,,,60
2026-06-07T08:39:57.579951+00:00,jellyfish,bellman_ford,switch_down,run_scenario_jellyfish_bellman_ford_switch_down_20260607_083146,h3,jellyfish/bellman_ford/switch_down/run_scenario_jellyfish_bellman_ford_switch_down_20260607_083146/h3.pcap,a6:16:c4:c2:e2:e4,01:80:c2:00:00:0e,,,,,,60
2026-06-07T08:39:58.869622+00:00,jellyfish,bellman_ford,switch_down,run_scenario_jellyfish_bellman_ford_switch_down_20260607_083146,h3,jellyfish/bellman_ford/switch_down/run_scenario_jellyfish_bellman_ford_switch_down_20260607_083146/h3.pcap,a6:16:c4:c2:e2:e4,01:80:c2:00:00:0e,,,,,,60
2026-06-07T08:40:04.368973+00:00,jellyfish,bellman_ford,switch_down,run_scenario_jellyfish_bellman_ford_switch_down_20260607_083146,h3,jellyfish/bellman_ford/switch_down/run_scenario_jellyfish_bellman_ford_switch_down_20260607_083146/h3.pcap,a6:16:c4:c2:e2:e4,01:80:c2:00:00:0e,,,,,,60
2026-06-07T08:40:05.945952+00:00,jellyfish,bellman_ford,switch_down,run_scenario_jellyfish_bellman_ford_switch_down_20260607_083146,h3,jellyfish/bellman_ford/switch_down/run_scenario_jellyfish_bellman_ford_switch_down_20260607_083146/h3.pcap,00:00:00:00:06:01,00:00:00:00:03:01,10.0.0.7,10.0.0.4,IP,,,96
2026-06-07T08:40:05.945998+00:00,jellyfish,bellman_ford,switch_down,run_scenario_jellyfish_bellman_ford_switch_down_20260607_083146,h3,jellyfish/bellman_ford/switch_down/run_scenario_jellyfish_bellman_ford_switch_down_20260607_083146/h3.pcap,00:00:00:00:03:01,00:00:00:00:06:01,10.0.0.4,10.0.0.7,IP,,,96
2026-06-07T08:40:06.402197+00:00,jellyfish,bellman_ford,switch_down,run_scenario_jellyfish_bellman_ford_switch_down_20260607_083146,h3,jellyfish/bellman_ford/switch_down/run_scenario_jellyfish_bellman_ford_switch_down_20260607_083146/h3.pcap,a6:16:c4:c2:e2:e4,01:80:c2:00:00:0e,,,,,,60
2026-06-07T08:40:08.434776+00:00,jellyfish,bellman_ford,switch_down,run_scenario_jellyfish_bellman_ford_switch_down_20260607_083146,h3,jellyfish/bellman_ford/switch_down/run_scenario_jellyfish_bellman_ford_switch_down_20260607_083146/h3.pcap,a6:16:c4:c2:e2:e4,01:80:c2:00:00:0e,,,,,,60
2026-06-07T08:40:10.469791+00:00,jellyfish,bellman_ford,switch_down,run_scenario_jellyfish_bellman_ford_switch_down_20260607_083146,h3,jellyfish/bellman_ford/switch_down/run_scenario_jellyfish_bellman_ford_switch_down_20260607_083146/h3.pcap,a6:16:c4:c2:e2:e4,01:80:c2:00:00:0e,,,,,,60
2026-06-07T08:40:12.503117+00:00,jellyfish,bellman_ford,switch_down,run_scenario_jellyfish_bellman_ford_switch_down_20260607_083146,h3,jellyfish/bellman_ford/switch_down/run_scenario_jellyfish_bellman_ford_switch_down_20260607_083146/h3.pcap,a6:16:c4:c2:e2:e4,01:80:c2:00:00:0e,,,,,,60
2026-06-07T08:40:14.540380+00:00,jellyfish,bellman_ford,switch_down,run_scenario_jellyfish_bellman_ford_switch_down_20260607_083146,h3,jellyfish/bellman_ford/switch_down/run_scenario_jellyfish_bellman_ford_switch_down_20260607_083146/h3.pcap,a6:16:c4:c2:e2:e4,01:80:c2:00:00:0e,,,,,,60
2026-06-07T08:40:16.577338+00:00,jellyfish,bellman_ford,switch_down,run_scenario_jellyfish_bellman_ford_switch_down_20260607_083146,h3,jellyfish/bellman_ford/switch_down/run_scenario_jellyfish_bellman_ford_switch_down_20260607_083146/h3.pcap,a6:16:c4:c2:e2:e4,01:80:c2:00:00:0e,,,,,,60
2026-06-07T08:40:18.613297+00:00,jellyfish,bellman_ford,switch_down,run_scenario_jellyfish_bellman_ford_switch_down_20260607_083146,h3,jellyfish/bellman_ford/switch_down/run_scenario_jellyfish_bellman_ford_switch_down_20260607_083146/h3.pcap,a6:16:c4:c2:e2:e4,01:80:c2:00:00:0e,,,,,,60
2026-06-07T08:40:20.650119+00:00,jellyfish,bellman_ford,switch_down,run_scenario_jellyfish_bellman_ford_switch_down_20260607_083146,h3,jellyfish/bellman_ford/switch_down/run_scenario_jellyfish_bellman_ford_switch_down_20260607_083146/h3.pcap,a6:16:c4:c2:e2:e4,01:80:c2:00:00:0e,,,,,,60
2026-06-07T08:40:22.686963+00:00,jellyfish,bellman_ford,switch_down,run_scenario_jellyfish_bellman_ford_switch_down_20260607_083146,h3,jellyfish/bellman_ford/switch_down/run_scenario_jellyfish_bellman_ford_switch_down_20260607_083146/h3.pcap,a6:16:c4:c2:e2:e4,01:80:c2:00:00:0e,,,,,,60
2026-06-07T08:40:24.720503+00:00,jellyfish,bellman_ford,switch_down,run_scenario_jellyfish_bellman_ford_switch_down_20260607_083146,h3,jellyfish/bellman_ford/switch_down/run_scenario_jellyfish_bellman_ford_switch_down_20260607_083146/h3.pcap,a6:16:c4:c2:e2:e4,01:80:c2:00:00:0e,,,,,,60
2026-06-07T08:40:26.754520+00:00,jellyfish,bellman_ford,switch_down,run_scenario_jellyfish_bellman_ford_switch_down_20260607_083146,h3,jellyfish/bellman_ford/switch_down/run_scenario_jellyfish_bellman_ford_switch_down_20260607_083146/h3.pcap,a6:16:c4:c2:e2:e4,01:80:c2:00:00:0e,,,,,,60
2026-06-07T08:40:28.784352+00:00,jellyfish,bellman_ford,switch_down,run_scenario_jellyfish_bellman_ford_switch_down_20260607_083146,h3,jellyfish/bellman_ford/switch_down/run_scenario_jellyfish_bellman_ford_switch_down_20260607_083146/h3.pcap,a6:16:c4:c2:e2:e4,01:80:c2:00:00:0e,,,,,,60
2026-06-07T08:40:30.817482+00:00,jellyfish,bellman_ford,switch_down,run_scenario_jellyfish_bellman_ford_switch_down_20260607_083146,h3,jellyfish/bellman_ford/switch_down/run_scenario_jellyfish_bellman_ford_switch_down_20260607_083146/h3.pcap,a6:16:c4:c2:e2:e4,01:80:c2:00:00:0e,,,,,,60
2026-06-07T08:40:35.576876+00:00,jellyfish,bellman_ford,switch_down,run_scenario_jellyfish_bellman_ford_switch_down_20260607_083146,h3,jellyfish/bellman_ford/switch_down/run_scenario_jellyfish_bellman_ford_switch_down_20260607_083146/h3.pcap,a6:16:c4:c2:e2:e4,01:80:c2:00:00:0e,,,,,,60
2026-06-07T08:40:37.607971+00:00,jellyfish,bellman_ford,switch_down,run_scenario_jellyfish_bellman_ford_switch_down_20260607_083146,h3,jellyfish/bellman_ford/switch_down/run_scenario_jellyfish_bellman_ford_switch_down_20260607_083146/h3.pcap,a6:16:c4:c2:e2:e4,01:80:c2:00:00:0e,,,,,,60
2026-06-07T08:40:39.638848+00:00,jellyfish,bellman_ford,switch_down,run_scenario_jellyfish_bellman_ford_switch_down_20260607_083146,h3,jellyfish/bellman_ford/switch_down/run_scenario_jellyfish_bellman_ford_switch_down_20260607_083146/h3.pcap,a6:16:c4:c2:e2:e4,01:80:c2:00:00:0e,,,,,,60
2026-06-07T08:40:41.669972+00:00,jellyfish,bellman_ford,switch_down,run_scenario_jellyfish_bellman_ford_switch_down_20260607_083146,h3,jellyfish/bellman_ford/switch_down/run_scenario_jellyfish_bellman_ford_switch_down_20260607_083146/h3.pcap,a6:16:c4:c2:e2:e4,01:80:c2:00:00:0e,,,,,,60
2026-06-07T08:40:43.703699+00:00,jellyfish,bellman_ford,switch_down,run_scenario_jellyfish_bellman_ford_switch_down_20260607_083146,h3,jellyfish/bellman_ford/switch_down/run_scenario_jellyfish_bellman_ford_switch_down_20260607_083146/h3.pcap,a6:16:c4:c2:e2:e4,01:80:c2:00:00:0e,,,,,,60
2026-06-07T08:40:45.735749+00:00,jellyfish,bellman_ford,switch_down,run_scenario_jellyfish_bellman_ford_switch_down_20260607_083146,h3,jellyfish/bellman_ford/switch_down/run_scenario_jellyfish_bellman_ford_switch_down_20260607_083146/h3.pcap,a6:16:c4:c2:e2:e4,01:80:c2:00:00:0e,,,,,,60
2026-06-07T08:40:47.768095+00:00,jellyfish,bellman_ford,switch_down,run_scenario_jellyfish_bellman_ford_switch_down_20260607_083146,h3,jellyfish/bellman_ford/switch_down/run_scenario_jellyfish_bellman_ford_switch_down_20260607_083146/h3.pcap,a6:16:c4:c2:e2:e4,01:80:c2:00:00:0e,,,,,,60
2026-06-07T08:40:48.767427+00:00,jellyfish,bellman_ford,switch_down,run_scenario_jellyfish_bellman_ford_switch_down_20260607_083146,h3,jellyfish/bellman_ford/switch_down/run_scenario_jellyfish_bellman_ford_switch_down_20260607_083146/h3.pcap,00:00:00:00:07:01,00:00:00:00:03:01,10.0.0.8,10.0.0.4,IP,,,96
2026-06-07T08:40:48.767486+00:00,jellyfish,bellman_ford,switch_down,run_scenario_jellyfish_bellman_ford_switch_down_20260607_083146,h3,jellyfish/bellman_ford/switch_down/run_scenario_jellyfish_bellman_ford_switch_down_20260607_083146/h3.pcap,00:00:00:00:03:01,00:00:00:00:07:01,10.0.0.4,10.0.0.8,IP,,,96
2026-06-07T08:40:49.800082+00:00,jellyfish,bellman_ford,switch_down,run_scenario_jellyfish_bellman_ford_switch_down_20260607_083146,h3,jellyfish/bellman_ford/switch_down/run_scenario_jellyfish_bellman_ford_switch_down_20260607_083146/h3.pcap,a6:16:c4:c2:e2:e4,01:80:c2:00:00:0e,,,,,,60
2026-06-07T08:40:51.834127+00:00,jellyfish,bellman_ford,switch_down,run_scenario_jellyfish_bellman_ford_switch_down_20260607_083146,h3,jellyfish/bellman_ford/switch_down/run_scenario_jellyfish_bellman_ford_switch_down_20260607_083146/h3.pcap,a6:16:c4:c2:e2:e4,01:80:c2:00:00:0e,,,,,,60
2026-06-07T08:40:53.868543+00:00,jellyfish,bellman_ford,switch_down,run_scenario_jellyfish_bellman_ford_switch_down_20260607_083146,h3,jellyfish/bellman_ford/switch_down/run_scenario_jellyfish_bellman_ford_switch_down_20260607_083146/h3.pcap,a6:16:c4:c2:e2:e4,01:80:c2:00:00:0e,,,,,,60
2026-06-07T08:40:55.902568+00:00,jellyfish,bellman_ford,switch_down,run_scenario_jellyfish_bellman_ford_switch_down_20260607_083146,h3,jellyfish/bellman_ford/switch_down/run_scenario_jellyfish_bellman_ford_switch_down_20260607_083146/h3.pcap,a6:16:c4:c2:e2:e4,01:80:c2:00:00:0e,,,,,,60
2026-06-07T08:40:57.936421+00:00,jellyfish,bellman_ford,switch_down,run_scenario_jellyfish_bellman_ford_switch_down_20260607_083146,h3,jellyfish/bellman_ford/switch_down/run_scenario_jellyfish_bellman_ford_switch_down_20260607_083146/h3.pcap,a6:16:c4:c2:e2:e4,01:80:c2:00:00:0e,,,,,,60
2026-06-07T08:40:59.971350+00:00,jellyfish,bellman_ford,switch_down,run_scenario_jellyfish_bellman_ford_switch_down_20260607_083146,h3,jellyfish/bellman_ford/switch_down/run_scenario_jellyfish_bellman_ford_switch_down_20260607_083146/h3.pcap,a6:16:c4:c2:e2:e4,01:80:c2:00:00:0e,,,,,,60
2026-06-07T08:41:02.007950+00:00,jellyfish,bellman_ford,switch_down,run_scenario_jellyfish_bellman_ford_switch_down_20260607_083146,h3,jellyfish/bellman_ford/switch_down/run_scenario_jellyfish_bellman_ford_switch_down_20260607_083146/h3.pcap,a6:16:c4:c2:e2:e4,01:80:c2:00:00:0e,,,,,,60
2026-06-07T08:41:04.044873+00:00,jellyfish,bellman_ford,switch_down,run_scenario_jellyfish_bellman_ford_switch_down_20260607_083146,h3,jellyfish/bellman_ford/switch_down/run_scenario_jellyfish_bellman_ford_switch_down_20260607_083146/h3.pcap,a6:16:c4:c2:e2:e4,01:80:c2:00:00:0e,,,,,,60
2026-06-07T08:41:08.799289+00:00,jellyfish,bellman_ford,switch_down,run_scenario_jellyfish_bellman_ford_switch_down_20260607_083146,h3,jellyfish/bellman_ford/switch_down/run_scenario_jellyfish_bellman_ford_switch_down_20260607_083146/h3.pcap,a6:16:c4:c2:e2:e4,01:80:c2:00:00:0e,,,,,,60
2026-06-07T08:41:10.829518+00:00,jellyfish,bellman_ford,switch_down,run_scenario_jellyfish_bellman_ford_switch_down_20260607_083146,h3,jellyfish/bellman_ford/switch_down/run_scenario_jellyfish_bellman_ford_switch_down_20260607_083146/h3.pcap,a6:16:c4:c2:e2:e4,01:80:c2:00:00:0e,,,,,,60
2026-06-07T08:41:12.862143+00:00,jellyfish,bellman_ford,switch_down,run_scenario_jellyfish_bellman_ford_switch_down_20260607_083146,h3,jellyfish/bellman_ford/switch_down/run_scenario_jellyfish_bellman_ford_switch_down_20260607_083146/h3.pcap,a6:16:c4:c2:e2:e4,01:80:c2:00:00:0e,,,,,,60
2026-06-07T08:41:14.894367+00:00,jellyfish,bellman_ford,switch_down,run_scenario_jellyfish_bellman_ford_switch_down_20260607_083146,h3,jellyfish/bellman_ford/switch_down/run_scenario_jellyfish_bellman_ford_switch_down_20260607_083146/h3.pcap,a6:16:c4:c2:e2:e4,01:80:c2:00:00:0e,,,,,,60
2026-06-07T08:41:16.928599+00:00,jellyfish,bellman_ford,switch_down,run_scenario_jellyfish_bellman_ford_switch_down_20260607_083146,h3,jellyfish/bellman_ford/switch_down/run_scenario_jellyfish_bellman_ford_switch_down_20260607_083146/h3.pcap,a6:16:c4:c2:e2:e4,01:80:c2:00:00:0e,,,,,,60
2026-06-07T08:41:18.962872+00:00,jellyfish,bellman_ford,switch_down,run_scenario_jellyfish_bellman_ford_switch_down_20260607_083146,h3,jellyfish/bellman_ford/switch_down/run_scenario_jellyfish_bellman_ford_switch_down_20260607_083146/h3.pcap,a6:16:c4:c2:e2:e4,01:80:c2:00:00:0e,,,,,,60
2026-06-07T08:41:20.999917+00:00,jellyfish,bellman_ford,switch_down,run_scenario_jellyfish_bellman_ford_switch_down_20260607_083146,h3,jellyfish/bellman_ford/switch_down/run_scenario_jellyfish_bellman_ford_switch_down_20260607_083146/h3.pcap,a6:16:c4:c2:e2:e4,01:80:c2:00:00:0e,,,,,,60
2026-06-07T08:41:21.590655+00:00,jellyfish,bellman_ford,switch_down,run_scenario_jellyfish_bellman_ford_switch_down_20260607_083146,h3,jellyfish/bellman_ford/switch_down/run_scenario_jellyfish_bellman_ford_switch_down_20260607_083146/h3.pcap,00:00:00:00:08:01,00:00:00:00:03:01,10.0.0.9,10.0.0.4,IP,,,96
2026-06-07T08:41:21.590714+00:00,jellyfish,bellman_ford,switch_down,run_scenario_jellyfish_bellman_ford_switch_down_20260607_083146,h3,jellyfish/bellman_ford/switch_down/run_scenario_jellyfish_bellman_ford_switch_down_20260607_083146/h3.pcap,00:00:00:00:03:01,00:00:00:00:08:01,10.0.0.4,10.0.0.9,IP,,,96
2026-06-07T08:41:23.038186+00:00,jellyfish,bellman_ford,switch_down,run_scenario_jellyfish_bellman_ford_switch_down_20260607_083146,h3,jellyfish/bellman_ford/switch_down/run_scenario_jellyfish_bellman_ford_switch_down_20260607_083146/h3.pcap,a6:16:c4:c2:e2:e4,01:80:c2:00:00:0e,,,,,,60
2026-06-07T08:41:25.076186+00:00,jellyfish,bellman_ford,switch_down,run_scenario_jellyfish_bellman_ford_switch_down_20260607_083146,h3,jellyfish/bellman_ford/switch_down/run_scenario_jellyfish_bellman_ford_switch_down_20260607_083146/h3.pcap,a6:16:c4:c2:e2:e4,01:80:c2:00:00:0e,,,,,,60
2026-06-07T08:41:27.108673+00:00,jellyfish,bellman_ford,switch_down,run_scenario_jellyfish_bellman_ford_switch_down_20260607_083146,h3,jellyfish/bellman_ford/switch_down/run_scenario_jellyfish_bellman_ford_switch_down_20260607_083146/h3.pcap,a6:16:c4:c2:e2:e4,01:80:c2:00:00:0e,,,,,,60
2026-06-07T08:41:29.141781+00:00,jellyfish,bellman_ford,switch_down,run_scenario_jellyfish_bellman_ford_switch_down_20260607_083146,h3,jellyfish/bellman_ford/switch_down/run_scenario_jellyfish_bellman_ford_switch_down_20260607_083146/h3.pcap,a6:16:c4:c2:e2:e4,01:80:c2:00:00:0e,,,,,,60
2026-06-07T08:41:31.171080+00:00,jellyfish,bellman_ford,switch_down,run_scenario_jellyfish_bellman_ford_switch_down_20260607_083146,h3,jellyfish/bellman_ford/switch_down/run_scenario_jellyfish_bellman_ford_switch_down_20260607_083146/h3.pcap,a6:16:c4:c2:e2:e4,01:80:c2:00:00:0e,,,,,,60
2026-06-07T08:41:33.201383+00:00,jellyfish,bellman_ford,switch_down,run_scenario_jellyfish_bellman_ford_switch_down_20260607_083146,h3,jellyfish/bellman_ford/switch_down/run_scenario_jellyfish_bellman_ford_switch_down_20260607_083146/h3.pcap,a6:16:c4:c2:e2:e4,01:80:c2:00:00:0e,,,,,,60
2026-06-07T08:41:35.234097+00:00,jellyfish,bellman_ford,switch_down,run_scenario_jellyfish_bellman_ford_switch_down_20260607_083146,h3,jellyfish/bellman_ford/switch_down/run_scenario_jellyfish_bellman_ford_switch_down_20260607_083146/h3.pcap,a6:16:c4:c2:e2:e4,01:80:c2:00:00:0e,,,,,,60
2026-06-07T08:41:37.265544+00:00,jellyfish,bellman_ford,switch_down,run_scenario_jellyfish_bellman_ford_switch_down_20260607_083146,h3,jellyfish/bellman_ford/switch_down/run_scenario_jellyfish_bellman_ford_switch_down_20260607_083146/h3.pcap,a6:16:c4:c2:e2:e4,01:80:c2:00:00:0e,,,,,,60
2026-06-07T08:41:42.030662+00:00,jellyfish,bellman_ford,switch_down,run_scenario_jellyfish_bellman_ford_switch_down_20260607_083146,h3,jellyfish/bellman_ford/switch_down/run_scenario_jellyfish_bellman_ford_switch_down_20260607_083146/h3.pcap,a6:16:c4:c2:e2:e4,01:80:c2:00:00:0e,,,,,,60
2026-06-07T08:41:44.060577+00:00,jellyfish,bellman_ford,switch_down,run_scenario_jellyfish_bellman_ford_switch_down_20260607_083146,h3,jellyfish/bellman_ford/switch_down/run_scenario_jellyfish_bellman_ford_switch_down_20260607_083146/h3.pcap,a6:16:c4:c2:e2:e4,01:80:c2:00:00:0e,,,,,,60
2026-06-07T08:41:44.438929+00:00,jellyfish,bellman_ford,switch_down,run_scenario_jellyfish_bellman_ford_switch_down_20260607_083146,h3,jellyfish/bellman_ford/switch_down/run_scenario_jellyfish_bellman_ford_switch_down_20260607_083146/h3.pcap,00:00:00:00:09:01,00:00:00:00:03:01,10.0.0.10,10.0.0.4,IP,,,96
2026-06-07T08:41:44.439003+00:00,jellyfish,bellman_ford,switch_down,run_scenario_jellyfish_bellman_ford_switch_down_20260607_083146,h3,jellyfish/bellman_ford/switch_down/run_scenario_jellyfish_bellman_ford_switch_down_20260607_083146/h3.pcap,00:00:00:00:03:01,00:00:00:00:09:01,10.0.0.4,10.0.0.10,IP,,,96
2026-06-07T08:41:46.096029+00:00,jellyfish,bellman_ford,switch_down,run_scenario_jellyfish_bellman_ford_switch_down_20260607_083146,h3,jellyfish/bellman_ford/switch_down/run_scenario_jellyfish_bellman_ford_switch_down_20260607_083146/h3.pcap,a6:16:c4:c2:e2:e4,01:80:c2:00:00:0e,,,,,,60
2026-06-07T08:41:48.129180+00:00,jellyfish,bellman_ford,switch_down,run_scenario_jellyfish_bellman_ford_switch_down_20260607_083146,h3,jellyfish/bellman_ford/switch_down/run_scenario_jellyfish_bellman_ford_switch_down_20260607_083146/h3.pcap,a6:16:c4:c2:e2:e4,01:80:c2:00:00:0e,,,,,,60
2026-06-07T08:41:50.162462+00:00,jellyfish,bellman_ford,switch_down,run_scenario_jellyfish_bellman_ford_switch_down_20260607_083146,h3,jellyfish/bellman_ford/switch_down/run_scenario_jellyfish_bellman_ford_switch_down_20260607_083146/h3.pcap,a6:16:c4:c2:e2:e4,01:80:c2:00:00:0e,,,,,,60
2026-06-07T08:41:52.197315+00:00,jellyfish,bellman_ford,switch_down,run_scenario_jellyfish_bellman_ford_switch_down_20260607_083146,h3,jellyfish/bellman_ford/switch_down/run_scenario_jellyfish_bellman_ford_switch_down_20260607_083146/h3.pcap,a6:16:c4:c2:e2:e4,01:80:c2:00:00:0e,,,,,,60
2026-06-07T08:41:54.226232+00:00,jellyfish,bellman_ford,switch_down,run_scenario_jellyfish_bellman_ford_switch_down_20260607_083146,h3,jellyfish/bellman_ford/switch_down/run_scenario_jellyfish_bellman_ford_switch_down_20260607_083146/h3.pcap,a6:16:c4:c2:e2:e4,01:80:c2:00:00:0e,,,,,,60
2026-06-07T08:41:56.259660+00:00,jellyfish,bellman_ford,switch_down,run_scenario_jellyfish_bellman_ford_switch_down_20260607_083146,h3,jellyfish/bellman_ford/switch_down/run_scenario_jellyfish_bellman_ford_switch_down_20260607_083146/h3.pcap,a6:16:c4:c2:e2:e4,01:80:c2:00:00:0e,,,,,,60
2026-06-07T08:41:58.291446+00:00,jellyfish,bellman_ford,switch_down,run_scenario_jellyfish_bellman_ford_switch_down_20260607_083146,h3,jellyfish/bellman_ford/switch_down/run_scenario_jellyfish_bellman_ford_switch_down_20260607_083146/h3.pcap,a6:16:c4:c2:e2:e4,01:80:c2:00:00:0e,,,,,,60
2026-06-07T08:42:00.328569+00:00,jellyfish,bellman_ford,switch_down,run_scenario_jellyfish_bellman_ford_switch_down_20260607_083146,h3,jellyfish/bellman_ford/switch_down/run_scenario_jellyfish_bellman_ford_switch_down_20260607_083146/h3.pcap,a6:16:c4:c2:e2:e4,01:80:c2:00:00:0e,,,,,,60
2026-06-07T08:42:02.362811+00:00,jellyfish,bellman_ford,switch_down,run_scenario_jellyfish_bellman_ford_switch_down_20260607_083146,h3,jellyfish/bellman_ford/switch_down/run_scenario_jellyfish_bellman_ford_switch_down_20260607_083146/h3.pcap,a6:16:c4:c2:e2:e4,01:80:c2:00:00:0e,,,,,,60
2026-06-07T08:42:04.399505+00:00,jellyfish,bellman_ford,switch_down,run_scenario_jellyfish_bellman_ford_switch_down_20260607_083146,h3,jellyfish/bellman_ford/switch_down/run_scenario_jellyfish_bellman_ford_switch_down_20260607_083146/h3.pcap,a6:16:c4:c2:e2:e4,01:80:c2:00:00:0e,,,,,,60
2026-06-07T08:42:06.445505+00:00,jellyfish,bellman_ford,switch_down,run_scenario_jellyfish_bellman_ford_switch_down_20260607_083146,h3,jellyfish/bellman_ford/switch_down/run_scenario_jellyfish_bellman_ford_switch_down_20260607_083146/h3.pcap,a6:16:c4:c2:e2:e4,01:80:c2:00:00:0e,,,,,,60
2026-06-07T08:42:08.500587+00:00,jellyfish,bellman_ford,switch_down,run_scenario_jellyfish_bellman_ford_switch_down_20260607_083146,h3,jellyfish/bellman_ford/switch_down/run_scenario_jellyfish_bellman_ford_switch_down_20260607_083146/h3.pcap,a6:16:c4:c2:e2:e4,01:80:c2:00:00:0e,,,,,,60
2026-06-07T08:42:09.796640+00:00,jellyfish,bellman_ford,switch_down,run_scenario_jellyfish_bellman_ford_switch_down_20260607_083146,h3,jellyfish/bellman_ford/switch_down/run_scenario_jellyfish_bellman_ford_switch_down_20260607_083146/h3.pcap,a6:16:c4:c2:e2:e4,01:80:c2:00:00:0e,,,,,,60
2026-06-07T08:42:15.298047+00:00,jellyfish,bellman_ford,switch_down,run_scenario_jellyfish_bellman_ford_switch_down_20260607_083146,h3,jellyfish/bellman_ford/switch_down/run_scenario_jellyfish_bellman_ford_switch_down_20260607_083146/h3.pcap,a6:16:c4:c2:e2:e4,01:80:c2:00:00:0e,,,,,,60
2026-06-07T08:42:17.332990+00:00,jellyfish,bellman_ford,switch_down,run_scenario_jellyfish_bellman_ford_switch_down_20260607_083146,h3,jellyfish/bellman_ford/switch_down/run_scenario_jellyfish_bellman_ford_switch_down_20260607_083146/h3.pcap,a6:16:c4:c2:e2:e4,01:80:c2:00:00:0e,,,,,,60
2026-06-07T08:42:19.367916+00:00,jellyfish,bellman_ford,switch_down,run_scenario_jellyfish_bellman_ford_switch_down_20260607_083146,h3,jellyfish/bellman_ford/switch_down/run_scenario_jellyfish_bellman_ford_switch_down_20260607_083146/h3.pcap,a6:16:c4:c2:e2:e4,01:80:c2:00:00:0e,,,,,,60
2026-06-07T08:42:21.403676+00:00,jellyfish,bellman_ford,switch_down,run_scenario_jellyfish_bellman_ford_switch_down_20260607_083146,h3,jellyfish/bellman_ford/switch_down/run_scenario_jellyfish_bellman_ford_switch_down_20260607_083146/h3.pcap,a6:16:c4:c2:e2:e4,01:80:c2:00:00:0e,,,,,,60
2026-06-07T08:42:23.443041+00:00,jellyfish,bellman_ford,switch_down,run_scenario_jellyfish_bellman_ford_switch_down_20260607_083146,h3,jellyfish/bellman_ford/switch_down/run_scenario_jellyfish_bellman_ford_switch_down_20260607_083146/h3.pcap,a6:16:c4:c2:e2:e4,01:80:c2:00:00:0e,,,,,,60
2026-06-07T08:42:25.482027+00:00,jellyfish,bellman_ford,switch_down,run_scenario_jellyfish_bellman_ford_switch_down_20260607_083146,h3,jellyfish/bellman_ford/switch_down/run_scenario_jellyfish_bellman_ford_switch_down_20260607_083146/h3.pcap,a6:16:c4:c2:e2:e4,01:80:c2:00:00:0e,,,,,,60
2026-06-07T08:42:27.521097+00:00,jellyfish,bellman_ford,switch_down,run_scenario_jellyfish_bellman_ford_switch_down_20260607_083146,h3,jellyfish/bellman_ford/switch_down/run_scenario_jellyfish_bellman_ford_switch_down_20260607_083146/h3.pcap,a6:16:c4:c2:e2:e4,01:80:c2:00:00:0e,,,,,,60
2026-06-07T08:42:29.556040+00:00,jellyfish,bellman_ford,switch_down,run_scenario_jellyfish_bellman_ford_switch_down_20260607_083146,h3,jellyfish/bellman_ford/switch_down/run_scenario_jellyfish_bellman_ford_switch_down_20260607_083146/h3.pcap,a6:16:c4:c2:e2:e4,01:80:c2:00:00:0e,,,,,,60
2026-06-07T08:42:31.596633+00:00,jellyfish,bellman_ford,switch_down,run_scenario_jellyfish_bellman_ford_switch_down_20260607_083146,h3,jellyfish/bellman_ford/switch_down/run_scenario_jellyfish_bellman_ford_switch_down_20260607_083146/h3.pcap,a6:16:c4:c2:e2:e4,01:80:c2:00:00:0e,,,,,,60
2026-06-07T08:42:33.637672+00:00,jellyfish,bellman_ford,switch_down,run_scenario_jellyfish_bellman_ford_switch_down_20260607_083146,h3,jellyfish/bellman_ford/switch_down/run_scenario_jellyfish_bellman_ford_switch_down_20260607_083146/h3.pcap,a6:16:c4:c2:e2:e4,01:80:c2:00:00:0e,,,,,,60
2026-06-07T08:42:35.671960+00:00,jellyfish,bellman_ford,switch_down,run_scenario_jellyfish_bellman_ford_switch_down_20260607_083146,h3,jellyfish/bellman_ford/switch_down/run_scenario_jellyfish_bellman_ford_switch_down_20260607_083146/h3.pcap,a6:16:c4:c2:e2:e4,01:80:c2:00:00:0e,,,,,,60
2026-06-07T08:42:37.703450+00:00,jellyfish,bellman_ford,switch_down,run_scenario_jellyfish_bellman_ford_switch_down_20260607_083146,h3,jellyfish/bellman_ford/switch_down/run_scenario_jellyfish_bellman_ford_switch_down_20260607_083146/h3.pcap,a6:16:c4:c2:e2:e4,01:80:c2:00:00:0e,,,,,,60
2026-06-07T08:42:39.734792+00:00,jellyfish,bellman_ford,switch_down,run_scenario_jellyfish_bellman_ford_switch_down_20260607_083146,h3,jellyfish/bellman_ford/switch_down/run_scenario_jellyfish_bellman_ford_switch_down_20260607_083146/h3.pcap,a6:16:c4:c2:e2:e4,01:80:c2:00:00:0e,,,,,,60
2026-06-07T08:42:41.768373+00:00,jellyfish,bellman_ford,switch_down,run_scenario_jellyfish_bellman_ford_switch_down_20260607_083146,h3,jellyfish/bellman_ford/switch_down/run_scenario_jellyfish_bellman_ford_switch_down_20260607_083146/h3.pcap,a6:16:c4:c2:e2:e4,01:80:c2:00:00:0e,,,,,,60
2026-06-07T08:42:46.529046+00:00,jellyfish,bellman_ford,switch_down,run_scenario_jellyfish_bellman_ford_switch_down_20260607_083146,h3,jellyfish/bellman_ford/switch_down/run_scenario_jellyfish_bellman_ford_switch_down_20260607_083146/h3.pcap,a6:16:c4:c2:e2:e4,01:80:c2:00:00:0e,,,,,,60
2026-06-07T08:42:48.560507+00:00,jellyfish,bellman_ford,switch_down,run_scenario_jellyfish_bellman_ford_switch_down_20260607_083146,h3,jellyfish/bellman_ford/switch_down/run_scenario_jellyfish_bellman_ford_switch_down_20260607_083146/h3.pcap,a6:16:c4:c2:e2:e4,01:80:c2:00:00:0e,,,,,,60
2026-06-07T08:42:50.589104+00:00,jellyfish,bellman_ford,switch_down,run_scenario_jellyfish_bellman_ford_switch_down_20260607_083146,h3,jellyfish/bellman_ford/switch_down/run_scenario_jellyfish_bellman_ford_switch_down_20260607_083146/h3.pcap,a6:16:c4:c2:e2:e4,01:80:c2:00:00:0e,,,,,,60
2026-06-07T08:42:52.625681+00:00,jellyfish,bellman_ford,switch_down,run_scenario_jellyfish_bellman_ford_switch_down_20260607_083146,h3,jellyfish/bellman_ford/switch_down/run_scenario_jellyfish_bellman_ford_switch_down_20260607_083146/h3.pcap,a6:16:c4:c2:e2:e4,01:80:c2:00:00:0e,,,,,,60
2026-06-07T08:42:54.662311+00:00,jellyfish,bellman_ford,switch_down,run_scenario_jellyfish_bellman_ford_switch_down_20260607_083146,h3,jellyfish/bellman_ford/switch_down/run_scenario_jellyfish_bellman_ford_switch_down_20260607_083146/h3.pcap,a6:16:c4:c2:e2:e4,01:80:c2:00:00:0e,,,,,,60
2026-06-07T08:42:56.697573+00:00,jellyfish,bellman_ford,switch_down,run_scenario_jellyfish_bellman_ford_switch_down_20260607_083146,h3,jellyfish/bellman_ford/switch_down/run_scenario_jellyfish_bellman_ford_switch_down_20260607_083146/h3.pcap,a6:16:c4:c2:e2:e4,01:80:c2:00:00:0e,,,,,,60
2026-06-07T08:42:58.732253+00:00,jellyfish,bellman_ford,switch_down,run_scenario_jellyfish_bellman_ford_switch_down_20260607_083146,h3,jellyfish/bellman_ford/switch_down/run_scenario_jellyfish_bellman_ford_switch_down_20260607_083146/h3.pcap,a6:16:c4:c2:e2:e4,01:80:c2:00:00:0e,,,,,,60
2026-06-07T08:43:00.766336+00:00,jellyfish,bellman_ford,switch_down,run_scenario_jellyfish_bellman_ford_switch_down_20260607_083146,h3,jellyfish/bellman_ford/switch_down/run_scenario_jellyfish_bellman_ford_switch_down_20260607_083146/h3.pcap,a6:16:c4:c2:e2:e4,01:80:c2:00:00:0e,,,,,,60
2026-06-07T08:43:02.798645+00:00,jellyfish,bellman_ford,switch_down,run_scenario_jellyfish_bellman_ford_switch_down_20260607_083146,h3,jellyfish/bellman_ford/switch_down/run_scenario_jellyfish_bellman_ford_switch_down_20260607_083146/h3.pcap,a6:16:c4:c2:e2:e4,01:80:c2:00:00:0e,,,,,,60
2026-06-07T08:43:04.828176+00:00,jellyfish,bellman_ford,switch_down,run_scenario_jellyfish_bellman_ford_switch_down_20260607_083146,h3,jellyfish/bellman_ford/switch_down/run_scenario_jellyfish_bellman_ford_switch_down_20260607_083146/h3.pcap,a6:16:c4:c2:e2:e4,01:80:c2:00:00:0e,,,,,,60
2026-06-07T08:43:06.862135+00:00,jellyfish,bellman_ford,switch_down,run_scenario_jellyfish_bellman_ford_switch_down_20260607_083146,h3,jellyfish/bellman_ford/switch_down/run_scenario_jellyfish_bellman_ford_switch_down_20260607_083146/h3.pcap,a6:16:c4:c2:e2:e4,01:80:c2:00:00:0e,,,,,,60
2026-06-07T08:43:08.894311+00:00,jellyfish,bellman_ford,switch_down,run_scenario_jellyfish_bellman_ford_switch_down_20260607_083146,h3,jellyfish/bellman_ford/switch_down/run_scenario_jellyfish_bellman_ford_switch_down_20260607_083146/h3.pcap,a6:16:c4:c2:e2:e4,01:80:c2:00:00:0e,,,,,,60
2026-06-07T08:43:10.927365+00:00,jellyfish,bellman_ford,switch_down,run_scenario_jellyfish_bellman_ford_switch_down_20260607_083146,h3,jellyfish/bellman_ford/switch_down/run_scenario_jellyfish_bellman_ford_switch_down_20260607_083146/h3.pcap,a6:16:c4:c2:e2:e4,01:80:c2:00:00:0e,,,,,,60
2026-06-07T08:43:12.961106+00:00,jellyfish,bellman_ford,switch_down,run_scenario_jellyfish_bellman_ford_switch_down_20260607_083146,h3,jellyfish/bellman_ford/switch_down/run_scenario_jellyfish_bellman_ford_switch_down_20260607_083146/h3.pcap,a6:16:c4:c2:e2:e4,01:80:c2:00:00:0e,,,,,,60
2026-06-07T08:43:14.993736+00:00,jellyfish,bellman_ford,switch_down,run_scenario_jellyfish_bellman_ford_switch_down_20260607_083146,h3,jellyfish/bellman_ford/switch_down/run_scenario_jellyfish_bellman_ford_switch_down_20260607_083146/h3.pcap,a6:16:c4:c2:e2:e4,01:80:c2:00:00:0e,,,,,,60
2026-06-07T08:43:19.753565+00:00,jellyfish,bellman_ford,switch_down,run_scenario_jellyfish_bellman_ford_switch_down_20260607_083146,h3,jellyfish/bellman_ford/switch_down/run_scenario_jellyfish_bellman_ford_switch_down_20260607_083146/h3.pcap,a6:16:c4:c2:e2:e4,01:80:c2:00:00:0e,,,,,,60
2026-06-07T08:43:21.785410+00:00,jellyfish,bellman_ford,switch_down,run_scenario_jellyfish_bellman_ford_switch_down_20260607_083146,h3,jellyfish/bellman_ford/switch_down/run_scenario_jellyfish_bellman_ford_switch_down_20260607_083146/h3.pcap,a6:16:c4:c2:e2:e4,01:80:c2:00:00:0e,,,,,,60
2026-06-07T08:43:23.816109+00:00,jellyfish,bellman_ford,switch_down,run_scenario_jellyfish_bellman_ford_switch_down_20260607_083146,h3,jellyfish/bellman_ford/switch_down/run_scenario_jellyfish_bellman_ford_switch_down_20260607_083146/h3.pcap,a6:16:c4:c2:e2:e4,01:80:c2:00:00:0e,,,,,,60
2026-06-07T08:43:25.851586+00:00,jellyfish,bellman_ford,switch_down,run_scenario_jellyfish_bellman_ford_switch_down_20260607_083146,h3,jellyfish/bellman_ford/switch_down/run_scenario_jellyfish_bellman_ford_switch_down_20260607_083146/h3.pcap,a6:16:c4:c2:e2:e4,01:80:c2:00:00:0e,,,,,,60
2026-06-07T08:43:27.890879+00:00,jellyfish,bellman_ford,switch_down,run_scenario_jellyfish_bellman_ford_switch_down_20260607_083146,h3,jellyfish/bellman_ford/switch_down/run_scenario_jellyfish_bellman_ford_switch_down_20260607_083146/h3.pcap,a6:16:c4:c2:e2:e4,01:80:c2:00:00:0e,,,,,,60
2026-06-07T08:43:29.922956+00:00,jellyfish,bellman_ford,switch_down,run_scenario_jellyfish_bellman_ford_switch_down_20260607_083146,h3,jellyfish/bellman_ford/switch_down/run_scenario_jellyfish_bellman_ford_switch_down_20260607_083146/h3.pcap,a6:16:c4:c2:e2:e4,01:80:c2:00:00:0e,,,,,,60
2026-06-07T08:43:31.955453+00:00,jellyfish,bellman_ford,switch_down,run_scenario_jellyfish_bellman_ford_switch_down_20260607_083146,h3,jellyfish/bellman_ford/switch_down/run_scenario_jellyfish_bellman_ford_switch_down_20260607_083146/h3.pcap,a6:16:c4:c2:e2:e4,01:80:c2:00:00:0e,,,,,,60
2026-06-07T08:43:33.984928+00:00,jellyfish,bellman_ford,switch_down,run_scenario_jellyfish_bellman_ford_switch_down_20260607_083146,h3,jellyfish/bellman_ford/switch_down/run_scenario_jellyfish_bellman_ford_switch_down_20260607_083146/h3.pcap,a6:16:c4:c2:e2:e4,01:80:c2:00:00:0e,,,,,,60
2026-06-07T08:43:36.015680+00:00,jellyfish,bellman_ford,switch_down,run_scenario_jellyfish_bellman_ford_switch_down_20260607_083146,h3,jellyfish/bellman_ford/switch_down/run_scenario_jellyfish_bellman_ford_switch_down_20260607_083146/h3.pcap,a6:16:c4:c2:e2:e4,01:80:c2:00:00:0e,,,,,,60
2026-06-07T08:43:38.046883+00:00,jellyfish,bellman_ford,switch_down,run_scenario_jellyfish_bellman_ford_switch_down_20260607_083146,h3,jellyfish/bellman_ford/switch_down/run_scenario_jellyfish_bellman_ford_switch_down_20260607_083146/h3.pcap,a6:16:c4:c2:e2:e4,01:80:c2:00:00:0e,,,,,,60
2026-06-07T08:43:40.079665+00:00,jellyfish,bellman_ford,switch_down,run_scenario_jellyfish_bellman_ford_switch_down_20260607_083146,h3,jellyfish/bellman_ford/switch_down/run_scenario_jellyfish_bellman_ford_switch_down_20260607_083146/h3.pcap,a6:16:c4:c2:e2:e4,01:80:c2:00:00:0e,,,,,,60
2026-06-07T08:43:42.114985+00:00,jellyfish,bellman_ford,switch_down,run_scenario_jellyfish_bellman_ford_switch_down_20260607_083146,h3,jellyfish/bellman_ford/switch_down/run_scenario_jellyfish_bellman_ford_switch_down_20260607_083146/h3.pcap,a6:16:c4:c2:e2:e4,01:80:c2:00:00:0e,,,,,,60
2026-06-07T08:43:44.153262+00:00,jellyfish,bellman_ford,switch_down,run_scenario_jellyfish_bellman_ford_switch_down_20260607_083146,h3,jellyfish/bellman_ford/switch_down/run_scenario_jellyfish_bellman_ford_switch_down_20260607_083146/h3.pcap,a6:16:c4:c2:e2:e4,01:80:c2:00:00:0e,,,,,,60
2026-06-07T08:43:46.186348+00:00,jellyfish,bellman_ford,switch_down,run_scenario_jellyfish_bellman_ford_switch_down_20260607_083146,h3,jellyfish/bellman_ford/switch_down/run_scenario_jellyfish_bellman_ford_switch_down_20260607_083146/h3.pcap,a6:16:c4:c2:e2:e4,01:80:c2:00:00:0e,,,,,,60
2026-06-07T08:43:48.222179+00:00,jellyfish,bellman_ford,switch_down,run_scenario_jellyfish_bellman_ford_switch_down_20260607_083146,h3,jellyfish/bellman_ford/switch_down/run_scenario_jellyfish_bellman_ford_switch_down_20260607_083146/h3.pcap,a6:16:c4:c2:e2:e4,01:80:c2:00:00:0e,,,,,,60
2026-06-07T08:43:52.981695+00:00,jellyfish,bellman_ford,switch_down,run_scenario_jellyfish_bellman_ford_switch_down_20260607_083146,h3,jellyfish/bellman_ford/switch_down/run_scenario_jellyfish_bellman_ford_switch_down_20260607_083146/h3.pcap,a6:16:c4:c2:e2:e4,01:80:c2:00:00:0e,,,,,,60
2026-06-07T08:43:55.012307+00:00,jellyfish,bellman_ford,switch_down,run_scenario_jellyfish_bellman_ford_switch_down_20260607_083146,h3,jellyfish/bellman_ford/switch_down/run_scenario_jellyfish_bellman_ford_switch_down_20260607_083146/h3.pcap,a6:16:c4:c2:e2:e4,01:80:c2:00:00:0e,,,,,,60
2026-06-07T08:43:57.040183+00:00,jellyfish,bellman_ford,switch_down,run_scenario_jellyfish_bellman_ford_switch_down_20260607_083146,h3,jellyfish/bellman_ford/switch_down/run_scenario_jellyfish_bellman_ford_switch_down_20260607_083146/h3.pcap,a6:16:c4:c2:e2:e4,01:80:c2:00:00:0e,,,,,,60
2026-06-07T08:43:59.076213+00:00,jellyfish,bellman_ford,switch_down,run_scenario_jellyfish_bellman_ford_switch_down_20260607_083146,h3,jellyfish/bellman_ford/switch_down/run_scenario_jellyfish_bellman_ford_switch_down_20260607_083146/h3.pcap,a6:16:c4:c2:e2:e4,01:80:c2:00:00:0e,,,,,,60
2026-06-07T08:44:01.109339+00:00,jellyfish,bellman_ford,switch_down,run_scenario_jellyfish_bellman_ford_switch_down_20260607_083146,h3,jellyfish/bellman_ford/switch_down/run_scenario_jellyfish_bellman_ford_switch_down_20260607_083146/h3.pcap,a6:16:c4:c2:e2:e4,01:80:c2:00:00:0e,,,,,,60
2026-06-07T08:44:03.142839+00:00,jellyfish,bellman_ford,switch_down,run_scenario_jellyfish_bellman_ford_switch_down_20260607_083146,h3,jellyfish/bellman_ford/switch_down/run_scenario_jellyfish_bellman_ford_switch_down_20260607_083146/h3.pcap,a6:16:c4:c2:e2:e4,01:80:c2:00:00:0e,,,,,,60
2026-06-07T08:44:05.178699+00:00,jellyfish,bellman_ford,switch_down,run_scenario_jellyfish_bellman_ford_switch_down_20260607_083146,h3,jellyfish/bellman_ford/switch_down/run_scenario_jellyfish_bellman_ford_switch_down_20260607_083146/h3.pcap,a6:16:c4:c2:e2:e4,01:80:c2:00:00:0e,,,,,,60
2026-06-07T08:44:07.218075+00:00,jellyfish,bellman_ford,switch_down,run_scenario_jellyfish_bellman_ford_switch_down_20260607_083146,h3,jellyfish/bellman_ford/switch_down/run_scenario_jellyfish_bellman_ford_switch_down_20260607_083146/h3.pcap,a6:16:c4:c2:e2:e4,01:80:c2:00:00:0e,,,,,,60
2026-06-07T08:44:09.256602+00:00,jellyfish,bellman_ford,switch_down,run_scenario_jellyfish_bellman_ford_switch_down_20260607_083146,h3,jellyfish/bellman_ford/switch_down/run_scenario_jellyfish_bellman_ford_switch_down_20260607_083146/h3.pcap,a6:16:c4:c2:e2:e4,01:80:c2:00:00:0e,,,,,,60
2026-06-07T08:44:11.291422+00:00,jellyfish,bellman_ford,switch_down,run_scenario_jellyfish_bellman_ford_switch_down_20260607_083146,h3,jellyfish/bellman_ford/switch_down/run_scenario_jellyfish_bellman_ford_switch_down_20260607_083146/h3.pcap,a6:16:c4:c2:e2:e4,01:80:c2:00:00:0e,,,,,,60
2026-06-07T08:44:13.328901+00:00,jellyfish,bellman_ford,switch_down,run_scenario_jellyfish_bellman_ford_switch_down_20260607_083146,h3,jellyfish/bellman_ford/switch_down/run_scenario_jellyfish_bellman_ford_switch_down_20260607_083146/h3.pcap,a6:16:c4:c2:e2:e4,01:80:c2:00:00:0e,,,,,,60
2026-06-07T08:44:15.359367+00:00,jellyfish,bellman_ford,switch_down,run_scenario_jellyfish_bellman_ford_switch_down_20260607_083146,h3,jellyfish/bellman_ford/switch_down/run_scenario_jellyfish_bellman_ford_switch_down_20260607_083146/h3.pcap,a6:16:c4:c2:e2:e4,01:80:c2:00:00:0e,,,,,,60
