timestamp,topology,algorithm,scenario,run_id,host,pcap_file,src_mac,dst_mac,src_ip,dst_ip,proto,src_port,dst_port,length
2026-06-07T08:31:55.941134+00:00,jellyfish,bellman_ford,switch_down,run_scenario_jellyfish_bellman_ford_switch_down_20260607_083146,h4,jellyfish/bellman_ford/switch_down/run_scenario_jellyfish_bellman_ford_switch_down_20260607_083146/h4.pcap,f6:2d:00:d4:af:5a,01:80:c2:00:00:0e,,,,,,60
2026-06-07T08:31:57.975314+00:00,jellyfish,bellman_ford,switch_down,run_scenario_jellyfish_bellman_ford_switch_down_20260607_083146,h4,jellyfish/bellman_ford/switch_down/run_scenario_jellyfish_bellman_ford_switch_down_20260607_083146/h4.pcap,f6:2d:00:d4:af:5a,01:80:c2:00:00:0e,,,,,,60
2026-06-07T08:32:00.012453+00:00,jellyfish,bellman_ford,switch_down,run_scenario_jellyfish_bellman_ford_switch_down_20260607_083146,h4,jellyfish/bellman_ford/switch_down/run_scenario_jellyfish_bellman_ford_switch_down_20260607_083146/h4.pcap,f6:2d:00:d4:af:5a,01:80:c2:00:00:0e,,,,,,60
2026-06-07T08:32:02.051450+00:00,jellyfish,bellman_ford,switch_down,run_scenario_jellyfish_bellman_ford_switch_down_20260607_083146,h4,jellyfish/bellman_ford/switch_down/run_scenario_jellyfish_bellman_ford_switch_down_20260607_083146/h4.pcap,f6:2d:00:d4:af:5a,01:80:c2:00:00:0e,,,,,,60
2026-06-07T08:32:04.090679+00:00,jellyfish,bellman_ford,switch_down,run_scenario_jellyfish_bellman_ford_switch_down_20260607_083146,h4,jellyfish/bellman_ford/switch_down/run_scenario_jellyfish_bellman_ford_switch_down_20260607_083146/h4.pcap,f6:2d:00:d4:af:5a,01:80:c2:00:00:0e,,,,,,60
2026-06-07T08:32:06.125770+00:00,jellyfish,bellman_ford,switch_down,run_scenario_jellyfish_bellman_ford_switch_down_20260607_083146,h4,jellyfish/bellman_ford/switch_down/run_scenario_jellyfish_bellman_ford_switch_down_20260607_083146/h4.pcap,f6:2d:00:d4:af:5a,01:80:c2:00:00:0e,,,,,,60
2026-06-07T08:32:08.159573+00:00,jellyfish,bellman_ford,switch_down,run_scenario_jellyfish_bellman_ford_switch_down_20260607_083146,h4,jellyfish/bellman_ford/switch_down/run_scenario_jellyfish_bellman_ford_switch_down_20260607_083146/h4.pcap,f6:2d:00:d4:af:5a,01:80:c2:00:00:0e,,,,,,60
2026-06-07T08:32:10.191523+00:00,jellyfish,bellman_ford,switch_down,run_scenario_jellyfish_bellman_ford_switch_down_20260607_083146,h4,jellyfish/bellman_ford/switch_down/run_scenario_jellyfish_bellman_ford_switch_down_20260607_083146/h4.pcap,f6:2d:00:d4:af:5a,01:80:c2:00:00:0e,,,,,,60
2026-06-07T08:32:12.223257+00:00,jellyfish,bellman_ford,switch_down,run_scenario_jellyfish_bellman_ford_switch_down_20260607_083146,h4,jellyfish/bellman_ford/switch_down/run_scenario_jellyfish_bellman_ford_switch_down_20260607_083146/h4.pcap,f6:2d:00:d4:af:5a,01:80:c2:00:00:0e,,,,,,60
2026-06-07T08:32:14.259762+00:00,jellyfish,bellman_ford,switch_down,run_scenario_jellyfish_bellman_ford_switch_down_20260607_083146,h4,jellyfish/bellman_ford/switch_down/run_scenario_jellyfish_bellman_ford_switch_down_20260607_083146/h4.pcap,f6:2d:00:d4:af:5a,01:80:c2:00:00:0e,,,,,,60
2026-06-07T08:32:16.294180+00:00,jellyfish,bellman_ford,switch_down,run_scenario_jellyfish_bellman_ford_switch_down_20260607_083146,h4,jellyfish/bellman_ford/switch_down/run_scenario_jellyfish_bellman_ford_switch_down_20260607_083146/h4.pcap,f6:2d:00:d4:af:5a,01:80:c2:00:00:0e,,,,,,60
2026-06-07T08:32:18.330350+00:00,jellyfish,bellman_ford,switch_down,run_scenario_jellyfish_bellman_ford_switch_down_20260607_083146,h4,jellyfish/bellman_ford/switch_down/run_scenario_jellyfish_bellman_ford_switch_down_20260607_083146/h4.pcap,f6:2d:00:d4:af:5a,01:80:c2:00:00:0e,,,,,,60
2026-06-07T08:32:20.361869+00:00,jellyfish,bellman_ford,switch_down,run_scenario_jellyfish_bellman_ford_switch_down_20260607_083146,h4,jellyfish/bellman_ford/switch_down/run_scenario_jellyfish_bellman_ford_switch_down_20260607_083146/h4.pcap,f6:2d:00:d4:af:5a,01:80:c2:00:00:0e,,,,,,60
2026-06-07T08:32:25.119969+00:00,jellyfish,bellman_ford,switch_down,run_scenario_jellyfish_bellman_ford_switch_down_20260607_083146,h4,jellyfish/bellman_ford/switch_down/run_scenario_jellyfish_bellman_ford_switch_down_20260607_083146/h4.pcap,f6:2d:00:d4:af:5a,01:80:c2:00:00:0e,,,,,,60
2026-06-07T08:32:27.151196+00:00,jellyfish,bellman_ford,switch_down,run_scenario_jellyfish_bellman_ford_switch_down_20260607_083146,h4,jellyfish/bellman_ford/switch_down/run_scenario_jellyfish_bellman_ford_switch_down_20260607_083146/h4.pcap,f6:2d:00:d4:af:5a,01:80:c2:00:00:0e,,,,,,60
2026-06-07T08:32:29.186009+00:00,jellyfish,bellman_ford,switch_down,run_scenario_jellyfish_bellman_ford_switch_down_20260607_083146,h4,jellyfish/bellman_ford/switch_down/run_scenario_jellyfish_bellman_ford_switch_down_20260607_083146/h4.pcap,f6:2d:00:d4:af:5a,01:80:c2:00:00:0e,,,,,,60
2026-06-07T08:32:31.225530+00:00,jellyfish,bellman_ford,switch_down,run_scenario_jellyfish_bellman_ford_switch_down_20260607_083146,h4,jellyfish/bellman_ford/switch_down/run_scenario_jellyfish_bellman_ford_switch_down_20260607_083146/h4.pcap,f6:2d:00:d4:af:5a,01:80:c2:00:00:0e,,,,,,60
2026-06-07T08:32:33.261760+00:00,jellyfish,bellman_ford,switch_down,run_scenario_jellyfish_bellman_ford_switch_down_20260607_083146,h4,jellyfish/bellman_ford/switch_down/run_scenario_jellyfish_bellman_ford_switch_down_20260607_083146/h4.pcap,f6:2d:00:d4:af:5a,01:80:c2:00:00:0e,,,,,,60
2026-06-07T08:32:35.297662+00:00,jellyfish,bellman_ford,switch_down,run_scenario_jellyfish_bellman_ford_switch_down_20260607_083146,h4,jellyfish/bellman_ford/switch_down/run_scenario_jellyfish_bellman_ford_switch_down_20260607_083146/h4.pcap,f6:2d:00:d4:af:5a,01:80:c2:00:00:0e,,,,,,60
2026-06-07T08:32:37.335692+00:00,jellyfish,bellman_ford,switch_down,run_scenario_jellyfish_bellman_ford_switch_down_20260607_083146,h4,jellyfish/bellman_ford/switch_down/run_scenario_jellyfish_bellman_ford_switch_down_20260607_083146/h4.pcap,f6:2d:00:d4:af:5a,01:80:c2:00:00:0e,,,,,,60
2026-06-07T08:32:39.368423+00:00,jellyfish,bellman_ford,switch_down,run_scenario_jellyfish_bellman_ford_switch_down_20260607_083146,h4,jellyfish/bellman_ford/switch_down/run_scenario_jellyfish_bellman_ford_switch_down_20260607_083146/h4.pcap,f6:2d:00:d4:af:5a,01:80:c2:00:00:0e,,,,,,60
2026-06-07T08:32:41.405021+00:00,jellyfish,bellman_ford,switch_down,run_scenario_jellyfish_bellman_ford_switch_down_20260607_083146,h4,jellyfish/bellman_ford/switch_down/run_scenario_jellyfish_bellman_ford_switch_down_20260607_083146/h4.pcap,f6:2d:00:d4:af:5a,01:80:c2:00:00:0e,,,,,,60
2026-06-07T08:32:43.435484+00:00,jellyfish,bellman_ford,switch_down,run_scenario_jellyfish_bellman_ford_switch_down_20260607_083146,h4,jellyfish/bellman_ford/switch_down/run_scenario_jellyfish_bellman_ford_switch_down_20260607_083146/h4.pcap,f6:2d:00:d4:af:5a,01:80:c2:00:00:0e,,,,,,60
2026-06-07T08:32:45.468937+00:00,jellyfish,bellman_ford,switch_down,run_scenario_jellyfish_bellman_ford_switch_down_20260607_083146,h4,jellyfish/bellman_ford/switch_down/run_scenario_jellyfish_bellman_ford_switch_down_20260607_083146/h4.pcap,f6:2d:00:d4:af:5a,01:80:c2:00:00:0e,,,,,,60
2026-06-07T08:32:47.499751+00:00,jellyfish,bellman_ford,switch_down,run_scenario_jellyfish_bellman_ford_switch_down_20260607_083146,h4,jellyfish/bellman_ford/switch_down/run_scenario_jellyfish_bellman_ford_switch_down_20260607_083146/h4.pcap,f6:2d:00:d4:af:5a,01:80:c2:00:00:0e,,,,,,60
2026-06-07T08:32:49.532238+00:00,jellyfish,bellman_ford,switch_down,run_scenario_jellyfish_bellman_ford_switch_down_20260607_083146,h4,jellyfish/bellman_ford/switch_down/run_scenario_jellyfish_bellman_ford_switch_down_20260607_083146/h4.pcap,f6:2d:00:d4:af:5a,01:80:c2:00:00:0e,,,,,,60
2026-06-07T08:32:51.571177+00:00,jellyfish,bellman_ford,switch_down,run_scenario_jellyfish_bellman_ford_switch_down_20260607_083146,h4,jellyfish/bellman_ford/switch_down/run_scenario_jellyfish_bellman_ford_switch_down_20260607_083146/h4.pcap,f6:2d:00:d4:af:5a,01:80:c2:00:00:0e,,,,,,60
2026-06-07T08:32:53.610276+00:00,jellyfish,bellman_ford,switch_down,run_scenario_jellyfish_bellman_ford_switch_down_20260607_083146,h4,jellyfish/bellman_ford/switch_down/run_scenario_jellyfish_bellman_ford_switch_down_20260607_083146/h4.pcap,f6:2d:00:d4:af:5a,01:80:c2:00:00:0e,,,,,,60
2026-06-07T08:32:58.368000+00:00,jellyfish,bellman_ford,switch_down,run_scenario_jellyfish_bellman_ford_switch_down_20260607_083146,h4,jellyfish/bellman_ford/switch_down/run_scenario_jellyfish_bellman_ford_switch_down_20260607_083146/h4.pcap,f6:2d:00:d4:af:5a,01:80:c2:00:00:0e,,,,,,60
2026-06-07T08:33:00.405051+00:00,jellyfish,bellman_ford,switch_down,run_scenario_jellyfish_bellman_ford_switch_down_20260607_083146,h4,jellyfish/bellman_ford/switch_down/run_scenario_jellyfish_bellman_ford_switch_down_20260607_083146/h4.pcap,f6:2d:00:d4:af:5a,01:80:c2:00:00:0e,,,,,,60
2026-06-07T08:33:02.441953+00:00,jellyfish,bellman_ford,switch_down,run_scenario_jellyfish_bellman_ford_switch_down_20260607_083146,h4,jellyfish/bellman_ford/switch_down/run_scenario_jellyfish_bellman_ford_switch_down_20260607_083146/h4.pcap,f6:2d:00:d4:af:5a,01:80:c2:00:00:0e,,,,,,60
2026-06-07T08:33:04.476146+00:00,jellyfish,bellman_ford,switch_down,run_scenario_jellyfish_bellman_ford_switch_down_20260607_083146,h4,jellyfish/bellman_ford/switch_down/run_scenario_jellyfish_bellman_ford_switch_down_20260607_083146/h4.pcap,f6:2d:00:d4:af:5a,01:80:c2:00:00:0e,,,,,,60
2026-06-07T08:33:06.506340+00:00,jellyfish,bellman_ford,switch_down,run_scenario_jellyfish_bellman_ford_switch_down_20260607_083146,h4,jellyfish/bellman_ford/switch_down/run_scenario_jellyfish_bellman_ford_switch_down_20260607_083146/h4.pcap,f6:2d:00:d4:af:5a,01:80:c2:00:00:0e,,,,,,60
2026-06-07T08:33:08.539604+00:00,jellyfish,bellman_ford,switch_down,run_scenario_jellyfish_bellman_ford_switch_down_20260607_083146,h4,jellyfish/bellman_ford/switch_down/run_scenario_jellyfish_bellman_ford_switch_down_20260607_083146/h4.pcap,f6:2d:00:d4:af:5a,01:80:c2:00:00:0e,,,,,,60
2026-06-07T08:33:10.573592+00:00,jellyfish,bellman_ford,switch_down,run_scenario_jellyfish_bellman_ford_switch_down_20260607_083146,h4,jellyfish/bellman_ford/switch_down/run_scenario_jellyfish_bellman_ford_switch_down_20260607_083146/h4.pcap,f6:2d:00:d4:af:5a,01:80:c2:00:00:0e,,,,,,60
2026-06-07T08:33:12.609316+00:00,jellyfish,bellman_ford,switch_down,run_scenario_jellyfish_bellman_ford_switch_down_20260607_083146,h4,jellyfish/bellman_ford/switch_down/run_scenario_jellyfish_bellman_ford_switch_down_20260607_083146/h4.pcap,f6:2d:00:d4:af:5a,01:80:c2:00:00:0e,,,,,,60
2026-06-07T08:33:14.641620+00:00,jellyfish,bellman_ford,switch_down,run_scenario_jellyfish_bellman_ford_switch_down_20260607_083146,h4,jellyfish/bellman_ford/switch_down/run_scenario_jellyfish_bellman_ford_switch_down_20260607_083146/h4.pcap,f6:2d:00:d4:af:5a,01:80:c2:00:00:0e,,,,,,60
2026-06-07T08:33:16.675504+00:00,jellyfish,bellman_ford,switch_down,run_scenario_jellyfish_bellman_ford_switch_down_20260607_083146,h4,jellyfish/bellman_ford/switch_down/run_scenario_jellyfish_bellman_ford_switch_down_20260607_083146/h4.pcap,f6:2d:00:d4:af:5a,01:80:c2:00:00:0e,,,,,,60
2026-06-07T08:33:18.708384+00:00,jellyfish,bellman_ford,switch_down,run_scenario_jellyfish_bellman_ford_switch_down_20260607_083146,h4,jellyfish/bellman_ford/switch_down/run_scenario_jellyfish_bellman_ford_switch_down_20260607_083146/h4.pcap,f6:2d:00:d4:af:5a,01:80:c2:00:00:0e,,,,,,60
2026-06-07T08:33:20.744242+00:00,jellyfish,bellman_ford,switch_down,run_scenario_jellyfish_bellman_ford_switch_down_20260607_083146,h4,jellyfish/bellman_ford/switch_down/run_scenario_jellyfish_bellman_ford_switch_down_20260607_083146/h4.pcap,f6:2d:00:d4:af:5a,01:80:c2:00:00:0e,,,,,,60
2026-06-07T08:33:22.780794+00:00,jellyfish,bellman_ford,switch_down,run_scenario_jellyfish_bellman_ford_switch_down_20260607_083146,h4,jellyfish/bellman_ford/switch_down/run_scenario_jellyfish_bellman_ford_switch_down_20260607_083146/h4.pcap,f6:2d:00:d4:af:5a,01:80:c2:00:00:0e,,,,,,60
2026-06-07T08:33:24.815005+00:00,jellyfish,bellman_ford,switch_down,run_scenario_jellyfish_bellman_ford_switch_down_20260607_083146,h4,jellyfish/bellman_ford/switch_down/run_scenario_jellyfish_bellman_ford_switch_down_20260607_083146/h4.pcap,f6:2d:00:d4:af:5a,01:80:c2:00:00:0e,,,,,,60
2026-06-07T08:33:26.104055+00:00,jellyfish,bellman_ford,switch_down,run_scenario_jellyfish_bellman_ford_switch_down_20260607_083146,h4,jellyfish/bellman_ford/switch_down/run_scenario_jellyfish_bellman_ford_switch_down_20260607_083146/h4.pcap,f6:2d:00:d4:af:5a,01:80:c2:00:00:0e,,,,,,60
2026-06-07T08:33:31.617560+00:00,jellyfish,bellman_ford,switch_down,run_scenario_jellyfish_bellman_ford_switch_down_20260607_083146,h4,jellyfish/bellman_ford/switch_down/run_scenario_jellyfish_bellman_ford_switch_down_20260607_083146/h4.pcap,f6:2d:00:d4:af:5a,01:80:c2:00:00:0e,,,,,,60
2026-06-07T08:33:33.655631+00:00,jellyfish,bellman_ford,switch_down,run_scenario_jellyfish_bellman_ford_switch_down_20260607_083146,h4,jellyfish/bellman_ford/switch_down/run_scenario_jellyfish_bellman_ford_switch_down_20260607_083146/h4.pcap,f6:2d:00:d4:af:5a,01:80:c2:00:00:0e,,,,,,60
2026-06-07T08:33:35.693772+00:00,jellyfish,bellman_ford,switch_down,run_scenario_jellyfish_bellman_ford_switch_down_20260607_083146,h4,jellyfish/bellman_ford/switch_down/run_scenario_jellyfish_bellman_ford_switch_down_20260607_083146/h4.pcap,f6:2d:00:d4:af:5a,01:80:c2:00:00:0e,,,,,,60
2026-06-07T08:33:37.731841+00:00,jellyfish,bellman_ford,switch_down,run_scenario_jellyfish_bellman_ford_switch_down_20260607_083146,h4,jellyfish/bellman_ford/switch_down/run_scenario_jellyfish_bellman_ford_switch_down_20260607_083146/h4.pcap,f6:2d:00:d4:af:5a,01:80:c2:00:00:0e,,,,,,60
2026-06-07T08:33:39.766157+00:00,jellyfish,bellman_ford,switch_down,run_scenario_jellyfish_bellman_ford_switch_down_20260607_083146,h4,jellyfish/bellman_ford/switch_down/run_scenario_jellyfish_bellman_ford_switch_down_20260607_083146/h4.pcap,f6:2d:00:d4:af:5a,01:80:c2:00:00:0e,,,,,,60
2026-06-07T08:33:41.803983+00:00,jellyfish,bellman_ford,switch_down,run_scenario_jellyfish_bellman_ford_switch_down_20260607_083146,h4,jellyfish/bellman_ford/switch_down/run_scenario_jellyfish_bellman_ford_switch_down_20260607_083146/h4.pcap,f6:2d:00:d4:af:5a,01:80:c2:00:00:0e,,,,,,60
2026-06-07T08:33:43.838368+00:00,jellyfish,bellman_ford,switch_down,run_scenario_jellyfish_bellman_ford_switch_down_20260607_083146,h4,jellyfish/bellman_ford/switch_down/run_scenario_jellyfish_bellman_ford_switch_down_20260607_083146/h4.pcap,f6:2d:00:d4:af:5a,01:80:c2:00:00:0e,,,,,,60
2026-06-07T08:33:45.873064+00:00,jellyfish,bellman_ford,switch_down,run_scenario_jellyfish_bellman_ford_switch_down_20260607_083146,h4,jellyfish/bellman_ford/switch_down/run_scenario_jellyfish_bellman_ford_switch_down_20260607_083146/h4.pcap,f6:2d:00:d4:af:5a,01:80:c2:00:00:0e,,,,,,60
2026-06-07T08:33:47.904952+00:00,jellyfish,bellman_ford,switch_down,run_scenario_jellyfish_bellman_ford_switch_down_20260607_083146,h4,jellyfish/bellman_ford/switch_down/run_scenario_jellyfish_bellman_ford_switch_down_20260607_083146/h4.pcap,f6:2d:00:d4:af:5a,01:80:c2:00:00:0e,,,,,,60
2026-06-07T08:33:49.936511+00:00,jellyfish,bellman_ford,switch_down,run_scenario_jellyfish_bellman_ford_switch_down_20260607_083146,h4,jellyfish/bellman_ford/switch_down/run_scenario_jellyfish_bellman_ford_switch_down_20260607_083146/h4.pcap,f6:2d:00:d4:af:5a,01:80:c2:00:00:0e,,,,,,60
2026-06-07T08:33:51.969657+00:00,jellyfish,bellman_ford,switch_down,run_scenario_jellyfish_bellman_ford_switch_down_20260607_083146,h4,jellyfish/bellman_ford/switch_down/run_scenario_jellyfish_bellman_ford_switch_down_20260607_083146/h4.pcap,f6:2d:00:d4:af:5a,01:80:c2:00:00:0e,,,,,,60
2026-06-07T08:33:54.006139+00:00,jellyfish,bellman_ford,switch_down,run_scenario_jellyfish_bellman_ford_switch_down_20260607_083146,h4,jellyfish/bellman_ford/switch_down/run_scenario_jellyfish_bellman_ford_switch_down_20260607_083146/h4.pcap,f6:2d:00:d4:af:5a,01:80:c2:00:00:0e,,,,,,60
2026-06-07T08:33:56.043797+00:00,jellyfish,bellman_ford,switch_down,run_scenario_jellyfish_bellman_ford_switch_down_20260607_083146,h4,jellyfish/bellman_ford/switch_down/run_scenario_jellyfish_bellman_ford_switch_down_20260607_083146/h4.pcap,f6:2d:00:d4:af:5a,01:80:c2:00:00:0e,,,,,,60
2026-06-07T08:33:58.075050+00:00,jellyfish,bellman_ford,switch_down,run_scenario_jellyfish_bellman_ford_switch_down_20260607_083146,h4,jellyfish/bellman_ford/switch_down/run_scenario_jellyfish_bellman_ford_switch_down_20260607_083146/h4.pcap,f6:2d:00:d4:af:5a,01:80:c2:00:00:0e,,,,,,60
2026-06-07T08:34:02.835564+00:00,jellyfish,bellman_ford,switch_down,run_scenario_jellyfish_bellman_ford_switch_down_20260607_083146,h4,jellyfish/bellman_ford/switch_down/run_scenario_jellyfish_bellman_ford_switch_down_20260607_083146/h4.pcap,f6:2d:00:d4:af:5a,01:80:c2:00:00:0e,,,,,,60
2026-06-07T08:34:04.869303+00:00,jellyfish,bellman_ford,switch_down,run_scenario_jellyfish_bellman_ford_switch_down_20260607_083146,h4,jellyfish/bellman_ford/switch_down/run_scenario_jellyfish_bellman_ford_switch_down_20260607_083146/h4.pcap,f6:2d:00:d4:af:5a,01:80:c2:00:00:0e,,,,,,60
2026-06-07T08:34:06.905809+00:00,jellyfish,bellman_ford,switch_down,run_scenario_jellyfish_bellman_ford_switch_down_20260607_083146,h4,jellyfish/bellman_ford/switch_down/run_scenario_jellyfish_bellman_ford_switch_down_20260607_083146/h4.pcap,f6:2d:00:d4:af:5a,01:80:c2:00:00:0e,,,,,,60
2026-06-07T08:34:08.943404+00:00,jellyfish,bellman_ford,switch_down,run_scenario_jellyfish_bellman_ford_switch_down_20260607_083146,h4,jellyfish/bellman_ford/switch_down/run_scenario_jellyfish_bellman_ford_switch_down_20260607_083146/h4.pcap,f6:2d:00:d4:af:5a,01:80:c2:00:00:0e,,,,,,60
2026-06-07T08:34:10.977324+00:00,jellyfish,bellman_ford,switch_down,run_scenario_jellyfish_bellman_ford_switch_down_20260607_083146,h4,jellyfish/bellman_ford/switch_down/run_scenario_jellyfish_bellman_ford_switch_down_20260607_083146/h4.pcap,f6:2d:00:d4:af:5a,01:80:c2:00:00:0e,,,,,,60
2026-06-07T08:34:13.013364+00:00,jellyfish,bellman_ford,switch_down,run_scenario_jellyfish_bellman_ford_switch_down_20260607_083146,h4,jellyfish/bellman_ford/switch_down/run_scenario_jellyfish_bellman_ford_switch_down_20260607_083146/h4.pcap,f6:2d:00:d4:af:5a,01:80:c2:00:00:0e,,,,,,60
2026-06-07T08:34:15.051132+00:00,jellyfish,bellman_ford,switch_down,run_scenario_jellyfish_bellman_ford_switch_down_20260607_083146,h4,jellyfish/bellman_ford/switch_down/run_scenario_jellyfish_bellman_ford_switch_down_20260607_083146/h4.pcap,f6:2d:00:d4:af:5a,01:80:c2:00:00:0e,,,,,,60
2026-06-07T08:34:17.081453+00:00,jellyfish,bellman_ford,switch_down,run_scenario_jellyfish_bellman_ford_switch_down_20260607_083146,h4,jellyfish/bellman_ford/switch_down/run_scenario_jellyfish_bellman_ford_switch_down_20260607_083146/h4.pcap,f6:2d:00:d4:af:5a,01:80:c2:00:00:0e,,,,,,60
2026-06-07T08:34:19.116193+00:00,jellyfish,bellman_ford,switch_down,run_scenario_jellyfish_bellman_ford_switch_down_20260607_083146,h4,jellyfish/bellman_ford/switch_down/run_scenario_jellyfish_bellman_ford_switch_down_20260607_083146/h4.pcap,f6:2d:00:d4:af:5a,01:80:c2:00:00:0e,,,,,,60
2026-06-07T08:34:21.151516+00:00,jellyfish,bellman_ford,switch_down,run_scenario_jellyfish_bellman_ford_switch_down_20260607_083146,h4,jellyfish/bellman_ford/switch_down/run_scenario_jellyfish_bellman_ford_switch_down_20260607_083146/h4.pcap,f6:2d:00:d4:af:5a,01:80:c2:00:00:0e,,,,,,60
2026-06-07T08:34:23.187373+00:00,jellyfish,bellman_ford,switch_down,run_scenario_jellyfish_bellman_ford_switch_down_20260607_083146,h4,jellyfish/bellman_ford/switch_down/run_scenario_jellyfish_bellman_ford_switch_down_20260607_083146/h4.pcap,f6:2d:00:d4:af:5a,01:80:c2:00:00:0e,,,,,,60
2026-06-07T08:34:25.222171+00:00,jellyfish,bellman_ford,switch_down,run_scenario_jellyfish_bellman_ford_switch_down_20260607_083146,h4,jellyfish/bellman_ford/switch_down/run_scenario_jellyfish_bellman_ford_switch_down_20260607_083146/h4.pcap,f6:2d:00:d4:af:5a,01:80:c2:00:00:0e,,,,,,60
2026-06-07T08:34:27.257036+00:00,jellyfish,bellman_ford,switch_down,run_scenario_jellyfish_bellman_ford_switch_down_20260607_083146,h4,jellyfish/bellman_ford/switch_down/run_scenario_jellyfish_bellman_ford_switch_down_20260607_083146/h4.pcap,f6:2d:00:d4:af:5a,01:80:c2:00:00:0e,,,,,,60
2026-06-07T08:34:29.293658+00:00,jellyfish,bellman_ford,switch_down,run_scenario_jellyfish_bellman_ford_switch_down_20260607_083146,h4,jellyfish/bellman_ford/switch_down/run_scenario_jellyfish_bellman_ford_switch_down_20260607_083146/h4.pcap,f6:2d:00:d4:af:5a,01:80:c2:00:00:0e,,,,,,60
2026-06-07T08:34:31.330230+00:00,jellyfish,bellman_ford,switch_down,run_scenario_jellyfish_bellman_ford_switch_down_20260607_083146,h4,jellyfish/bellman_ford/switch_down/run_scenario_jellyfish_bellman_ford_switch_down_20260607_083146/h4.pcap,f6:2d:00:d4:af:5a,01:80:c2:00:00:0e,,,,,,60
2026-06-07T08:34:36.095495+00:00,jellyfish,bellman_ford,switch_down,run_scenario_jellyfish_bellman_ford_switch_down_20260607_083146,h4,jellyfish/bellman_ford/switch_down/run_scenario_jellyfish_bellman_ford_switch_down_20260607_083146/h4.pcap,f6:2d:00:d4:af:5a,01:80:c2:00:00:0e,,,,,,60
2026-06-07T08:34:38.126582+00:00,jellyfish,bellman_ford,switch_down,run_scenario_jellyfish_bellman_ford_switch_down_20260607_083146,h4,jellyfish/bellman_ford/switch_down/run_scenario_jellyfish_bellman_ford_switch_down_20260607_083146/h4.pcap,f6:2d:00:d4:af:5a,01:80:c2:00:00:0e,,,,,,60
2026-06-07T08:34:40.161048+00:00,jellyfish,bellman_ford,switch_down,run_scenario_jellyfish_bellman_ford_switch_down_20260607_083146,h4,jellyfish/bellman_ford/switch_down/run_scenario_jellyfish_bellman_ford_switch_down_20260607_083146/h4.pcap,f6:2d:00:d4:af:5a,01:80:c2:00:00:0e,,,,,,60
2026-06-07T08:34:42.197052+00:00,jellyfish,bellman_ford,switch_down,run_scenario_jellyfish_bellman_ford_switch_down_20260607_083146,h4,jellyfish/bellman_ford/switch_down/run_scenario_jellyfish_bellman_ford_switch_down_20260607_083146/h4.pcap,f6:2d:00:d4:af:5a,01:80:c2:00:00:0e,,,,,,60
2026-06-07T08:34:44.235090+00:00,jellyfish,bellman_ford,switch_down,run_scenario_jellyfish_bellman_ford_switch_down_20260607_083146,h4,jellyfish/bellman_ford/switch_down/run_scenario_jellyfish_bellman_ford_switch_down_20260607_083146/h4.pcap,f6:2d:00:d4:af:5a,01:80:c2:00:00:0e,,,,,,60
2026-06-07T08:34:46.267915+00:00,jellyfish,bellman_ford,switch_down,run_scenario_jellyfish_bellman_ford_switch_down_20260607_083146,h4,jellyfish/bellman_ford/switch_down/run_scenario_jellyfish_bellman_ford_switch_down_20260607_083146/h4.pcap,f6:2d:00:d4:af:5a,01:80:c2:00:00:0e,,,,,,60
2026-06-07T08:34:48.299908+00:00,jellyfish,bellman_ford,switch_down,run_scenario_jellyfish_bellman_ford_switch_down_20260607_083146,h4,jellyfish/bellman_ford/switch_down/run_scenario_jellyfish_bellman_ford_switch_down_20260607_083146/h4.pcap,f6:2d:00:d4:af:5a,01:80:c2:00:00:0e,,,,,,60
2026-06-07T08:34:50.330690+00:00,jellyfish,bellman_ford,switch_down,run_scenario_jellyfish_bellman_ford_switch_down_20260607_083146,h4,jellyfish/bellman_ford/switch_down/run_scenario_jellyfish_bellman_ford_switch_down_20260607_083146/h4.pcap,f6:2d:00:d4:af:5a,01:80:c2:00:00:0e,,,,,,60
2026-06-07T08:34:52.368770+00:00,jellyfish,bellman_ford,switch_down,run_scenario_jellyfish_bellman_ford_switch_down_20260607_083146,h4,jellyfish/bellman_ford/switch_down/run_scenario_jellyfish_bellman_ford_switch_down_20260607_083146/h4.pcap,f6:2d:00:d4:af:5a,01:80:c2:00:00:0e,,,,,,60
2026-06-07T08:34:54.403832+00:00,jellyfish,bellman_ford,switch_down,run_scenario_jellyfish_bellman_ford_switch_down_20260607_083146,h4,jellyfish/bellman_ford/switch_down/run_scenario_jellyfish_bellman_ford_switch_down_20260607_083146/h4.pcap,f6:2d:00:d4:af:5a,01:80:c2:00:00:0e,,,,,,60
2026-06-07T08:34:56.435178+00:00,jellyfish,bellman_ford,switch_down,run_scenario_jellyfish_bellman_ford_switch_down_20260607_083146,h4,jellyfish/bellman_ford/switch_down/run_scenario_jellyfish_bellman_ford_switch_down_20260607_083146/h4.pcap,f6:2d:00:d4:af:5a,01:80:c2:00:00:0e,,,,,,60
2026-06-07T08:34:58.468058+00:00,jellyfish,bellman_ford,switch_down,run_scenario_jellyfish_bellman_ford_switch_down_20260607_083146,h4,jellyfish/bellman_ford/switch_down/run_scenario_jellyfish_bellman_ford_switch_down_20260607_083146/h4.pcap,f6:2d:00:d4:af:5a,01:80:c2:00:00:0e,,,,,,60
2026-06-07T08:35:00.505213+00:00,jellyfish,bellman_ford,switch_down,run_scenario_jellyfish_bellman_ford_switch_down_20260607_083146,h4,jellyfish/bellman_ford/switch_down/run_scenario_jellyfish_bellman_ford_switch_down_20260607_083146/h4.pcap,f6:2d:00:d4:af:5a,01:80:c2:00:00:0e,,,,,,60
2026-06-07T08:35:02.541548+00:00,jellyfish,bellman_ford,switch_down,run_scenario_jellyfish_bellman_ford_switch_down_20260607_083146,h4,jellyfish/bellman_ford/switch_down/run_scenario_jellyfish_bellman_ford_switch_down_20260607_083146/h4.pcap,f6:2d:00:d4:af:5a,01:80:c2:00:00:0e,,,,,,60
2026-06-07T08:35:04.572998+00:00,jellyfish,bellman_ford,switch_down,run_scenario_jellyfish_bellman_ford_switch_down_20260607_083146,h4,jellyfish/bellman_ford/switch_down/run_scenario_jellyfish_bellman_ford_switch_down_20260607_083146/h4.pcap,f6:2d:00:d4:af:5a,01:80:c2:00:00:0e,,,,,,60
2026-06-07T08:35:09.335076+00:00,jellyfish,bellman_ford,switch_down,run_scenario_jellyfish_bellman_ford_switch_down_20260607_083146,h4,jellyfish/bellman_ford/switch_down/run_scenario_jellyfish_bellman_ford_switch_down_20260607_083146/h4.pcap,f6:2d:00:d4:af:5a,01:80:c2:00:00:0e,,,,,,60
2026-06-07T08:35:11.367726+00:00,jellyfish,bellman_ford,switch_down,run_scenario_jellyfish_bellman_ford_switch_down_20260607_083146,h4,jellyfish/bellman_ford/switch_down/run_scenario_jellyfish_bellman_ford_switch_down_20260607_083146/h4.pcap,f6:2d:00:d4:af:5a,01:80:c2:00:00:0e,,,,,,60
2026-06-07T08:35:13.401736+00:00,jellyfish,bellman_ford,switch_down,run_scenario_jellyfish_bellman_ford_switch_down_20260607_083146,h4,jellyfish/bellman_ford/switch_down/run_scenario_jellyfish_bellman_ford_switch_down_20260607_083146/h4.pcap,f6:2d:00:d4:af:5a,01:80:c2:00:00:0e,,,,,,60
2026-06-07T08:35:15.436947+00:00,jellyfish,bellman_ford,switch_down,run_scenario_jellyfish_bellman_ford_switch_down_20260607_083146,h4,jellyfish/bellman_ford/switch_down/run_scenario_jellyfish_bellman_ford_switch_down_20260607_083146/h4.pcap,f6:2d:00:d4:af:5a,01:80:c2:00:00:0e,,,,,,60
2026-06-07T08:35:17.475188+00:00,jellyfish,bellman_ford,switch_down,run_scenario_jellyfish_bellman_ford_switch_down_20260607_083146,h4,jellyfish/bellman_ford/switch_down/run_scenario_jellyfish_bellman_ford_switch_down_20260607_083146/h4.pcap,f6:2d:00:d4:af:5a,01:80:c2:00:00:0e,,,,,,60
2026-06-07T08:35:19.505334+00:00,jellyfish,bellman_ford,switch_down,run_scenario_jellyfish_bellman_ford_switch_down_20260607_083146,h4,jellyfish/bellman_ford/switch_down/run_scenario_jellyfish_bellman_ford_switch_down_20260607_083146/h4.pcap,f6:2d:00:d4:af:5a,01:80:c2:00:00:0e,,,,,,60
2026-06-07T08:35:21.540397+00:00,jellyfish,bellman_ford,switch_down,run_scenario_jellyfish_bellman_ford_switch_down_20260607_083146,h4,jellyfish/bellman_ford/switch_down/run_scenario_jellyfish_bellman_ford_switch_down_20260607_083146/h4.pcap,f6:2d:00:d4:af:5a,01:80:c2:00:00:0e,,,,,,60
2026-06-07T08:35:23.576317+00:00,jellyfish,bellman_ford,switch_down,run_scenario_jellyfish_bellman_ford_switch_down_20260607_083146,h4,jellyfish/bellman_ford/switch_down/run_scenario_jellyfish_bellman_ford_switch_down_20260607_083146/h4.pcap,f6:2d:00:d4:af:5a,01:80:c2:00:00:0e,,,,,,60
2026-06-07T08:35:25.606823+00:00,jellyfish,bellman_ford,switch_down,run_scenario_jellyfish_bellman_ford_switch_down_20260607_083146,h4,jellyfish/bellman_ford/switch_down/run_scenario_jellyfish_bellman_ford_switch_down_20260607_083146/h4.pcap,f6:2d:00:d4:af:5a,01:80:c2:00:00:0e,,,,,,60
2026-06-07T08:35:27.636598+00:00,jellyfish,bellman_ford,switch_down,run_scenario_jellyfish_bellman_ford_switch_down_20260607_083146,h4,jellyfish/bellman_ford/switch_down/run_scenario_jellyfish_bellman_ford_switch_down_20260607_083146/h4.pcap,f6:2d:00:d4:af:5a,01:80:c2:00:00:0e,,,,,,60
2026-06-07T08:35:29.671877+00:00,jellyfish,bellman_ford,switch_down,run_scenario_jellyfish_bellman_ford_switch_down_20260607_083146,h4,jellyfish/bellman_ford/switch_down/run_scenario_jellyfish_bellman_ford_switch_down_20260607_083146/h4.pcap,f6:2d:00:d4:af:5a,01:80:c2:00:00:0e,,,,,,60
2026-06-07T08:35:31.706986+00:00,jellyfish,bellman_ford,switch_down,run_scenario_jellyfish_bellman_ford_switch_down_20260607_083146,h4,jellyfish/bellman_ford/switch_down/run_scenario_jellyfish_bellman_ford_switch_down_20260607_083146/h4.pcap,f6:2d:00:d4:af:5a,01:80:c2:00:00:0e,,,,,,60
2026-06-07T08:35:33.742930+00:00,jellyfish,bellman_ford,switch_down,run_scenario_jellyfish_bellman_ford_switch_down_20260607_083146,h4,jellyfish/bellman_ford/switch_down/run_scenario_jellyfish_bellman_ford_switch_down_20260607_083146/h4.pcap,f6:2d:00:d4:af:5a,01:80:c2:00:00:0e,,,,,,60
2026-06-07T08:35:35.777007+00:00,jellyfish,bellman_ford,switch_down,run_scenario_jellyfish_bellman_ford_switch_down_20260607_083146,h4,jellyfish/bellman_ford/switch_down/run_scenario_jellyfish_bellman_ford_switch_down_20260607_083146/h4.pcap,f6:2d:00:d4:af:5a,01:80:c2:00:00:0e,,,,,,60
2026-06-07T08:35:40.535873+00:00,jellyfish,bellman_ford,switch_down,run_scenario_jellyfish_bellman_ford_switch_down_20260607_083146,h4,jellyfish/bellman_ford/switch_down/run_scenario_jellyfish_bellman_ford_switch_down_20260607_083146/h4.pcap,f6:2d:00:d4:af:5a,01:80:c2:00:00:0e,,,,,,60
2026-06-07T08:35:42.566804+00:00,jellyfish,bellman_ford,switch_down,run_scenario_jellyfish_bellman_ford_switch_down_20260607_083146,h4,jellyfish/bellman_ford/switch_down/run_scenario_jellyfish_bellman_ford_switch_down_20260607_083146/h4.pcap,f6:2d:00:d4:af:5a,01:80:c2:00:00:0e,,,,,,60
2026-06-07T08:35:44.604102+00:00,jellyfish,bellman_ford,switch_down,run_scenario_jellyfish_bellman_ford_switch_down_20260607_083146,h4,jellyfish/bellman_ford/switch_down/run_scenario_jellyfish_bellman_ford_switch_down_20260607_083146/h4.pcap,f6:2d:00:d4:af:5a,01:80:c2:00:00:0e,,,,,,60
2026-06-07T08:35:46.637341+00:00,jellyfish,bellman_ford,switch_down,run_scenario_jellyfish_bellman_ford_switch_down_20260607_083146,h4,jellyfish/bellman_ford/switch_down/run_scenario_jellyfish_bellman_ford_switch_down_20260607_083146/h4.pcap,f6:2d:00:d4:af:5a,01:80:c2:00:00:0e,,,,,,60
2026-06-07T08:35:48.670516+00:00,jellyfish,bellman_ford,switch_down,run_scenario_jellyfish_bellman_ford_switch_down_20260607_083146,h4,jellyfish/bellman_ford/switch_down/run_scenario_jellyfish_bellman_ford_switch_down_20260607_083146/h4.pcap,f6:2d:00:d4:af:5a,01:80:c2:00:00:0e,,,,,,60
2026-06-07T08:35:50.705460+00:00,jellyfish,bellman_ford,switch_down,run_scenario_jellyfish_bellman_ford_switch_down_20260607_083146,h4,jellyfish/bellman_ford/switch_down/run_scenario_jellyfish_bellman_ford_switch_down_20260607_083146/h4.pcap,f6:2d:00:d4:af:5a,01:80:c2:00:00:0e,,,,,,60
2026-06-07T08:35:52.737731+00:00,jellyfish,bellman_ford,switch_down,run_scenario_jellyfish_bellman_ford_switch_down_20260607_083146,h4,jellyfish/bellman_ford/switch_down/run_scenario_jellyfish_bellman_ford_switch_down_20260607_083146/h4.pcap,f6:2d:00:d4:af:5a,01:80:c2:00:00:0e,,,,,,60
2026-06-07T08:35:54.773538+00:00,jellyfish,bellman_ford,switch_down,run_scenario_jellyfish_bellman_ford_switch_down_20260607_083146,h4,jellyfish/bellman_ford/switch_down/run_scenario_jellyfish_bellman_ford_switch_down_20260607_083146/h4.pcap,f6:2d:00:d4:af:5a,01:80:c2:00:00:0e,,,,,,60
2026-06-07T08:35:56.809446+00:00,jellyfish,bellman_ford,switch_down,run_scenario_jellyfish_bellman_ford_switch_down_20260607_083146,h4,jellyfish/bellman_ford/switch_down/run_scenario_jellyfish_bellman_ford_switch_down_20260607_083146/h4.pcap,f6:2d:00:d4:af:5a,01:80:c2:00:00:0e,,,,,,60
2026-06-07T08:35:58.843967+00:00,jellyfish,bellman_ford,switch_down,run_scenario_jellyfish_bellman_ford_switch_down_20260607_083146,h4,jellyfish/bellman_ford/switch_down/run_scenario_jellyfish_bellman_ford_switch_down_20260607_083146/h4.pcap,f6:2d:00:d4:af:5a,01:80:c2:00:00:0e,,,,,,60
2026-06-07T08:36:00.883614+00:00,jellyfish,bellman_ford,switch_down,run_scenario_jellyfish_bellman_ford_switch_down_20260607_083146,h4,jellyfish/bellman_ford/switch_down/run_scenario_jellyfish_bellman_ford_switch_down_20260607_083146/h4.pcap,f6:2d:00:d4:af:5a,01:80:c2:00:00:0e,,,,,,60
2026-06-07T08:36:02.915652+00:00,jellyfish,bellman_ford,switch_down,run_scenario_jellyfish_bellman_ford_switch_down_20260607_083146,h4,jellyfish/bellman_ford/switch_down/run_scenario_jellyfish_bellman_ford_switch_down_20260607_083146/h4.pcap,f6:2d:00:d4:af:5a,01:80:c2:00:00:0e,,,,,,60
2026-06-07T08:36:04.947896+00:00,jellyfish,bellman_ford,switch_down,run_scenario_jellyfish_bellman_ford_switch_down_20260607_083146,h4,jellyfish/bellman_ford/switch_down/run_scenario_jellyfish_bellman_ford_switch_down_20260607_083146/h4.pcap,f6:2d:00:d4:af:5a,01:80:c2:00:00:0e,,,,,,60
2026-06-07T08:36:06.978921+00:00,jellyfish,bellman_ford,switch_down,run_scenario_jellyfish_bellman_ford_switch_down_20260607_083146,h4,jellyfish/bellman_ford/switch_down/run_scenario_jellyfish_bellman_ford_switch_down_20260607_083146/h4.pcap,f6:2d:00:d4:af:5a,01:80:c2:00:00:0e,,,,,,60
2026-06-07T08:36:09.012960+00:00,jellyfish,bellman_ford,switch_down,run_scenario_jellyfish_bellman_ford_switch_down_20260607_083146,h4,jellyfish/bellman_ford/switch_down/run_scenario_jellyfish_bellman_ford_switch_down_20260607_083146/h4.pcap,f6:2d:00:d4:af:5a,01:80:c2:00:00:0e,,,,,,60
2026-06-07T08:36:13.774321+00:00,jellyfish,bellman_ford,switch_down,run_scenario_jellyfish_bellman_ford_switch_down_20260607_083146,h4,jellyfish/bellman_ford/switch_down/run_scenario_jellyfish_bellman_ford_switch_down_20260607_083146/h4.pcap,f6:2d:00:d4:af:5a,01:80:c2:00:00:0e,,,,,,60
2026-06-07T08:36:15.805531+00:00,jellyfish,bellman_ford,switch_down,run_scenario_jellyfish_bellman_ford_switch_down_20260607_083146,h4,jellyfish/bellman_ford/switch_down/run_scenario_jellyfish_bellman_ford_switch_down_20260607_083146/h4.pcap,f6:2d:00:d4:af:5a,01:80:c2:00:00:0e,,,,,,60
2026-06-07T08:36:17.838155+00:00,jellyfish,bellman_ford,switch_down,run_scenario_jellyfish_bellman_ford_switch_down_20260607_083146,h4,jellyfish/bellman_ford/switch_down/run_scenario_jellyfish_bellman_ford_switch_down_20260607_083146/h4.pcap,f6:2d:00:d4:af:5a,01:80:c2:00:00:0e,,,,,,60
2026-06-07T08:36:19.873794+00:00,jellyfish,bellman_ford,switch_down,run_scenario_jellyfish_bellman_ford_switch_down_20260607_083146,h4,jellyfish/bellman_ford/switch_down/run_scenario_jellyfish_bellman_ford_switch_down_20260607_083146/h4.pcap,f6:2d:00:d4:af:5a,01:80:c2:00:00:0e,,,,,,60
2026-06-07T08:36:21.906496+00:00,jellyfish,bellman_ford,switch_down,run_scenario_jellyfish_bellman_ford_switch_down_20260607_083146,h4,jellyfish/bellman_ford/switch_down/run_scenario_jellyfish_bellman_ford_switch_down_20260607_083146/h4.pcap,f6:2d:00:d4:af:5a,01:80:c2:00:00:0e,,,,,,60
2026-06-07T08:36:23.938856+00:00,jellyfish,bellman_ford,switch_down,run_scenario_jellyfish_bellman_ford_switch_down_20260607_083146,h4,jellyfish/bellman_ford/switch_down/run_scenario_jellyfish_bellman_ford_switch_down_20260607_083146/h4.pcap,f6:2d:00:d4:af:5a,01:80:c2:00:00:0e,,,,,,60
2026-06-07T08:36:25.975232+00:00,jellyfish,bellman_ford,switch_down,run_scenario_jellyfish_bellman_ford_switch_down_20260607_083146,h4,jellyfish/bellman_ford/switch_down/run_scenario_jellyfish_bellman_ford_switch_down_20260607_083146/h4.pcap,f6:2d:00:d4:af:5a,01:80:c2:00:00:0e,,,,,,60
2026-06-07T08:36:28.006773+00:00,jellyfish,bellman_ford,switch_down,run_scenario_jellyfish_bellman_ford_switch_down_20260607_083146,h4,jellyfish/bellman_ford/switch_down/run_scenario_jellyfish_bellman_ford_switch_down_20260607_083146/h4.pcap,f6:2d:00:d4:af:5a,01:80:c2:00:00:0e,,,,,,60
2026-06-07T08:36:30.038154+00:00,jellyfish,bellman_ford,switch_down,run_scenario_jellyfish_bellman_ford_switch_down_20260607_083146,h4,jellyfish/bellman_ford/switch_down/run_scenario_jellyfish_bellman_ford_switch_down_20260607_083146/h4.pcap,f6:2d:00:d4:af:5a,01:80:c2:00:00:0e,,,,,,60
2026-06-07T08:36:32.072672+00:00,jellyfish,bellman_ford,switch_down,run_scenario_jellyfish_bellman_ford_switch_down_20260607_083146,h4,jellyfish/bellman_ford/switch_down/run_scenario_jellyfish_bellman_ford_switch_down_20260607_083146/h4.pcap,f6:2d:00:d4:af:5a,01:80:c2:00:00:0e,,,,,,60
2026-06-07T08:36:34.105236+00:00,jellyfish,bellman_ford,switch_down,run_scenario_jellyfish_bellman_ford_switch_down_20260607_083146,h4,jellyfish/bellman_ford/switch_down/run_scenario_jellyfish_bellman_ford_switch_down_20260607_083146/h4.pcap,f6:2d:00:d4:af:5a,01:80:c2:00:00:0e,,,,,,60
2026-06-07T08:36:36.137528+00:00,jellyfish,bellman_ford,switch_down,run_scenario_jellyfish_bellman_ford_switch_down_20260607_083146,h4,jellyfish/bellman_ford/switch_down/run_scenario_jellyfish_bellman_ford_switch_down_20260607_083146/h4.pcap,f6:2d:00:d4:af:5a,01:80:c2:00:00:0e,,,,,,60
2026-06-07T08:36:38.169165+00:00,jellyfish,bellman_ford,switch_down,run_scenario_jellyfish_bellman_ford_switch_down_20260607_083146,h4,jellyfish/bellman_ford/switch_down/run_scenario_jellyfish_bellman_ford_switch_down_20260607_083146/h4.pcap,f6:2d:00:d4:af:5a,01:80:c2:00:00:0e,,,,,,60
2026-06-07T08:36:40.203439+00:00,jellyfish,bellman_ford,switch_down,run_scenario_jellyfish_bellman_ford_switch_down_20260607_083146,h4,jellyfish/bellman_ford/switch_down/run_scenario_jellyfish_bellman_ford_switch_down_20260607_083146/h4.pcap,f6:2d:00:d4:af:5a,01:80:c2:00:00:0e,,,,,,60
2026-06-07T08:36:42.237080+00:00,jellyfish,bellman_ford,switch_down,run_scenario_jellyfish_bellman_ford_switch_down_20260607_083146,h4,jellyfish/bellman_ford/switch_down/run_scenario_jellyfish_bellman_ford_switch_down_20260607_083146/h4.pcap,f6:2d:00:d4:af:5a,01:80:c2:00:00:0e,,,,,,60
2026-06-07T08:36:46.997959+00:00,jellyfish,bellman_ford,switch_down,run_scenario_jellyfish_bellman_ford_switch_down_20260607_083146,h4,jellyfish/bellman_ford/switch_down/run_scenario_jellyfish_bellman_ford_switch_down_20260607_083146/h4.pcap,f6:2d:00:d4:af:5a,01:80:c2:00:00:0e,,,,,,60
2026-06-07T08:36:49.034772+00:00,jellyfish,bellman_ford,switch_down,run_scenario_jellyfish_bellman_ford_switch_down_20260607_083146,h4,jellyfish/bellman_ford/switch_down/run_scenario_jellyfish_bellman_ford_switch_down_20260607_083146/h4.pcap,f6:2d:00:d4:af:5a,01:80:c2:00:00:0e,,,,,,60
2026-06-07T08:36:51.076097+00:00,jellyfish,bellman_ford,switch_down,run_scenario_jellyfish_bellman_ford_switch_down_20260607_083146,h4,jellyfish/bellman_ford/switch_down/run_scenario_jellyfish_bellman_ford_switch_down_20260607_083146/h4.pcap,f6:2d:00:d4:af:5a,01:80:c2:00:00:0e,,,,,,60
2026-06-07T08:36:53.113296+00:00,jellyfish,bellman_ford,switch_down,run_scenario_jellyfish_bellman_ford_switch_down_20260607_083146,h4,jellyfish/bellman_ford/switch_down/run_scenario_jellyfish_bellman_ford_switch_down_20260607_083146/h4.pcap,f6:2d:00:d4:af:5a,01:80:c2:00:00:0e,,,,,,60
2026-06-07T08:36:55.148714+00:00,jellyfish,bellman_ford,switch_down,run_scenario_jellyfish_bellman_ford_switch_down_20260607_083146,h4,jellyfish/bellman_ford/switch_down/run_scenario_jellyfish_bellman_ford_switch_down_20260607_083146/h4.pcap,f6:2d:00:d4:af:5a,01:80:c2:00:00:0e,,,,,,60
2026-06-07T08:36:57.184297+00:00,jellyfish,bellman_ford,switch_down,run_scenario_jellyfish_bellman_ford_switch_down_20260607_083146,h4,jellyfish/bellman_ford/switch_down/run_scenario_jellyfish_bellman_ford_switch_down_20260607_083146/h4.pcap,f6:2d:00:d4:af:5a,01:80:c2:00:00:0e,,,,,,60
2026-06-07T08:36:59.216320+00:00,jellyfish,bellman_ford,switch_down,run_scenario_jellyfish_bellman_ford_switch_down_20260607_083146,h4,jellyfish/bellman_ford/switch_down/run_scenario_jellyfish_bellman_ford_switch_down_20260607_083146/h4.pcap,f6:2d:00:d4:af:5a,01:80:c2:00:00:0e,,,,,,60
2026-06-07T08:37:01.252971+00:00,jellyfish,bellman_ford,switch_down,run_scenario_jellyfish_bellman_ford_switch_down_20260607_083146,h4,jellyfish/bellman_ford/switch_down/run_scenario_jellyfish_bellman_ford_switch_down_20260607_083146/h4.pcap,f6:2d:00:d4:af:5a,01:80:c2:00:00:0e,,,,,,60
2026-06-07T08:37:03.288810+00:00,jellyfish,bellman_ford,switch_down,run_scenario_jellyfish_bellman_ford_switch_down_20260607_083146,h4,jellyfish/bellman_ford/switch_down/run_scenario_jellyfish_bellman_ford_switch_down_20260607_083146/h4.pcap,f6:2d:00:d4:af:5a,01:80:c2:00:00:0e,,,,,,60
2026-06-07T08:37:05.328324+00:00,jellyfish,bellman_ford,switch_down,run_scenario_jellyfish_bellman_ford_switch_down_20260607_083146,h4,jellyfish/bellman_ford/switch_down/run_scenario_jellyfish_bellman_ford_switch_down_20260607_083146/h4.pcap,f6:2d:00:d4:af:5a,01:80:c2:00:00:0e,,,,,,60
2026-06-07T08:37:07.364853+00:00,jellyfish,bellman_ford,switch_down,run_scenario_jellyfish_bellman_ford_switch_down_20260607_083146,h4,jellyfish/bellman_ford/switch_down/run_scenario_jellyfish_bellman_ford_switch_down_20260607_083146/h4.pcap,f6:2d:00:d4:af:5a,01:80:c2:00:00:0e,,,,,,60
2026-06-07T08:37:09.403770+00:00,jellyfish,bellman_ford,switch_down,run_scenario_jellyfish_bellman_ford_switch_down_20260607_083146,h4,jellyfish/bellman_ford/switch_down/run_scenario_jellyfish_bellman_ford_switch_down_20260607_083146/h4.pcap,f6:2d:00:d4:af:5a,01:80:c2:00:00:0e,,,,,,60
2026-06-07T08:37:11.436268+00:00,jellyfish,bellman_ford,switch_down,run_scenario_jellyfish_bellman_ford_switch_down_20260607_083146,h4,jellyfish/bellman_ford/switch_down/run_scenario_jellyfish_bellman_ford_switch_down_20260607_083146/h4.pcap,f6:2d:00:d4:af:5a,01:80:c2:00:00:0e,,,,,,60
2026-06-07T08:37:13.467984+00:00,jellyfish,bellman_ford,switch_down,run_scenario_jellyfish_bellman_ford_switch_down_20260607_083146,h4,jellyfish/bellman_ford/switch_down/run_scenario_jellyfish_bellman_ford_switch_down_20260607_083146/h4.pcap,f6:2d:00:d4:af:5a,01:80:c2:00:00:0e,,,,,,60
2026-06-07T08:37:15.498714+00:00,jellyfish,bellman_ford,switch_down,run_scenario_jellyfish_bellman_ford_switch_down_20260607_083146,h4,jellyfish/bellman_ford/switch_down/run_scenario_jellyfish_bellman_ford_switch_down_20260607_083146/h4.pcap,f6:2d:00:d4:af:5a,01:80:c2:00:00:0e,,,,,,60
2026-06-07T08:37:20.255492+00:00,jellyfish,bellman_ford,switch_down,run_scenario_jellyfish_bellman_ford_switch_down_20260607_083146,h4,jellyfish/bellman_ford/switch_down/run_scenario_jellyfish_bellman_ford_switch_down_20260607_083146/h4.pcap,f6:2d:00:d4:af:5a,01:80:c2:00:00:0e,,,,,,60
2026-06-07T08:37:22.292722+00:00,jellyfish,bellman_ford,switch_down,run_scenario_jellyfish_bellman_ford_switch_down_20260607_083146,h4,jellyfish/bellman_ford/switch_down/run_scenario_jellyfish_bellman_ford_switch_down_20260607_083146/h4.pcap,f6:2d:00:d4:af:5a,01:80:c2:00:00:0e,,,,,,60
2026-06-07T08:37:24.326655+00:00,jellyfish,bellman_ford,switch_down,run_scenario_jellyfish_bellman_ford_switch_down_20260607_083146,h4,jellyfish/bellman_ford/switch_down/run_scenario_jellyfish_bellman_ford_switch_down_20260607_083146/h4.pcap,f6:2d:00:d4:af:5a,01:80:c2:00:00:0e,,,,,,60
2026-06-07T08:37:26.359485+00:00,jellyfish,bellman_ford,switch_down,run_scenario_jellyfish_bellman_ford_switch_down_20260607_083146,h4,jellyfish/bellman_ford/switch_down/run_scenario_jellyfish_bellman_ford_switch_down_20260607_083146/h4.pcap,f6:2d:00:d4:af:5a,01:80:c2:00:00:0e,,,,,,60
2026-06-07T08:37:28.401199+00:00,jellyfish,bellman_ford,switch_down,run_scenario_jellyfish_bellman_ford_switch_down_20260607_083146,h4,jellyfish/bellman_ford/switch_down/run_scenario_jellyfish_bellman_ford_switch_down_20260607_083146/h4.pcap,f6:2d:00:d4:af:5a,01:80:c2:00:00:0e,,,,,,60
2026-06-07T08:37:30.439987+00:00,jellyfish,bellman_ford,switch_down,run_scenario_jellyfish_bellman_ford_switch_down_20260607_083146,h4,jellyfish/bellman_ford/switch_down/run_scenario_jellyfish_bellman_ford_switch_down_20260607_083146/h4.pcap,f6:2d:00:d4:af:5a,01:80:c2:00:00:0e,,,,,,60
2026-06-07T08:37:32.480549+00:00,jellyfish,bellman_ford,switch_down,run_scenario_jellyfish_bellman_ford_switch_down_20260607_083146,h4,jellyfish/bellman_ford/switch_down/run_scenario_jellyfish_bellman_ford_switch_down_20260607_083146/h4.pcap,f6:2d:00:d4:af:5a,01:80:c2:00:00:0e,,,,,,60
2026-06-07T08:37:34.519787+00:00,jellyfish,bellman_ford,switch_down,run_scenario_jellyfish_bellman_ford_switch_down_20260607_083146,h4,jellyfish/bellman_ford/switch_down/run_scenario_jellyfish_bellman_ford_switch_down_20260607_083146/h4.pcap,f6:2d:00:d4:af:5a,01:80:c2:00:00:0e,,,,,,60
2026-06-07T08:37:36.558780+00:00,jellyfish,bellman_ford,switch_down,run_scenario_jellyfish_bellman_ford_switch_down_20260607_083146,h4,jellyfish/bellman_ford/switch_down/run_scenario_jellyfish_bellman_ford_switch_down_20260607_083146/h4.pcap,f6:2d:00:d4:af:5a,01:80:c2:00:00:0e,,,,,,60
2026-06-07T08:37:38.592346+00:00,jellyfish,bellman_ford,switch_down,run_scenario_jellyfish_bellman_ford_switch_down_20260607_083146,h4,jellyfish/bellman_ford/switch_down/run_scenario_jellyfish_bellman_ford_switch_down_20260607_083146/h4.pcap,f6:2d:00:d4:af:5a,01:80:c2:00:00:0e,,,,,,60
2026-06-07T08:37:40.629336+00:00,jellyfish,bellman_ford,switch_down,run_scenario_jellyfish_bellman_ford_switch_down_20260607_083146,h4,jellyfish/bellman_ford/switch_down/run_scenario_jellyfish_bellman_ford_switch_down_20260607_083146/h4.pcap,f6:2d:00:d4:af:5a,01:80:c2:00:00:0e,,,,,,60
2026-06-07T08:37:42.661118+00:00,jellyfish,bellman_ford,switch_down,run_scenario_jellyfish_bellman_ford_switch_down_20260607_083146,h4,jellyfish/bellman_ford/switch_down/run_scenario_jellyfish_bellman_ford_switch_down_20260607_083146/h4.pcap,f6:2d:00:d4:af:5a,01:80:c2:00:00:0e,,,,,,60
2026-06-07T08:37:44.691318+00:00,jellyfish,bellman_ford,switch_down,run_scenario_jellyfish_bellman_ford_switch_down_20260607_083146,h4,jellyfish/bellman_ford/switch_down/run_scenario_jellyfish_bellman_ford_switch_down_20260607_083146/h4.pcap,f6:2d:00:d4:af:5a,01:80:c2:00:00:0e,,,,,,60
2026-06-07T08:37:46.730655+00:00,jellyfish,bellman_ford,switch_down,run_scenario_jellyfish_bellman_ford_switch_down_20260607_083146,h4,jellyfish/bellman_ford/switch_down/run_scenario_jellyfish_bellman_ford_switch_down_20260607_083146/h4.pcap,f6:2d:00:d4:af:5a,01:80:c2:00:00:0e,,,,,,60
2026-06-07T08:37:51.495267+00:00,jellyfish,bellman_ford,switch_down,run_scenario_jellyfish_bellman_ford_switch_down_20260607_083146,h4,jellyfish/bellman_ford/switch_down/run_scenario_jellyfish_bellman_ford_switch_down_20260607_083146/h4.pcap,f6:2d:00:d4:af:5a,01:80:c2:00:00:0e,,,,,,60
2026-06-07T08:37:53.533524+00:00,jellyfish,bellman_ford,switch_down,run_scenario_jellyfish_bellman_ford_switch_down_20260607_083146,h4,jellyfish/bellman_ford/switch_down/run_scenario_jellyfish_bellman_ford_switch_down_20260607_083146/h4.pcap,f6:2d:00:d4:af:5a,01:80:c2:00:00:0e,,,,,,60
2026-06-07T08:37:54.829566+00:00,jellyfish,bellman_ford,switch_down,run_scenario_jellyfish_bellman_ford_switch_down_20260607_083146,h4,jellyfish/bellman_ford/switch_down/run_scenario_jellyfish_bellman_ford_switch_down_20260607_083146/h4.pcap,00:00:00:00:04:01,00:00:00:00:00:01,10.0.0.5,10.0.0.1,IP,,,96
2026-06-07T08:37:54.839913+00:00,jellyfish,bellman_ford,switch_down,run_scenario_jellyfish_bellman_ford_switch_down_20260607_083146,h4,jellyfish/bellman_ford/switch_down/run_scenario_jellyfish_bellman_ford_switch_down_20260607_083146/h4.pcap,00:00:00:00:00:01,00:00:00:00:04:01,10.0.0.1,10.0.0.5,IP,,,96
2026-06-07T08:37:54.844782+00:00,jellyfish,bellman_ford,switch_down,run_scenario_jellyfish_bellman_ford_switch_down_20260607_083146,h4,jellyfish/bellman_ford/switch_down/run_scenario_jellyfish_bellman_ford_switch_down_20260607_083146/h4.pcap,00:00:00:00:04:01,00:00:00:00:01:01,10.0.0.5,10.0.0.2,IP,,,96
2026-06-07T08:37:55.569336+00:00,jellyfish,bellman_ford,switch_down,run_scenario_jellyfish_bellman_ford_switch_down_20260607_083146,h4,jellyfish/bellman_ford/switch_down/run_scenario_jellyfish_bellman_ford_switch_down_20260607_083146/h4.pcap,f6:2d:00:d4:af:5a,01:80:c2:00:00:0e,,,,,,60
2026-06-07T08:37:57.605586+00:00,jellyfish,bellman_ford,switch_down,run_scenario_jellyfish_bellman_ford_switch_down_20260607_083146,h4,jellyfish/bellman_ford/switch_down/run_scenario_jellyfish_bellman_ford_switch_down_20260607_083146/h4.pcap,f6:2d:00:d4:af:5a,01:80:c2:00:00:0e,,,,,,60
2026-06-07T08:37:59.646824+00:00,jellyfish,bellman_ford,switch_down,run_scenario_jellyfish_bellman_ford_switch_down_20260607_083146,h4,jellyfish/bellman_ford/switch_down/run_scenario_jellyfish_bellman_ford_switch_down_20260607_083146/h4.pcap,f6:2d:00:d4:af:5a,01:80:c2:00:00:0e,,,,,,60
2026-06-07T08:38:01.686238+00:00,jellyfish,bellman_ford,switch_down,run_scenario_jellyfish_bellman_ford_switch_down_20260607_083146,h4,jellyfish/bellman_ford/switch_down/run_scenario_jellyfish_bellman_ford_switch_down_20260607_083146/h4.pcap,f6:2d:00:d4:af:5a,01:80:c2:00:00:0e,,,,,,60
2026-06-07T08:38:03.724683+00:00,jellyfish,bellman_ford,switch_down,run_scenario_jellyfish_bellman_ford_switch_down_20260607_083146,h4,jellyfish/bellman_ford/switch_down/run_scenario_jellyfish_bellman_ford_switch_down_20260607_083146/h4.pcap,f6:2d:00:d4:af:5a,01:80:c2:00:00:0e,,,,,,60
2026-06-07T08:38:04.850464+00:00,jellyfish,bellman_ford,switch_down,run_scenario_jellyfish_bellman_ford_switch_down_20260607_083146,h4,jellyfish/bellman_ford/switch_down/run_scenario_jellyfish_bellman_ford_switch_down_20260607_083146/h4.pcap,00:00:00:00:04:01,00:00:00:00:02:01,10.0.0.5,10.0.0.3,IP,,,96
2026-06-07T08:38:04.859059+00:00,jellyfish,bellman_ford,switch_down,run_scenario_jellyfish_bellman_ford_switch_down_20260607_083146,h4,jellyfish/bellman_ford/switch_down/run_scenario_jellyfish_bellman_ford_switch_down_20260607_083146/h4.pcap,00:00:00:00:02:01,00:00:00:00:04:01,10.0.0.3,10.0.0.5,IP,,,96
2026-06-07T08:38:04.864505+00:00,jellyfish,bellman_ford,switch_down,run_scenario_jellyfish_bellman_ford_switch_down_20260607_083146,h4,jellyfish/bellman_ford/switch_down/run_scenario_jellyfish_bellman_ford_switch_down_20260607_083146/h4.pcap,00:00:00:00:04:01,00:00:00:00:03:01,10.0.0.5,10.0.0.4,IP,,,96
2026-06-07T08:38:04.873155+00:00,jellyfish,bellman_ford,switch_down,run_scenario_jellyfish_bellman_ford_switch_down_20260607_083146,h4,jellyfish/bellman_ford/switch_down/run_scenario_jellyfish_bellman_ford_switch_down_20260607_083146/h4.pcap,00:00:00:00:03:01,00:00:00:00:04:01,10.0.0.4,10.0.0.5,IP,,,96
2026-06-07T08:38:04.878566+00:00,jellyfish,bellman_ford,switch_down,run_scenario_jellyfish_bellman_ford_switch_down_20260607_083146,h4,jellyfish/bellman_ford/switch_down/run_scenario_jellyfish_bellman_ford_switch_down_20260607_083146/h4.pcap,00:00:00:00:04:01,00:00:00:00:05:01,10.0.0.5,10.0.0.6,IP,,,96
2026-06-07T08:38:05.763455+00:00,jellyfish,bellman_ford,switch_down,run_scenario_jellyfish_bellman_ford_switch_down_20260607_083146,h4,jellyfish/bellman_ford/switch_down/run_scenario_jellyfish_bellman_ford_switch_down_20260607_083146/h4.pcap,f6:2d:00:d4:af:5a,01:80:c2:00:00:0e,,,,,,60
2026-06-07T08:38:07.798171+00:00,jellyfish,bellman_ford,switch_down,run_scenario_jellyfish_bellman_ford_switch_down_20260607_083146,h4,jellyfish/bellman_ford/switch_down/run_scenario_jellyfish_bellman_ford_switch_down_20260607_083146/h4.pcap,f6:2d:00:d4:af:5a,01:80:c2:00:00:0e,,,,,,60
2026-06-07T08:38:09.836222+00:00,jellyfish,bellman_ford,switch_down,run_scenario_jellyfish_bellman_ford_switch_down_20260607_083146,h4,jellyfish/bellman_ford/switch_down/run_scenario_jellyfish_bellman_ford_switch_down_20260607_083146/h4.pcap,f6:2d:00:d4:af:5a,01:80:c2:00:00:0e,,,,,,60
2026-06-07T08:38:11.876620+00:00,jellyfish,bellman_ford,switch_down,run_scenario_jellyfish_bellman_ford_switch_down_20260607_083146,h4,jellyfish/bellman_ford/switch_down/run_scenario_jellyfish_bellman_ford_switch_down_20260607_083146/h4.pcap,f6:2d:00:d4:af:5a,01:80:c2:00:00:0e,,,,,,60
2026-06-07T08:38:13.916293+00:00,jellyfish,bellman_ford,switch_down,run_scenario_jellyfish_bellman_ford_switch_down_20260607_083146,h4,jellyfish/bellman_ford/switch_down/run_scenario_jellyfish_bellman_ford_switch_down_20260607_083146/h4.pcap,f6:2d:00:d4:af:5a,01:80:c2:00:00:0e,,,,,,60
2026-06-07T08:38:14.885384+00:00,jellyfish,bellman_ford,switch_down,run_scenario_jellyfish_bellman_ford_switch_down_20260607_083146,h4,jellyfish/bellman_ford/switch_down/run_scenario_jellyfish_bellman_ford_switch_down_20260607_083146/h4.pcap,00:00:00:00:04:01,00:00:00:00:06:01,10.0.0.5,10.0.0.7,IP,,,96
2026-06-07T08:38:15.953375+00:00,jellyfish,bellman_ford,switch_down,run_scenario_jellyfish_bellman_ford_switch_down_20260607_083146,h4,jellyfish/bellman_ford/switch_down/run_scenario_jellyfish_bellman_ford_switch_down_20260607_083146/h4.pcap,f6:2d:00:d4:af:5a,01:80:c2:00:00:0e,,,,,,60
2026-06-07T08:38:17.985590+00:00,jellyfish,bellman_ford,switch_down,run_scenario_jellyfish_bellman_ford_switch_down_20260607_083146,h4,jellyfish/bellman_ford/switch_down/run_scenario_jellyfish_bellman_ford_switch_down_20260607_083146/h4.pcap,f6:2d:00:d4:af:5a,01:80:c2:00:00:0e,,,,,,60
2026-06-07T08:38:20.017636+00:00,jellyfish,bellman_ford,switch_down,run_scenario_jellyfish_bellman_ford_switch_down_20260607_083146,h4,jellyfish/bellman_ford/switch_down/run_scenario_jellyfish_bellman_ford_switch_down_20260607_083146/h4.pcap,f6:2d:00:d4:af:5a,01:80:c2:00:00:0e,,,,,,60
2026-06-07T08:38:24.781588+00:00,jellyfish,bellman_ford,switch_down,run_scenario_jellyfish_bellman_ford_switch_down_20260607_083146,h4,jellyfish/bellman_ford/switch_down/run_scenario_jellyfish_bellman_ford_switch_down_20260607_083146/h4.pcap,f6:2d:00:d4:af:5a,01:80:c2:00:00:0e,,,,,,60
2026-06-07T08:38:26.814734+00:00,jellyfish,bellman_ford,switch_down,run_scenario_jellyfish_bellman_ford_switch_down_20260607_083146,h4,jellyfish/bellman_ford/switch_down/run_scenario_jellyfish_bellman_ford_switch_down_20260607_083146/h4.pcap,f6:2d:00:d4:af:5a,01:80:c2:00:00:0e,,,,,,60
2026-06-07T08:38:27.618918+00:00,jellyfish,bellman_ford,switch_down,run_scenario_jellyfish_bellman_ford_switch_down_20260607_083146,h4,jellyfish/bellman_ford/switch_down/run_scenario_jellyfish_bellman_ford_switch_down_20260607_083146/h4.pcap,00:00:00:00:04:01,00:00:00:00:07:01,10.0.0.5,10.0.0.8,IP,,,96
2026-06-07T08:38:28.849534+00:00,jellyfish,bellman_ford,switch_down,run_scenario_jellyfish_bellman_ford_switch_down_20260607_083146,h4,jellyfish/bellman_ford/switch_down/run_scenario_jellyfish_bellman_ford_switch_down_20260607_083146/h4.pcap,f6:2d:00:d4:af:5a,01:80:c2:00:00:0e,,,,,,60
2026-06-07T08:38:30.886173+00:00,jellyfish,bellman_ford,switch_down,run_scenario_jellyfish_bellman_ford_switch_down_20260607_083146,h4,jellyfish/bellman_ford/switch_down/run_scenario_jellyfish_bellman_ford_switch_down_20260607_083146/h4.pcap,f6:2d:00:d4:af:5a,01:80:c2:00:00:0e,,,,,,60
2026-06-07T08:38:32.924696+00:00,jellyfish,bellman_ford,switch_down,run_scenario_jellyfish_bellman_ford_switch_down_20260607_083146,h4,jellyfish/bellman_ford/switch_down/run_scenario_jellyfish_bellman_ford_switch_down_20260607_083146/h4.pcap,f6:2d:00:d4:af:5a,01:80:c2:00:00:0e,,,,,,60
2026-06-07T08:38:34.961715+00:00,jellyfish,bellman_ford,switch_down,run_scenario_jellyfish_bellman_ford_switch_down_20260607_083146,h4,jellyfish/bellman_ford/switch_down/run_scenario_jellyfish_bellman_ford_switch_down_20260607_083146/h4.pcap,f6:2d:00:d4:af:5a,01:80:c2:00:00:0e,,,,,,60
2026-06-07T08:38:36.998708+00:00,jellyfish,bellman_ford,switch_down,run_scenario_jellyfish_bellman_ford_switch_down_20260607_083146,h4,jellyfish/bellman_ford/switch_down/run_scenario_jellyfish_bellman_ford_switch_down_20260607_083146/h4.pcap,f6:2d:00:d4:af:5a,01:80:c2:00:00:0e,,,,,,60
2026-06-07T08:38:37.625879+00:00,jellyfish,bellman_ford,switch_down,run_scenario_jellyfish_bellman_ford_switch_down_20260607_083146,h4,jellyfish/bellman_ford/switch_down/run_scenario_jellyfish_bellman_ford_switch_down_20260607_083146/h4.pcap,00:00:00:00:04:01,00:00:00:00:08:01,10.0.0.5,10.0.0.9,IP,,,96
2026-06-07T08:38:39.036138+00:00,jellyfish,bellman_ford,switch_down,run_scenario_jellyfish_bellman_ford_switch_down_20260607_083146,h4,jellyfish/bellman_ford/switch_down/run_scenario_jellyfish_bellman_ford_switch_down_20260607_083146/h4.pcap,f6:2d:00:d4:af:5a,01:80:c2:00:00:0e,,,,,,60
2026-06-07T08:38:41.071776+00:00,jellyfish,bellman_ford,switch_down,run_scenario_jellyfish_bellman_ford_switch_down_20260607_083146,h4,jellyfish/bellman_ford/switch_down/run_scenario_jellyfish_bellman_ford_switch_down_20260607_083146/h4.pcap,f6:2d:00:d4:af:5a,01:80:c2:00:00:0e,,,,,,60
2026-06-07T08:38:43.114732+00:00,jellyfish,bellman_ford,switch_down,run_scenario_jellyfish_bellman_ford_switch_down_20260607_083146,h4,jellyfish/bellman_ford/switch_down/run_scenario_jellyfish_bellman_ford_switch_down_20260607_083146/h4.pcap,f6:2d:00:d4:af:5a,01:80:c2:00:00:0e,,,,,,60
2026-06-07T08:38:45.151292+00:00,jellyfish,bellman_ford,switch_down,run_scenario_jellyfish_bellman_ford_switch_down_20260607_083146,h4,jellyfish/bellman_ford/switch_down/run_scenario_jellyfish_bellman_ford_switch_down_20260607_083146/h4.pcap,f6:2d:00:d4:af:5a,01:80:c2:00:00:0e,,,,,,60
2026-06-07T08:38:47.187408+00:00,jellyfish,bellman_ford,switch_down,run_scenario_jellyfish_bellman_ford_switch_down_20260607_083146,h4,jellyfish/bellman_ford/switch_down/run_scenario_jellyfish_bellman_ford_switch_down_20260607_083146/h4.pcap,f6:2d:00:d4:af:5a,01:80:c2:00:00:0e,,,,,,60
2026-06-07T08:38:47.631314+00:00,jellyfish,bellman_ford,switch_down,run_scenario_jellyfish_bellman_ford_switch_down_20260607_083146,h4,jellyfish/bellman_ford/switch_down/run_scenario_jellyfish_bellman_ford_switch_down_20260607_083146/h4.pcap,00:00:00:00:04:01,00:00:00:00:09:01,10.0.0.5,10.0.0.10,IP,,,96
2026-06-07T08:38:49.222838+00:00,jellyfish,bellman_ford,switch_down,run_scenario_jellyfish_bellman_ford_switch_down_20260607_083146,h4,jellyfish/bellman_ford/switch_down/run_scenario_jellyfish_bellman_ford_switch_down_20260607_083146/h4.pcap,f6:2d:00:d4:af:5a,01:80:c2:00:00:0e,,,,,,60
2026-06-07T08:38:51.258639+00:00,jellyfish,bellman_ford,switch_down,run_scenario_jellyfish_bellman_ford_switch_down_20260607_083146,h4,jellyfish/bellman_ford/switch_down/run_scenario_jellyfish_bellman_ford_switch_down_20260607_083146/h4.pcap,f6:2d:00:d4:af:5a,01:80:c2:00:00:0e,,,,,,60
2026-06-07T08:38:53.296936+00:00,jellyfish,bellman_ford,switch_down,run_scenario_jellyfish_bellman_ford_switch_down_20260607_083146,h4,jellyfish/bellman_ford/switch_down/run_scenario_jellyfish_bellman_ford_switch_down_20260607_083146/h4.pcap,f6:2d:00:d4:af:5a,01:80:c2:00:00:0e,,,,,,60
2026-06-07T08:38:58.064855+00:00,jellyfish,bellman_ford,switch_down,run_scenario_jellyfish_bellman_ford_switch_down_20260607_083146,h4,jellyfish/bellman_ford/switch_down/run_scenario_jellyfish_bellman_ford_switch_down_20260607_083146/h4.pcap,f6:2d:00:d4:af:5a,01:80:c2:00:00:0e,,,,,,60
2026-06-07T08:39:00.104703+00:00,jellyfish,bellman_ford,switch_down,run_scenario_jellyfish_bellman_ford_switch_down_20260607_083146,h4,jellyfish/bellman_ford/switch_down/run_scenario_jellyfish_bellman_ford_switch_down_20260607_083146/h4.pcap,f6:2d:00:d4:af:5a,01:80:c2:00:00:0e,,,,,,60
2026-06-07T08:39:02.146311+00:00,jellyfish,bellman_ford,switch_down,run_scenario_jellyfish_bellman_ford_switch_down_20260607_083146,h4,jellyfish/bellman_ford/switch_down/run_scenario_jellyfish_bellman_ford_switch_down_20260607_083146/h4.pcap,f6:2d:00:d4:af:5a,01:80:c2:00:00:0e,,,,,,60
2026-06-07T08:39:04.187023+00:00,jellyfish,bellman_ford,switch_down,run_scenario_jellyfish_bellman_ford_switch_down_20260607_083146,h4,jellyfish/bellman_ford/switch_down/run_scenario_jellyfish_bellman_ford_switch_down_20260607_083146/h4.pcap,f6:2d:00:d4:af:5a,01:80:c2:00:00:0e,,,,,,60
2026-06-07T08:39:06.223961+00:00,jellyfish,bellman_ford,switch_down,run_scenario_jellyfish_bellman_ford_switch_down_20260607_083146,h4,jellyfish/bellman_ford/switch_down/run_scenario_jellyfish_bellman_ford_switch_down_20260607_083146/h4.pcap,f6:2d:00:d4:af:5a,01:80:c2:00:00:0e,,,,,,60
2026-06-07T08:39:08.259525+00:00,jellyfish,bellman_ford,switch_down,run_scenario_jellyfish_bellman_ford_switch_down_20260607_083146,h4,jellyfish/bellman_ford/switch_down/run_scenario_jellyfish_bellman_ford_switch_down_20260607_083146/h4.pcap,f6:2d:00:d4:af:5a,01:80:c2:00:00:0e,,,,,,60
2026-06-07T08:39:10.297781+00:00,jellyfish,bellman_ford,switch_down,run_scenario_jellyfish_bellman_ford_switch_down_20260607_083146,h4,jellyfish/bellman_ford/switch_down/run_scenario_jellyfish_bellman_ford_switch_down_20260607_083146/h4.pcap,f6:2d:00:d4:af:5a,01:80:c2:00:00:0e,,,,,,60
2026-06-07T08:39:10.427007+00:00,jellyfish,bellman_ford,switch_down,run_scenario_jellyfish_bellman_ford_switch_down_20260607_083146,h4,jellyfish/bellman_ford/switch_down/run_scenario_jellyfish_bellman_ford_switch_down_20260607_083146/h4.pcap,00:00:00:00:05:01,00:00:00:00:04:01,10.0.0.6,10.0.0.5,IP,,,96
2026-06-07T08:39:10.427078+00:00,jellyfish,bellman_ford,switch_down,run_scenario_jellyfish_bellman_ford_switch_down_20260607_083146,h4,jellyfish/bellman_ford/switch_down/run_scenario_jellyfish_bellman_ford_switch_down_20260607_083146/h4.pcap,00:00:00:00:04:01,00:00:00:00:05:01,10.0.0.5,10.0.0.6,IP,,,96
2026-06-07T08:39:12.335258+00:00,jellyfish,bellman_ford,switch_down,run_scenario_jellyfish_bellman_ford_switch_down_20260607_083146,h4,jellyfish/bellman_ford/switch_down/run_scenario_jellyfish_bellman_ford_switch_down_20260607_083146/h4.pcap,f6:2d:00:d4:af:5a,01:80:c2:00:00:0e,,,,,,60
2026-06-07T08:39:14.373524+00:00,jellyfish,bellman_ford,switch_down,run_scenario_jellyfish_bellman_ford_switch_down_20260607_083146,h4,jellyfish/bellman_ford/switch_down/run_scenario_jellyfish_bellman_ford_switch_down_20260607_083146/h4.pcap,f6:2d:00:d4:af:5a,01:80:c2:00:00:0e,,,,,,60
2026-06-07T08:39:16.410274+00:00,jellyfish,bellman_ford,switch_down,run_scenario_jellyfish_bellman_ford_switch_down_20260607_083146,h4,jellyfish/bellman_ford/switch_down/run_scenario_jellyfish_bellman_ford_switch_down_20260607_083146/h4.pcap,f6:2d:00:d4:af:5a,01:80:c2:00:00:0e,,,,,,60
2026-06-07T08:39:18.447928+00:00,jellyfish,bellman_ford,switch_down,run_scenario_jellyfish_bellman_ford_switch_down_20260607_083146,h4,jellyfish/bellman_ford/switch_down/run_scenario_jellyfish_bellman_ford_switch_down_20260607_083146/h4.pcap,f6:2d:00:d4:af:5a,01:80:c2:00:00:0e,,,,,,60
2026-06-07T08:39:20.483442+00:00,jellyfish,bellman_ford,switch_down,run_scenario_jellyfish_bellman_ford_switch_down_20260607_083146,h4,jellyfish/bellman_ford/switch_down/run_scenario_jellyfish_bellman_ford_switch_down_20260607_083146/h4.pcap,f6:2d:00:d4:af:5a,01:80:c2:00:00:0e,,,,,,60
2026-06-07T08:39:22.516949+00:00,jellyfish,bellman_ford,switch_down,run_scenario_jellyfish_bellman_ford_switch_down_20260607_083146,h4,jellyfish/bellman_ford/switch_down/run_scenario_jellyfish_bellman_ford_switch_down_20260607_083146/h4.pcap,f6:2d:00:d4:af:5a,01:80:c2:00:00:0e,,,,,,60
2026-06-07T08:39:24.544881+00:00,jellyfish,bellman_ford,switch_down,run_scenario_jellyfish_bellman_ford_switch_down_20260607_083146,h4,jellyfish/bellman_ford/switch_down/run_scenario_jellyfish_bellman_ford_switch_down_20260607_083146/h4.pcap,f6:2d:00:d4:af:5a,01:80:c2:00:00:0e,,,,,,60
2026-06-07T08:39:26.576082+00:00,jellyfish,bellman_ford,switch_down,run_scenario_jellyfish_bellman_ford_switch_down_20260607_083146,h4,jellyfish/bellman_ford/switch_down/run_scenario_jellyfish_bellman_ford_switch_down_20260607_083146/h4.pcap,f6:2d:00:d4:af:5a,01:80:c2:00:00:0e,,,,,,60
2026-06-07T08:39:31.334390+00:00,jellyfish,bellman_ford,switch_down,run_scenario_jellyfish_bellman_ford_switch_down_20260607_083146,h4,jellyfish/bellman_ford/switch_down/run_scenario_jellyfish_bellman_ford_switch_down_20260607_083146/h4.pcap,f6:2d:00:d4:af:5a,01:80:c2:00:00:0e,,,,,,60
2026-06-07T08:39:33.371694+00:00,jellyfish,bellman_ford,switch_down,run_scenario_jellyfish_bellman_ford_switch_down_20260607_083146,h4,jellyfish/bellman_ford/switch_down/run_scenario_jellyfish_bellman_ford_switch_down_20260607_083146/h4.pcap,f6:2d:00:d4:af:5a,01:80:c2:00:00:0e,,,,,,60
2026-06-07T08:39:35.410487+00:00,jellyfish,bellman_ford,switch_down,run_scenario_jellyfish_bellman_ford_switch_down_20260607_083146,h4,jellyfish/bellman_ford/switch_down/run_scenario_jellyfish_bellman_ford_switch_down_20260607_083146/h4.pcap,f6:2d:00:d4:af:5a,01:80:c2:00:00:0e,,,,,,60
2026-06-07T08:39:37.446487+00:00,jellyfish,bellman_ford,switch_down,run_scenario_jellyfish_bellman_ford_switch_down_20260607_083146,h4,jellyfish/bellman_ford/switch_down/run_scenario_jellyfish_bellman_ford_switch_down_20260607_083146/h4.pcap,f6:2d:00:d4:af:5a,01:80:c2:00:00:0e,,,,,,60
2026-06-07T08:39:39.479653+00:00,jellyfish,bellman_ford,switch_down,run_scenario_jellyfish_bellman_ford_switch_down_20260607_083146,h4,jellyfish/bellman_ford/switch_down/run_scenario_jellyfish_bellman_ford_switch_down_20260607_083146/h4.pcap,f6:2d:00:d4:af:5a,01:80:c2:00:00:0e,,,,,,60
2026-06-07T08:39:41.516575+00:00,jellyfish,bellman_ford,switch_down,run_scenario_jellyfish_bellman_ford_switch_down_20260607_083146,h4,jellyfish/bellman_ford/switch_down/run_scenario_jellyfish_bellman_ford_switch_down_20260607_083146/h4.pcap,f6:2d:00:d4:af:5a,01:80:c2:00:00:0e,,,,,,60
2026-06-07T08:39:43.552776+00:00,jellyfish,bellman_ford,switch_down,run_scenario_jellyfish_bellman_ford_switch_down_20260607_083146,h4,jellyfish/bellman_ford/switch_down/run_scenario_jellyfish_bellman_ford_switch_down_20260607_083146/h4.pcap,f6:2d:00:d4:af:5a,01:80:c2:00:00:0e,,,,,,60
2026-06-07T08:39:45.589446+00:00,jellyfish,bellman_ford,switch_down,run_scenario_jellyfish_bellman_ford_switch_down_20260607_083146,h4,jellyfish/bellman_ford/switch_down/run_scenario_jellyfish_bellman_ford_switch_down_20260607_083146/h4.pcap,f6:2d:00:d4:af:5a,01:80:c2:00:00:0e,,,,,,60
2026-06-07T08:39:47.620151+00:00,jellyfish,bellman_ford,switch_down,run_scenario_jellyfish_bellman_ford_switch_down_20260607_083146,h4,jellyfish/bellman_ford/switch_down/run_scenario_jellyfish_bellman_ford_switch_down_20260607_083146/h4.pcap,f6:2d:00:d4:af:5a,01:80:c2:00:00:0e,,,,,,60
2026-06-07T08:39:49.655339+00:00,jellyfish,bellman_ford,switch_down,run_scenario_jellyfish_bellman_ford_switch_down_20260607_083146,h4,jellyfish/bellman_ford/switch_down/run_scenario_jellyfish_bellman_ford_switch_down_20260607_083146/h4.pcap,f6:2d:00:d4:af:5a,01:80:c2:00:00:0e,,,,,,60
2026-06-07T08:39:51.687321+00:00,jellyfish,bellman_ford,switch_down,run_scenario_jellyfish_bellman_ford_switch_down_20260607_083146,h4,jellyfish/bellman_ford/switch_down/run_scenario_jellyfish_bellman_ford_switch_down_20260607_083146/h4.pcap,f6:2d:00:d4:af:5a,01:80:c2:00:00:0e,,,,,,60
2026-06-07T08:39:53.718721+00:00,jellyfish,bellman_ford,switch_down,run_scenario_jellyfish_bellman_ford_switch_down_20260607_083146,h4,jellyfish/bellman_ford/switch_down/run_scenario_jellyfish_bellman_ford_switch_down_20260607_083146/h4.pcap,f6:2d:00:d4:af:5a,01:80:c2:00:00:0e,,,,,,60
2026-06-07T08:39:55.750343+00:00,jellyfish,bellman_ford,switch_down,run_scenario_jellyfish_bellman_ford_switch_down_20260607_083146,h4,jellyfish/bellman_ford/switch_down/run_scenario_jellyfish_bellman_ford_switch_down_20260607_083146/h4.pcap,f6:2d:00:d4:af:5a,01:80:c2:00:00:0e,,,,,,60
2026-06-07T08:39:57.782980+00:00,jellyfish,bellman_ford,switch_down,run_scenario_jellyfish_bellman_ford_switch_down_20260607_083146,h4,jellyfish/bellman_ford/switch_down/run_scenario_jellyfish_bellman_ford_switch_down_20260607_083146/h4.pcap,f6:2d:00:d4:af:5a,01:80:c2:00:00:0e,,,,,,60
2026-06-07T08:40:02.539250+00:00,jellyfish,bellman_ford,switch_down,run_scenario_jellyfish_bellman_ford_switch_down_20260607_083146,h4,jellyfish/bellman_ford/switch_down/run_scenario_jellyfish_bellman_ford_switch_down_20260607_083146/h4.pcap,f6:2d:00:d4:af:5a,01:80:c2:00:00:0e,,,,,,60
2026-06-07T08:40:04.572703+00:00,jellyfish,bellman_ford,switch_down,run_scenario_jellyfish_bellman_ford_switch_down_20260607_083146,h4,jellyfish/bellman_ford/switch_down/run_scenario_jellyfish_bellman_ford_switch_down_20260607_083146/h4.pcap,f6:2d:00:d4:af:5a,01:80:c2:00:00:0e,,,,,,60
2026-06-07T08:40:05.957660+00:00,jellyfish,bellman_ford,switch_down,run_scenario_jellyfish_bellman_ford_switch_down_20260607_083146,h4,jellyfish/bellman_ford/switch_down/run_scenario_jellyfish_bellman_ford_switch_down_20260607_083146/h4.pcap,00:00:00:00:06:01,00:00:00:00:04:01,10.0.0.7,10.0.0.5,IP,,,96
2026-06-07T08:40:05.957701+00:00,jellyfish,bellman_ford,switch_down,run_scenario_jellyfish_bellman_ford_switch_down_20260607_083146,h4,jellyfish/bellman_ford/switch_down/run_scenario_jellyfish_bellman_ford_switch_down_20260607_083146/h4.pcap,00:00:00:00:04:01,00:00:00:00:06:01,10.0.0.5,10.0.0.7,IP,,,96
2026-06-07T08:40:06.606258+00:00,jellyfish,bellman_ford,switch_down,run_scenario_jellyfish_bellman_ford_switch_down_20260607_083146,h4,jellyfish/bellman_ford/switch_down/run_scenario_jellyfish_bellman_ford_switch_down_20260607_083146/h4.pcap,f6:2d:00:d4:af:5a,01:80:c2:00:00:0e,,,,,,60
2026-06-07T08:40:08.638296+00:00,jellyfish,bellman_ford,switch_down,run_scenario_jellyfish_bellman_ford_switch_down_20260607_083146,h4,jellyfish/bellman_ford/switch_down/run_scenario_jellyfish_bellman_ford_switch_down_20260607_083146/h4.pcap,f6:2d:00:d4:af:5a,01:80:c2:00:00:0e,,,,,,60
2026-06-07T08:40:10.673458+00:00,jellyfish,bellman_ford,switch_down,run_scenario_jellyfish_bellman_ford_switch_down_20260607_083146,h4,jellyfish/bellman_ford/switch_down/run_scenario_jellyfish_bellman_ford_switch_down_20260607_083146/h4.pcap,f6:2d:00:d4:af:5a,01:80:c2:00:00:0e,,,,,,60
2026-06-07T08:40:12.707477+00:00,jellyfish,bellman_ford,switch_down,run_scenario_jellyfish_bellman_ford_switch_down_20260607_083146,h4,jellyfish/bellman_ford/switch_down/run_scenario_jellyfish_bellman_ford_switch_down_20260607_083146/h4.pcap,f6:2d:00:d4:af:5a,01:80:c2:00:00:0e,,,,,,60
2026-06-07T08:40:14.745663+00:00,jellyfish,bellman_ford,switch_down,run_scenario_jellyfish_bellman_ford_switch_down_20260607_083146,h4,jellyfish/bellman_ford/switch_down/run_scenario_jellyfish_bellman_ford_switch_down_20260607_083146/h4.pcap,f6:2d:00:d4:af:5a,01:80:c2:00:00:0e,,,,,,60
2026-06-07T08:40:16.780295+00:00,jellyfish,bellman_ford,switch_down,run_scenario_jellyfish_bellman_ford_switch_down_20260607_083146,h4,jellyfish/bellman_ford/switch_down/run_scenario_jellyfish_bellman_ford_switch_down_20260607_083146/h4.pcap,f6:2d:00:d4:af:5a,01:80:c2:00:00:0e,,,,,,60
2026-06-07T08:40:18.818698+00:00,jellyfish,bellman_ford,switch_down,run_scenario_jellyfish_bellman_ford_switch_down_20260607_083146,h4,jellyfish/bellman_ford/switch_down/run_scenario_jellyfish_bellman_ford_switch_down_20260607_083146/h4.pcap,f6:2d:00:d4:af:5a,01:80:c2:00:00:0e,,,,,,60
2026-06-07T08:40:20.853710+00:00,jellyfish,bellman_ford,switch_down,run_scenario_jellyfish_bellman_ford_switch_down_20260607_083146,h4,jellyfish/bellman_ford/switch_down/run_scenario_jellyfish_bellman_ford_switch_down_20260607_083146/h4.pcap,f6:2d:00:d4:af:5a,01:80:c2:00:00:0e,,,,,,60
2026-06-07T08:40:22.890791+00:00,jellyfish,bellman_ford,switch_down,run_scenario_jellyfish_bellman_ford_switch_down_20260607_083146,h4,jellyfish/bellman_ford/switch_down/run_scenario_jellyfish_bellman_ford_switch_down_20260607_083146/h4.pcap,f6:2d:00:d4:af:5a,01:80:c2:00:00:0e,,,,,,60
2026-06-07T08:40:24.925127+00:00,jellyfish,bellman_ford,switch_down,run_scenario_jellyfish_bellman_ford_switch_down_20260607_083146,h4,jellyfish/bellman_ford/switch_down/run_scenario_jellyfish_bellman_ford_switch_down_20260607_083146/h4.pcap,f6:2d:00:d4:af:5a,01:80:c2:00:00:0e,,,,,,60
2026-06-07T08:40:26.957508+00:00,jellyfish,bellman_ford,switch_down,run_scenario_jellyfish_bellman_ford_switch_down_20260607_083146,h4,jellyfish/bellman_ford/switch_down/run_scenario_jellyfish_bellman_ford_switch_down_20260607_083146/h4.pcap,f6:2d:00:d4:af:5a,01:80:c2:00:00:0e,,,,,,60
2026-06-07T08:40:28.989356+00:00,jellyfish,bellman_ford,switch_down,run_scenario_jellyfish_bellman_ford_switch_down_20260607_083146,h4,jellyfish/bellman_ford/switch_down/run_scenario_jellyfish_bellman_ford_switch_down_20260607_083146/h4.pcap,f6:2d:00:d4:af:5a,01:80:c2:00:00:0e,,,,,,60
2026-06-07T08:40:31.021424+00:00,jellyfish,bellman_ford,switch_down,run_scenario_jellyfish_bellman_ford_switch_down_20260607_083146,h4,jellyfish/bellman_ford/switch_down/run_scenario_jellyfish_bellman_ford_switch_down_20260607_083146/h4.pcap,f6:2d:00:d4:af:5a,01:80:c2:00:00:0e,,,,,,60
2026-06-07T08:40:35.780933+00:00,jellyfish,bellman_ford,switch_down,run_scenario_jellyfish_bellman_ford_switch_down_20260607_083146,h4,jellyfish/bellman_ford/switch_down/run_scenario_jellyfish_bellman_ford_switch_down_20260607_083146/h4.pcap,f6:2d:00:d4:af:5a,01:80:c2:00:00:0e,,,,,,60
2026-06-07T08:40:37.811043+00:00,jellyfish,bellman_ford,switch_down,run_scenario_jellyfish_bellman_ford_switch_down_20260607_083146,h4,jellyfish/bellman_ford/switch_down/run_scenario_jellyfish_bellman_ford_switch_down_20260607_083146/h4.pcap,f6:2d:00:d4:af:5a,01:80:c2:00:00:0e,,,,,,60
2026-06-07T08:40:39.843174+00:00,jellyfish,bellman_ford,switch_down,run_scenario_jellyfish_bellman_ford_switch_down_20260607_083146,h4,jellyfish/bellman_ford/switch_down/run_scenario_jellyfish_bellman_ford_switch_down_20260607_083146/h4.pcap,f6:2d:00:d4:af:5a,01:80:c2:00:00:0e,,,,,,60
2026-06-07T08:40:41.873922+00:00,jellyfish,bellman_ford,switch_down,run_scenario_jellyfish_bellman_ford_switch_down_20260607_083146,h4,jellyfish/bellman_ford/switch_down/run_scenario_jellyfish_bellman_ford_switch_down_20260607_083146/h4.pcap,f6:2d:00:d4:af:5a,01:80:c2:00:00:0e,,,,,,60
2026-06-07T08:40:43.908143+00:00,jellyfish,bellman_ford,switch_down,run_scenario_jellyfish_bellman_ford_switch_down_20260607_083146,h4,jellyfish/bellman_ford/switch_down/run_scenario_jellyfish_bellman_ford_switch_down_20260607_083146/h4.pcap,f6:2d:00:d4:af:5a,01:80:c2:00:00:0e,,,,,,60
2026-06-07T08:40:45.940080+00:00,jellyfish,bellman_ford,switch_down,run_scenario_jellyfish_bellman_ford_switch_down_20260607_083146,h4,jellyfish/bellman_ford/switch_down/run_scenario_jellyfish_bellman_ford_switch_down_20260607_083146/h4.pcap,f6:2d:00:d4:af:5a,01:80:c2:00:00:0e,,,,,,60
2026-06-07T08:40:47.971348+00:00,jellyfish,bellman_ford,switch_down,run_scenario_jellyfish_bellman_ford_switch_down_20260607_083146,h4,jellyfish/bellman_ford/switch_down/run_scenario_jellyfish_bellman_ford_switch_down_20260607_083146/h4.pcap,f6:2d:00:d4:af:5a,01:80:c2:00:00:0e,,,,,,60
2026-06-07T08:40:48.777558+00:00,jellyfish,bellman_ford,switch_down,run_scenario_jellyfish_bellman_ford_switch_down_20260607_083146,h4,jellyfish/bellman_ford/switch_down/run_scenario_jellyfish_bellman_ford_switch_down_20260607_083146/h4.pcap,00:00:00:00:07:01,00:00:00:00:04:01,10.0.0.8,10.0.0.5,IP,,,96
2026-06-07T08:40:48.777591+00:00,jellyfish,bellman_ford,switch_down,run_scenario_jellyfish_bellman_ford_switch_down_20260607_083146,h4,jellyfish/bellman_ford/switch_down/run_scenario_jellyfish_bellman_ford_switch_down_20260607_083146/h4.pcap,00:00:00:00:04:01,00:00:00:00:07:01,10.0.0.5,10.0.0.8,IP,,,96
2026-06-07T08:40:50.003669+00:00,jellyfish,bellman_ford,switch_down,run_scenario_jellyfish_bellman_ford_switch_down_20260607_083146,h4,jellyfish/bellman_ford/switch_down/run_scenario_jellyfish_bellman_ford_switch_down_20260607_083146/h4.pcap,f6:2d:00:d4:af:5a,01:80:c2:00:00:0e,,,,,,60
2026-06-07T08:40:52.037274+00:00,jellyfish,bellman_ford,switch_down,run_scenario_jellyfish_bellman_ford_switch_down_20260607_083146,h4,jellyfish/bellman_ford/switch_down/run_scenario_jellyfish_bellman_ford_switch_down_20260607_083146/h4.pcap,f6:2d:00:d4:af:5a,01:80:c2:00:00:0e,,,,,,60
2026-06-07T08:40:54.071440+00:00,jellyfish,bellman_ford,switch_down,run_scenario_jellyfish_bellman_ford_switch_down_20260607_083146,h4,jellyfish/bellman_ford/switch_down/run_scenario_jellyfish_bellman_ford_switch_down_20260607_083146/h4.pcap,f6:2d:00:d4:af:5a,01:80:c2:00:00:0e,,,,,,60
2026-06-07T08:40:56.106317+00:00,jellyfish,bellman_ford,switch_down,run_scenario_jellyfish_bellman_ford_switch_down_20260607_083146,h4,jellyfish/bellman_ford/switch_down/run_scenario_jellyfish_bellman_ford_switch_down_20260607_083146/h4.pcap,f6:2d:00:d4:af:5a,01:80:c2:00:00:0e,,,,,,60
2026-06-07T08:40:58.140787+00:00,jellyfish,bellman_ford,switch_down,run_scenario_jellyfish_bellman_ford_switch_down_20260607_083146,h4,jellyfish/bellman_ford/switch_down/run_scenario_jellyfish_bellman_ford_switch_down_20260607_083146/h4.pcap,f6:2d:00:d4:af:5a,01:80:c2:00:00:0e,,,,,,60
2026-06-07T08:41:00.174948+00:00,jellyfish,bellman_ford,switch_down,run_scenario_jellyfish_bellman_ford_switch_down_20260607_083146,h4,jellyfish/bellman_ford/switch_down/run_scenario_jellyfish_bellman_ford_switch_down_20260607_083146/h4.pcap,f6:2d:00:d4:af:5a,01:80:c2:00:00:0e,,,,,,60
2026-06-07T08:41:02.211293+00:00,jellyfish,bellman_ford,switch_down,run_scenario_jellyfish_bellman_ford_switch_down_20260607_083146,h4,jellyfish/bellman_ford/switch_down/run_scenario_jellyfish_bellman_ford_switch_down_20260607_083146/h4.pcap,f6:2d:00:d4:af:5a,01:80:c2:00:00:0e,,,,,,60
2026-06-07T08:41:04.248784+00:00,jellyfish,bellman_ford,switch_down,run_scenario_jellyfish_bellman_ford_switch_down_20260607_083146,h4,jellyfish/bellman_ford/switch_down/run_scenario_jellyfish_bellman_ford_switch_down_20260607_083146/h4.pcap,f6:2d:00:d4:af:5a,01:80:c2:00:00:0e,,,,,,60
2026-06-07T08:41:09.002604+00:00,jellyfish,bellman_ford,switch_down,run_scenario_jellyfish_bellman_ford_switch_down_20260607_083146,h4,jellyfish/bellman_ford/switch_down/run_scenario_jellyfish_bellman_ford_switch_down_20260607_083146/h4.pcap,f6:2d:00:d4:af:5a,01:80:c2:00:00:0e,,,,,,60
2026-06-07T08:41:11.033507+00:00,jellyfish,bellman_ford,switch_down,run_scenario_jellyfish_bellman_ford_switch_down_20260607_083146,h4,jellyfish/bellman_ford/switch_down/run_scenario_jellyfish_bellman_ford_switch_down_20260607_083146/h4.pcap,f6:2d:00:d4:af:5a,01:80:c2:00:00:0e,,,,,,60
2026-06-07T08:41:13.065997+00:00,jellyfish,bellman_ford,switch_down,run_scenario_jellyfish_bellman_ford_switch_down_20260607_083146,h4,jellyfish/bellman_ford/switch_down/run_scenario_jellyfish_bellman_ford_switch_down_20260607_083146/h4.pcap,f6:2d:00:d4:af:5a,01:80:c2:00:00:0e,,,,,,60
2026-06-07T08:41:15.097656+00:00,jellyfish,bellman_ford,switch_down,run_scenario_jellyfish_bellman_ford_switch_down_20260607_083146,h4,jellyfish/bellman_ford/switch_down/run_scenario_jellyfish_bellman_ford_switch_down_20260607_083146/h4.pcap,f6:2d:00:d4:af:5a,01:80:c2:00:00:0e,,,,,,60
2026-06-07T08:41:17.132032+00:00,jellyfish,bellman_ford,switch_down,run_scenario_jellyfish_bellman_ford_switch_down_20260607_083146,h4,jellyfish/bellman_ford/switch_down/run_scenario_jellyfish_bellman_ford_switch_down_20260607_083146/h4.pcap,f6:2d:00:d4:af:5a,01:80:c2:00:00:0e,,,,,,60
2026-06-07T08:41:19.166293+00:00,jellyfish,bellman_ford,switch_down,run_scenario_jellyfish_bellman_ford_switch_down_20260607_083146,h4,jellyfish/bellman_ford/switch_down/run_scenario_jellyfish_bellman_ford_switch_down_20260607_083146/h4.pcap,f6:2d:00:d4:af:5a,01:80:c2:00:00:0e,,,,,,60
2026-06-07T08:41:21.203423+00:00,jellyfish,bellman_ford,switch_down,run_scenario_jellyfish_bellman_ford_switch_down_20260607_083146,h4,jellyfish/bellman_ford/switch_down/run_scenario_jellyfish_bellman_ford_switch_down_20260607_083146/h4.pcap,f6:2d:00:d4:af:5a,01:80:c2:00:00:0e,,,,,,60
2026-06-07T08:41:21.603566+00:00,jellyfish,bellman_ford,switch_down,run_scenario_jellyfish_bellman_ford_switch_down_20260607_083146,h4,jellyfish/bellman_ford/switch_down/run_scenario_jellyfish_bellman_ford_switch_down_20260607_083146/h4.pcap,00:00:00:00:08:01,00:00:00:00:04:01,10.0.0.9,10.0.0.5,IP,,,96
2026-06-07T08:41:21.603623+00:00,jellyfish,bellman_ford,switch_down,run_scenario_jellyfish_bellman_ford_switch_down_20260607_083146,h4,jellyfish/bellman_ford/switch_down/run_scenario_jellyfish_bellman_ford_switch_down_20260607_083146/h4.pcap,00:00:00:00:04:01,00:00:00:00:08:01,10.0.0.5,10.0.0.9,IP,,,96
2026-06-07T08:41:23.241625+00:00,jellyfish,bellman_ford,switch_down,run_scenario_jellyfish_bellman_ford_switch_down_20260607_083146,h4,jellyfish/bellman_ford/switch_down/run_scenario_jellyfish_bellman_ford_switch_down_20260607_083146/h4.pcap,f6:2d:00:d4:af:5a,01:80:c2:00:00:0e,,,,,,60
2026-06-07T08:41:25.280697+00:00,jellyfish,bellman_ford,switch_down,run_scenario_jellyfish_bellman_ford_switch_down_20260607_083146,h4,jellyfish/bellman_ford/switch_down/run_scenario_jellyfish_bellman_ford_switch_down_20260607_083146/h4.pcap,f6:2d:00:d4:af:5a,01:80:c2:00:00:0e,,,,,,60
2026-06-07T08:41:27.313232+00:00,jellyfish,bellman_ford,switch_down,run_scenario_jellyfish_bellman_ford_switch_down_20260607_083146,h4,jellyfish/bellman_ford/switch_down/run_scenario_jellyfish_bellman_ford_switch_down_20260607_083146/h4.pcap,f6:2d:00:d4:af:5a,01:80:c2:00:00:0e,,,,,,60
2026-06-07T08:41:29.345013+00:00,jellyfish,bellman_ford,switch_down,run_scenario_jellyfish_bellman_ford_switch_down_20260607_083146,h4,jellyfish/bellman_ford/switch_down/run_scenario_jellyfish_bellman_ford_switch_down_20260607_083146/h4.pcap,f6:2d:00:d4:af:5a,01:80:c2:00:00:0e,,,,,,60
2026-06-07T08:41:31.374516+00:00,jellyfish,bellman_ford,switch_down,run_scenario_jellyfish_bellman_ford_switch_down_20260607_083146,h4,jellyfish/bellman_ford/switch_down/run_scenario_jellyfish_bellman_ford_switch_down_20260607_083146/h4.pcap,f6:2d:00:d4:af:5a,01:80:c2:00:00:0e,,,,,,60
2026-06-07T08:41:33.405212+00:00,jellyfish,bellman_ford,switch_down,run_scenario_jellyfish_bellman_ford_switch_down_20260607_083146,h4,jellyfish/bellman_ford/switch_down/run_scenario_jellyfish_bellman_ford_switch_down_20260607_083146/h4.pcap,f6:2d:00:d4:af:5a,01:80:c2:00:00:0e,,,,,,60
2026-06-07T08:41:35.437315+00:00,jellyfish,bellman_ford,switch_down,run_scenario_jellyfish_bellman_ford_switch_down_20260607_083146,h4,jellyfish/bellman_ford/switch_down/run_scenario_jellyfish_bellman_ford_switch_down_20260607_083146/h4.pcap,f6:2d:00:d4:af:5a,01:80:c2:00:00:0e,,,,,,60
2026-06-07T08:41:37.468921+00:00,jellyfish,bellman_ford,switch_down,run_scenario_jellyfish_bellman_ford_switch_down_20260607_083146,h4,jellyfish/bellman_ford/switch_down/run_scenario_jellyfish_bellman_ford_switch_down_20260607_083146/h4.pcap,f6:2d:00:d4:af:5a,01:80:c2:00:00:0e,,,,,,60
2026-06-07T08:41:42.231895+00:00,jellyfish,bellman_ford,switch_down,run_scenario_jellyfish_bellman_ford_switch_down_20260607_083146,h4,jellyfish/bellman_ford/switch_down/run_scenario_jellyfish_bellman_ford_switch_down_20260607_083146/h4.pcap,f6:2d:00:d4:af:5a,01:80:c2:00:00:0e,,,,,,60
2026-06-07T08:41:44.264582+00:00,jellyfish,bellman_ford,switch_down,run_scenario_jellyfish_bellman_ford_switch_down_20260607_083146,h4,jellyfish/bellman_ford/switch_down/run_scenario_jellyfish_bellman_ford_switch_down_20260607_083146/h4.pcap,f6:2d:00:d4:af:5a,01:80:c2:00:00:0e,,,,,,60
2026-06-07T08:41:44.451708+00:00,jellyfish,bellman_ford,switch_down,run_scenario_jellyfish_bellman_ford_switch_down_20260607_083146,h4,jellyfish/bellman_ford/switch_down/run_scenario_jellyfish_bellman_ford_switch_down_20260607_083146/h4.pcap,00:00:00:00:09:01,00:00:00:00:04:01,10.0.0.10,10.0.0.5,IP,,,96
2026-06-07T08:41:44.451801+00:00,jellyfish,bellman_ford,switch_down,run_scenario_jellyfish_bellman_ford_switch_down_20260607_083146,h4,jellyfish/bellman_ford/switch_down/run_scenario_jellyfish_bellman_ford_switch_down_20260607_083146/h4.pcap,00:00:00:00:04:01,00:00:00:00:09:01,10.0.0.5,10.0.0.10,IP,,,96
2026-06-07T08:41:46.299424+00:00,jellyfish,bellman_ford,switch_down,run_scenario_jellyfish_bellman_ford_switch_down_20260607_083146,h4,jellyfish/bellman_ford/switch_down/run_scenario_jellyfish_bellman_ford_switch_down_20260607_083146/h4.pcap,f6:2d:00:d4:af:5a,01:80:c2:00:00:0e,,,,,,60
2026-06-07T08:41:48.333063+00:00,jellyfish,bellman_ford,switch_down,run_scenario_jellyfish_bellman_ford_switch_down_20260607_083146,h4,jellyfish/bellman_ford/switch_down/run_scenario_jellyfish_bellman_ford_switch_down_20260607_083146/h4.pcap,f6:2d:00:d4:af:5a,01:80:c2:00:00:0e,,,,,,60
2026-06-07T08:41:50.366819+00:00,jellyfish,bellman_ford,switch_down,run_scenario_jellyfish_bellman_ford_switch_down_20260607_083146,h4,jellyfish/bellman_ford/switch_down/run_scenario_jellyfish_bellman_ford_switch_down_20260607_083146/h4.pcap,f6:2d:00:d4:af:5a,01:80:c2:00:00:0e,,,,,,60
2026-06-07T08:41:52.400649+00:00,jellyfish,bellman_ford,switch_down,run_scenario_jellyfish_bellman_ford_switch_down_20260607_083146,h4,jellyfish/bellman_ford/switch_down/run_scenario_jellyfish_bellman_ford_switch_down_20260607_083146/h4.pcap,f6:2d:00:d4:af:5a,01:80:c2:00:00:0e,,,,,,60
2026-06-07T08:41:54.430523+00:00,jellyfish,bellman_ford,switch_down,run_scenario_jellyfish_bellman_ford_switch_down_20260607_083146,h4,jellyfish/bellman_ford/switch_down/run_scenario_jellyfish_bellman_ford_switch_down_20260607_083146/h4.pcap,f6:2d:00:d4:af:5a,01:80:c2:00:00:0e,,,,,,60
2026-06-07T08:41:56.463323+00:00,jellyfish,bellman_ford,switch_down,run_scenario_jellyfish_bellman_ford_switch_down_20260607_083146,h4,jellyfish/bellman_ford/switch_down/run_scenario_jellyfish_bellman_ford_switch_down_20260607_083146/h4.pcap,f6:2d:00:d4:af:5a,01:80:c2:00:00:0e,,,,,,60
2026-06-07T08:41:58.494843+00:00,jellyfish,bellman_ford,switch_down,run_scenario_jellyfish_bellman_ford_switch_down_20260607_083146,h4,jellyfish/bellman_ford/switch_down/run_scenario_jellyfish_bellman_ford_switch_down_20260607_083146/h4.pcap,f6:2d:00:d4:af:5a,01:80:c2:00:00:0e,,,,,,60
2026-06-07T08:42:00.531773+00:00,jellyfish,bellman_ford,switch_down,run_scenario_jellyfish_bellman_ford_switch_down_20260607_083146,h4,jellyfish/bellman_ford/switch_down/run_scenario_jellyfish_bellman_ford_switch_down_20260607_083146/h4.pcap,f6:2d:00:d4:af:5a,01:80:c2:00:00:0e,,,,,,60
2026-06-07T08:42:02.566222+00:00,jellyfish,bellman_ford,switch_down,run_scenario_jellyfish_bellman_ford_switch_down_20260607_083146,h4,jellyfish/bellman_ford/switch_down/run_scenario_jellyfish_bellman_ford_switch_down_20260607_083146/h4.pcap,f6:2d:00:d4:af:5a,01:80:c2:00:00:0e,,,,,,60
2026-06-07T08:42:04.603641+00:00,jellyfish,bellman_ford,switch_down,run_scenario_jellyfish_bellman_ford_switch_down_20260607_083146,h4,jellyfish/bellman_ford/switch_down/run_scenario_jellyfish_bellman_ford_switch_down_20260607_083146/h4.pcap,f6:2d:00:d4:af:5a,01:80:c2:00:00:0e,,,,,,60
2026-06-07T08:42:06.650177+00:00,jellyfish,bellman_ford,switch_down,run_scenario_jellyfish_bellman_ford_switch_down_20260607_083146,h4,jellyfish/bellman_ford/switch_down/run_scenario_jellyfish_bellman_ford_switch_down_20260607_083146/h4.pcap,f6:2d:00:d4:af:5a,01:80:c2:00:00:0e,,,,,,60
2026-06-07T08:42:08.703286+00:00,jellyfish,bellman_ford,switch_down,run_scenario_jellyfish_bellman_ford_switch_down_20260607_083146,h4,jellyfish/bellman_ford/switch_down/run_scenario_jellyfish_bellman_ford_switch_down_20260607_083146/h4.pcap,f6:2d:00:d4:af:5a,01:80:c2:00:00:0e,,,,,,60
2026-06-07T08:42:13.466235+00:00,jellyfish,bellman_ford,switch_down,run_scenario_jellyfish_bellman_ford_switch_down_20260607_083146,h4,jellyfish/bellman_ford/switch_down/run_scenario_jellyfish_bellman_ford_switch_down_20260607_083146/h4.pcap,f6:2d:00:d4:af:5a,01:80:c2:00:00:0e,,,,,,60
2026-06-07T08:42:15.501136+00:00,jellyfish,bellman_ford,switch_down,run_scenario_jellyfish_bellman_ford_switch_down_20260607_083146,h4,jellyfish/bellman_ford/switch_down/run_scenario_jellyfish_bellman_ford_switch_down_20260607_083146/h4.pcap,f6:2d:00:d4:af:5a,01:80:c2:00:00:0e,,,,,,60
2026-06-07T08:42:17.537621+00:00,jellyfish,bellman_ford,switch_down,run_scenario_jellyfish_bellman_ford_switch_down_20260607_083146,h4,jellyfish/bellman_ford/switch_down/run_scenario_jellyfish_bellman_ford_switch_down_20260607_083146/h4.pcap,f6:2d:00:d4:af:5a,01:80:c2:00:00:0e,,,,,,60
2026-06-07T08:42:19.571024+00:00,jellyfish,bellman_ford,switch_down,run_scenario_jellyfish_bellman_ford_switch_down_20260607_083146,h4,jellyfish/bellman_ford/switch_down/run_scenario_jellyfish_bellman_ford_switch_down_20260607_083146/h4.pcap,f6:2d:00:d4:af:5a,01:80:c2:00:00:0e,,,,,,60
2026-06-07T08:42:21.607984+00:00,jellyfish,bellman_ford,switch_down,run_scenario_jellyfish_bellman_ford_switch_down_20260607_083146,h4,jellyfish/bellman_ford/switch_down/run_scenario_jellyfish_bellman_ford_switch_down_20260607_083146/h4.pcap,f6:2d:00:d4:af:5a,01:80:c2:00:00:0e,,,,,,60
2026-06-07T08:42:23.647081+00:00,jellyfish,bellman_ford,switch_down,run_scenario_jellyfish_bellman_ford_switch_down_20260607_083146,h4,jellyfish/bellman_ford/switch_down/run_scenario_jellyfish_bellman_ford_switch_down_20260607_083146/h4.pcap,f6:2d:00:d4:af:5a,01:80:c2:00:00:0e,,,,,,60
2026-06-07T08:42:25.686885+00:00,jellyfish,bellman_ford,switch_down,run_scenario_jellyfish_bellman_ford_switch_down_20260607_083146,h4,jellyfish/bellman_ford/switch_down/run_scenario_jellyfish_bellman_ford_switch_down_20260607_083146/h4.pcap,f6:2d:00:d4:af:5a,01:80:c2:00:00:0e,,,,,,60
2026-06-07T08:42:27.724562+00:00,jellyfish,bellman_ford,switch_down,run_scenario_jellyfish_bellman_ford_switch_down_20260607_083146,h4,jellyfish/bellman_ford/switch_down/run_scenario_jellyfish_bellman_ford_switch_down_20260607_083146/h4.pcap,f6:2d:00:d4:af:5a,01:80:c2:00:00:0e,,,,,,60
2026-06-07T08:42:29.760346+00:00,jellyfish,bellman_ford,switch_down,run_scenario_jellyfish_bellman_ford_switch_down_20260607_083146,h4,jellyfish/bellman_ford/switch_down/run_scenario_jellyfish_bellman_ford_switch_down_20260607_083146/h4.pcap,f6:2d:00:d4:af:5a,01:80:c2:00:00:0e,,,,,,60
2026-06-07T08:42:31.800732+00:00,jellyfish,bellman_ford,switch_down,run_scenario_jellyfish_bellman_ford_switch_down_20260607_083146,h4,jellyfish/bellman_ford/switch_down/run_scenario_jellyfish_bellman_ford_switch_down_20260607_083146/h4.pcap,f6:2d:00:d4:af:5a,01:80:c2:00:00:0e,,,,,,60
2026-06-07T08:42:33.842486+00:00,jellyfish,bellman_ford,switch_down,run_scenario_jellyfish_bellman_ford_switch_down_20260607_083146,h4,jellyfish/bellman_ford/switch_down/run_scenario_jellyfish_bellman_ford_switch_down_20260607_083146/h4.pcap,f6:2d:00:d4:af:5a,01:80:c2:00:00:0e,,,,,,60
2026-06-07T08:42:35.875990+00:00,jellyfish,bellman_ford,switch_down,run_scenario_jellyfish_bellman_ford_switch_down_20260607_083146,h4,jellyfish/bellman_ford/switch_down/run_scenario_jellyfish_bellman_ford_switch_down_20260607_083146/h4.pcap,f6:2d:00:d4:af:5a,01:80:c2:00:00:0e,,,,,,60
2026-06-07T08:42:37.906541+00:00,jellyfish,bellman_ford,switch_down,run_scenario_jellyfish_bellman_ford_switch_down_20260607_083146,h4,jellyfish/bellman_ford/switch_down/run_scenario_jellyfish_bellman_ford_switch_down_20260607_083146/h4.pcap,f6:2d:00:d4:af:5a,01:80:c2:00:00:0e,,,,,,60
2026-06-07T08:42:39.939139+00:00,jellyfish,bellman_ford,switch_down,run_scenario_jellyfish_bellman_ford_switch_down_20260607_083146,h4,jellyfish/bellman_ford/switch_down/run_scenario_jellyfish_bellman_ford_switch_down_20260607_083146/h4.pcap,f6:2d:00:d4:af:5a,01:80:c2:00:00:0e,,,,,,60
2026-06-07T08:42:41.971701+00:00,jellyfish,bellman_ford,switch_down,run_scenario_jellyfish_bellman_ford_switch_down_20260607_083146,h4,jellyfish/bellman_ford/switch_down/run_scenario_jellyfish_bellman_ford_switch_down_20260607_083146/h4.pcap,f6:2d:00:d4:af:5a,01:80:c2:00:00:0e,,,,,,60
2026-06-07T08:42:46.732490+00:00,jellyfish,bellman_ford,switch_down,run_scenario_jellyfish_bellman_ford_switch_down_20260607_083146,h4,jellyfish/bellman_ford/switch_down/run_scenario_jellyfish_bellman_ford_switch_down_20260607_083146/h4.pcap,f6:2d:00:d4:af:5a,01:80:c2:00:00:0e,,,,,,60
2026-06-07T08:42:48.763942+00:00,jellyfish,bellman_ford,switch_down,run_scenario_jellyfish_bellman_ford_switch_down_20260607_083146,h4,jellyfish/bellman_ford/switch_down/run_scenario_jellyfish_bellman_ford_switch_down_20260607_083146/h4.pcap,f6:2d:00:d4:af:5a,01:80:c2:00:00:0e,,,,,,60
2026-06-07T08:42:50.793408+00:00,jellyfish,bellman_ford,switch_down,run_scenario_jellyfish_bellman_ford_switch_down_20260607_083146,h4,jellyfish/bellman_ford/switch_down/run_scenario_jellyfish_bellman_ford_switch_down_20260607_083146/h4.pcap,f6:2d:00:d4:af:5a,01:80:c2:00:00:0e,,,,,,60
2026-06-07T08:42:52.830458+00:00,jellyfish,bellman_ford,switch_down,run_scenario_jellyfish_bellman_ford_switch_down_20260607_083146,h4,jellyfish/bellman_ford/switch_down/run_scenario_jellyfish_bellman_ford_switch_down_20260607_083146/h4.pcap,f6:2d:00:d4:af:5a,01:80:c2:00:00:0e,,,,,,60
2026-06-07T08:42:54.865777+00:00,jellyfish,bellman_ford,switch_down,run_scenario_jellyfish_bellman_ford_switch_down_20260607_083146,h4,jellyfish/bellman_ford/switch_down/run_scenario_jellyfish_bellman_ford_switch_down_20260607_083146/h4.pcap,f6:2d:00:d4:af:5a,01:80:c2:00:00:0e,,,,,,60
2026-06-07T08:42:56.900627+00:00,jellyfish,bellman_ford,switch_down,run_scenario_jellyfish_bellman_ford_switch_down_20260607_083146,h4,jellyfish/bellman_ford/switch_down/run_scenario_jellyfish_bellman_ford_switch_down_20260607_083146/h4.pcap,f6:2d:00:d4:af:5a,01:80:c2:00:00:0e,,,,,,60
2026-06-07T08:42:58.936548+00:00,jellyfish,bellman_ford,switch_down,run_scenario_jellyfish_bellman_ford_switch_down_20260607_083146,h4,jellyfish/bellman_ford/switch_down/run_scenario_jellyfish_bellman_ford_switch_down_20260607_083146/h4.pcap,f6:2d:00:d4:af:5a,01:80:c2:00:00:0e,,,,,,60
2026-06-07T08:43:00.971357+00:00,jellyfish,bellman_ford,switch_down,run_scenario_jellyfish_bellman_ford_switch_down_20260607_083146,h4,jellyfish/bellman_ford/switch_down/run_scenario_jellyfish_bellman_ford_switch_down_20260607_083146/h4.pcap,f6:2d:00:d4:af:5a,01:80:c2:00:00:0e,,,,,,60
2026-06-07T08:43:03.002897+00:00,jellyfish,bellman_ford,switch_down,run_scenario_jellyfish_bellman_ford_switch_down_20260607_083146,h4,jellyfish/bellman_ford/switch_down/run_scenario_jellyfish_bellman_ford_switch_down_20260607_083146/h4.pcap,f6:2d:00:d4:af:5a,01:80:c2:00:00:0e,,,,,,60
2026-06-07T08:43:05.032119+00:00,jellyfish,bellman_ford,switch_down,run_scenario_jellyfish_bellman_ford_switch_down_20260607_083146,h4,jellyfish/bellman_ford/switch_down/run_scenario_jellyfish_bellman_ford_switch_down_20260607_083146/h4.pcap,f6:2d:00:d4:af:5a,01:80:c2:00:00:0e,,,,,,60
2026-06-07T08:43:07.065408+00:00,jellyfish,bellman_ford,switch_down,run_scenario_jellyfish_bellman_ford_switch_down_20260607_083146,h4,jellyfish/bellman_ford/switch_down/run_scenario_jellyfish_bellman_ford_switch_down_20260607_083146/h4.pcap,f6:2d:00:d4:af:5a,01:80:c2:00:00:0e,,,,,,60
2026-06-07T08:43:09.097950+00:00,jellyfish,bellman_ford,switch_down,run_scenario_jellyfish_bellman_ford_switch_down_20260607_083146,h4,jellyfish/bellman_ford/switch_down/run_scenario_jellyfish_bellman_ford_switch_down_20260607_083146/h4.pcap,f6:2d:00:d4:af:5a,01:80:c2:00:00:0e,,,,,,60
2026-06-07T08:43:11.131427+00:00,jellyfish,bellman_ford,switch_down,run_scenario_jellyfish_bellman_ford_switch_down_20260607_083146,h4,jellyfish/bellman_ford/switch_down/run_scenario_jellyfish_bellman_ford_switch_down_20260607_083146/h4.pcap,f6:2d:00:d4:af:5a,01:80:c2:00:00:0e,,,,,,60
2026-06-07T08:43:13.165497+00:00,jellyfish,bellman_ford,switch_down,run_scenario_jellyfish_bellman_ford_switch_down_20260607_083146,h4,jellyfish/bellman_ford/switch_down/run_scenario_jellyfish_bellman_ford_switch_down_20260607_083146/h4.pcap,f6:2d:00:d4:af:5a,01:80:c2:00:00:0e,,,,,,60
2026-06-07T08:43:15.196846+00:00,jellyfish,bellman_ford,switch_down,run_scenario_jellyfish_bellman_ford_switch_down_20260607_083146,h4,jellyfish/bellman_ford/switch_down/run_scenario_jellyfish_bellman_ford_switch_down_20260607_083146/h4.pcap,f6:2d:00:d4:af:5a,01:80:c2:00:00:0e,,,,,,60
2026-06-07T08:43:19.956253+00:00,jellyfish,bellman_ford,switch_down,run_scenario_jellyfish_bellman_ford_switch_down_20260607_083146,h4,jellyfish/bellman_ford/switch_down/run_scenario_jellyfish_bellman_ford_switch_down_20260607_083146/h4.pcap,f6:2d:00:d4:af:5a,01:80:c2:00:00:0e,,,,,,60
2026-06-07T08:43:21.989453+00:00,jellyfish,bellman_ford,switch_down,run_scenario_jellyfish_bellman_ford_switch_down_20260607_083146,h4,jellyfish/bellman_ford/switch_down/run_scenario_jellyfish_bellman_ford_switch_down_20260607_083146/h4.pcap,f6:2d:00:d4:af:5a,01:80:c2:00:00:0e,,,,,,60
2026-06-07T08:43:24.020115+00:00,jellyfish,bellman_ford,switch_down,run_scenario_jellyfish_bellman_ford_switch_down_20260607_083146,h4,jellyfish/bellman_ford/switch_down/run_scenario_jellyfish_bellman_ford_switch_down_20260607_083146/h4.pcap,f6:2d:00:d4:af:5a,01:80:c2:00:00:0e,,,,,,60
2026-06-07T08:43:26.054603+00:00,jellyfish,bellman_ford,switch_down,run_scenario_jellyfish_bellman_ford_switch_down_20260607_083146,h4,jellyfish/bellman_ford/switch_down/run_scenario_jellyfish_bellman_ford_switch_down_20260607_083146/h4.pcap,f6:2d:00:d4:af:5a,01:80:c2:00:00:0e,,,,,,60
2026-06-07T08:43:28.094158+00:00,jellyfish,bellman_ford,switch_down,run_scenario_jellyfish_bellman_ford_switch_down_20260607_083146,h4,jellyfish/bellman_ford/switch_down/run_scenario_jellyfish_bellman_ford_switch_down_20260607_083146/h4.pcap,f6:2d:00:d4:af:5a,01:80:c2:00:00:0e,,,,,,60
2026-06-07T08:43:30.126572+00:00,jellyfish,bellman_ford,switch_down,run_scenario_jellyfish_bellman_ford_switch_down_20260607_083146,h4,jellyfish/bellman_ford/switch_down/run_scenario_jellyfish_bellman_ford_switch_down_20260607_083146/h4.pcap,f6:2d:00:d4:af:5a,01:80:c2:00:00:0e,,,,,,60
2026-06-07T08:43:32.159501+00:00,jellyfish,bellman_ford,switch_down,run_scenario_jellyfish_bellman_ford_switch_down_20260607_083146,h4,jellyfish/bellman_ford/switch_down/run_scenario_jellyfish_bellman_ford_switch_down_20260607_083146/h4.pcap,f6:2d:00:d4:af:5a,01:80:c2:00:00:0e,,,,,,60
2026-06-07T08:43:34.187724+00:00,jellyfish,bellman_ford,switch_down,run_scenario_jellyfish_bellman_ford_switch_down_20260607_083146,h4,jellyfish/bellman_ford/switch_down/run_scenario_jellyfish_bellman_ford_switch_down_20260607_083146/h4.pcap,f6:2d:00:d4:af:5a,01:80:c2:00:00:0e,,,,,,60
2026-06-07T08:43:36.219934+00:00,jellyfish,bellman_ford,switch_down,run_scenario_jellyfish_bellman_ford_switch_down_20260607_083146,h4,jellyfish/bellman_ford/switch_down/run_scenario_jellyfish_bellman_ford_switch_down_20260607_083146/h4.pcap,f6:2d:00:d4:af:5a,01:80:c2:00:00:0e,,,,,,60
2026-06-07T08:43:38.251043+00:00,jellyfish,bellman_ford,switch_down,run_scenario_jellyfish_bellman_ford_switch_down_20260607_083146,h4,jellyfish/bellman_ford/switch_down/run_scenario_jellyfish_bellman_ford_switch_down_20260607_083146/h4.pcap,f6:2d:00:d4:af:5a,01:80:c2:00:00:0e,,,,,,60
2026-06-07T08:43:40.283239+00:00,jellyfish,bellman_ford,switch_down,run_scenario_jellyfish_bellman_ford_switch_down_20260607_083146,h4,jellyfish/bellman_ford/switch_down/run_scenario_jellyfish_bellman_ford_switch_down_20260607_083146/h4.pcap,f6:2d:00:d4:af:5a,01:80:c2:00:00:0e,,,,,,60
2026-06-07T08:43:42.319181+00:00,jellyfish,bellman_ford,switch_down,run_scenario_jellyfish_bellman_ford_switch_down_20260607_083146,h4,jellyfish/bellman_ford/switch_down/run_scenario_jellyfish_bellman_ford_switch_down_20260607_083146/h4.pcap,f6:2d:00:d4:af:5a,01:80:c2:00:00:0e,,,,,,60
2026-06-07T08:43:44.356714+00:00,jellyfish,bellman_ford,switch_down,run_scenario_jellyfish_bellman_ford_switch_down_20260607_083146,h4,jellyfish/bellman_ford/switch_down/run_scenario_jellyfish_bellman_ford_switch_down_20260607_083146/h4.pcap,f6:2d:00:d4:af:5a,01:80:c2:00:00:0e,,,,,,60
2026-06-07T08:43:46.389579+00:00,jellyfish,bellman_ford,switch_down,run_scenario_jellyfish_bellman_ford_switch_down_20260607_083146,h4,jellyfish/bellman_ford/switch_down/run_scenario_jellyfish_bellman_ford_switch_down_20260607_083146/h4.pcap,f6:2d:00:d4:af:5a,01:80:c2:00:00:0e,,,,,,60
2026-06-07T08:43:48.426017+00:00,jellyfish,bellman_ford,switch_down,run_scenario_jellyfish_bellman_ford_switch_down_20260607_083146,h4,jellyfish/bellman_ford/switch_down/run_scenario_jellyfish_bellman_ford_switch_down_20260607_083146/h4.pcap,f6:2d:00:d4:af:5a,01:80:c2:00:00:0e,,,,,,60
2026-06-07T08:43:53.184470+00:00,jellyfish,bellman_ford,switch_down,run_scenario_jellyfish_bellman_ford_switch_down_20260607_083146,h4,jellyfish/bellman_ford/switch_down/run_scenario_jellyfish_bellman_ford_switch_down_20260607_083146/h4.pcap,f6:2d:00:d4:af:5a,01:80:c2:00:00:0e,,,,,,60
2026-06-07T08:43:55.214571+00:00,jellyfish,bellman_ford,switch_down,run_scenario_jellyfish_bellman_ford_switch_down_20260607_083146,h4,jellyfish/bellman_ford/switch_down/run_scenario_jellyfish_bellman_ford_switch_down_20260607_083146/h4.pcap,f6:2d:00:d4:af:5a,01:80:c2:00:00:0e,,,,,,60
2026-06-07T08:43:57.244288+00:00,jellyfish,bellman_ford,switch_down,run_scenario_jellyfish_bellman_ford_switch_down_20260607_083146,h4,jellyfish/bellman_ford/switch_down/run_scenario_jellyfish_bellman_ford_switch_down_20260607_083146/h4.pcap,f6:2d:00:d4:af:5a,01:80:c2:00:00:0e,,,,,,60
2026-06-07T08:43:59.280202+00:00,jellyfish,bellman_ford,switch_down,run_scenario_jellyfish_bellman_ford_switch_down_20260607_083146,h4,jellyfish/bellman_ford/switch_down/run_scenario_jellyfish_bellman_ford_switch_down_20260607_083146/h4.pcap,f6:2d:00:d4:af:5a,01:80:c2:00:00:0e,,,,,,60
2026-06-07T08:44:01.313965+00:00,jellyfish,bellman_ford,switch_down,run_scenario_jellyfish_bellman_ford_switch_down_20260607_083146,h4,jellyfish/bellman_ford/switch_down/run_scenario_jellyfish_bellman_ford_switch_down_20260607_083146/h4.pcap,f6:2d:00:d4:af:5a,01:80:c2:00:00:0e,,,,,,60
2026-06-07T08:44:03.346396+00:00,jellyfish,bellman_ford,switch_down,run_scenario_jellyfish_bellman_ford_switch_down_20260607_083146,h4,jellyfish/bellman_ford/switch_down/run_scenario_jellyfish_bellman_ford_switch_down_20260607_083146/h4.pcap,f6:2d:00:d4:af:5a,01:80:c2:00:00:0e,,,,,,60
2026-06-07T08:44:05.383728+00:00,jellyfish,bellman_ford,switch_down,run_scenario_jellyfish_bellman_ford_switch_down_20260607_083146,h4,jellyfish/bellman_ford/switch_down/run_scenario_jellyfish_bellman_ford_switch_down_20260607_083146/h4.pcap,f6:2d:00:d4:af:5a,01:80:c2:00:00:0e,,,,,,60
2026-06-07T08:44:07.423557+00:00,jellyfish,bellman_ford,switch_down,run_scenario_jellyfish_bellman_ford_switch_down_20260607_083146,h4,jellyfish/bellman_ford/switch_down/run_scenario_jellyfish_bellman_ford_switch_down_20260607_083146/h4.pcap,f6:2d:00:d4:af:5a,01:80:c2:00:00:0e,,,,,,60
2026-06-07T08:44:09.460620+00:00,jellyfish,bellman_ford,switch_down,run_scenario_jellyfish_bellman_ford_switch_down_20260607_083146,h4,jellyfish/bellman_ford/switch_down/run_scenario_jellyfish_bellman_ford_switch_down_20260607_083146/h4.pcap,f6:2d:00:d4:af:5a,01:80:c2:00:00:0e,,,,,,60
2026-06-07T08:44:11.496217+00:00,jellyfish,bellman_ford,switch_down,run_scenario_jellyfish_bellman_ford_switch_down_20260607_083146,h4,jellyfish/bellman_ford/switch_down/run_scenario_jellyfish_bellman_ford_switch_down_20260607_083146/h4.pcap,f6:2d:00:d4:af:5a,01:80:c2:00:00:0e,,,,,,60
2026-06-07T08:44:13.532906+00:00,jellyfish,bellman_ford,switch_down,run_scenario_jellyfish_bellman_ford_switch_down_20260607_083146,h4,jellyfish/bellman_ford/switch_down/run_scenario_jellyfish_bellman_ford_switch_down_20260607_083146/h4.pcap,f6:2d:00:d4:af:5a,01:80:c2:00:00:0e,,,,,,60
