timestamp,topology,algorithm,scenario,run_id,host,pcap_file,src_mac,dst_mac,src_ip,dst_ip,proto,src_port,dst_port,length
2026-06-07T08:31:55.584326+00:00,jellyfish,bellman_ford,switch_down,run_scenario_jellyfish_bellman_ford_switch_down_20260607_083146,h6,jellyfish/bellman_ford/switch_down/run_scenario_jellyfish_bellman_ford_switch_down_20260607_083146/h6.pcap,26:20:32:eb:d6:8a,01:80:c2:00:00:0e,,,,,,60
2026-06-07T08:31:57.619316+00:00,jellyfish,bellman_ford,switch_down,run_scenario_jellyfish_bellman_ford_switch_down_20260607_083146,h6,jellyfish/bellman_ford/switch_down/run_scenario_jellyfish_bellman_ford_switch_down_20260607_083146/h6.pcap,26:20:32:eb:d6:8a,01:80:c2:00:00:0e,,,,,,60
2026-06-07T08:31:59.654099+00:00,jellyfish,bellman_ford,switch_down,run_scenario_jellyfish_bellman_ford_switch_down_20260607_083146,h6,jellyfish/bellman_ford/switch_down/run_scenario_jellyfish_bellman_ford_switch_down_20260607_083146/h6.pcap,26:20:32:eb:d6:8a,01:80:c2:00:00:0e,,,,,,60
2026-06-07T08:32:01.694021+00:00,jellyfish,bellman_ford,switch_down,run_scenario_jellyfish_bellman_ford_switch_down_20260607_083146,h6,jellyfish/bellman_ford/switch_down/run_scenario_jellyfish_bellman_ford_switch_down_20260607_083146/h6.pcap,26:20:32:eb:d6:8a,01:80:c2:00:00:0e,,,,,,60
2026-06-07T08:32:03.732606+00:00,jellyfish,bellman_ford,switch_down,run_scenario_jellyfish_bellman_ford_switch_down_20260607_083146,h6,jellyfish/bellman_ford/switch_down/run_scenario_jellyfish_bellman_ford_switch_down_20260607_083146/h6.pcap,26:20:32:eb:d6:8a,01:80:c2:00:00:0e,,,,,,60
2026-06-07T08:32:05.768894+00:00,jellyfish,bellman_ford,switch_down,run_scenario_jellyfish_bellman_ford_switch_down_20260607_083146,h6,jellyfish/bellman_ford/switch_down/run_scenario_jellyfish_bellman_ford_switch_down_20260607_083146/h6.pcap,26:20:32:eb:d6:8a,01:80:c2:00:00:0e,,,,,,60
2026-06-07T08:32:07.803094+00:00,jellyfish,bellman_ford,switch_down,run_scenario_jellyfish_bellman_ford_switch_down_20260607_083146,h6,jellyfish/bellman_ford/switch_down/run_scenario_jellyfish_bellman_ford_switch_down_20260607_083146/h6.pcap,26:20:32:eb:d6:8a,01:80:c2:00:00:0e,,,,,,60
2026-06-07T08:32:09.835444+00:00,jellyfish,bellman_ford,switch_down,run_scenario_jellyfish_bellman_ford_switch_down_20260607_083146,h6,jellyfish/bellman_ford/switch_down/run_scenario_jellyfish_bellman_ford_switch_down_20260607_083146/h6.pcap,26:20:32:eb:d6:8a,01:80:c2:00:00:0e,,,,,,60
2026-06-07T08:32:11.866212+00:00,jellyfish,bellman_ford,switch_down,run_scenario_jellyfish_bellman_ford_switch_down_20260607_083146,h6,jellyfish/bellman_ford/switch_down/run_scenario_jellyfish_bellman_ford_switch_down_20260607_083146/h6.pcap,26:20:32:eb:d6:8a,01:80:c2:00:00:0e,,,,,,60
2026-06-07T08:32:13.902150+00:00,jellyfish,bellman_ford,switch_down,run_scenario_jellyfish_bellman_ford_switch_down_20260607_083146,h6,jellyfish/bellman_ford/switch_down/run_scenario_jellyfish_bellman_ford_switch_down_20260607_083146/h6.pcap,26:20:32:eb:d6:8a,01:80:c2:00:00:0e,,,,,,60
2026-06-07T08:32:15.936302+00:00,jellyfish,bellman_ford,switch_down,run_scenario_jellyfish_bellman_ford_switch_down_20260607_083146,h6,jellyfish/bellman_ford/switch_down/run_scenario_jellyfish_bellman_ford_switch_down_20260607_083146/h6.pcap,26:20:32:eb:d6:8a,01:80:c2:00:00:0e,,,,,,60
2026-06-07T08:32:17.973081+00:00,jellyfish,bellman_ford,switch_down,run_scenario_jellyfish_bellman_ford_switch_down_20260607_083146,h6,jellyfish/bellman_ford/switch_down/run_scenario_jellyfish_bellman_ford_switch_down_20260607_083146/h6.pcap,26:20:32:eb:d6:8a,01:80:c2:00:00:0e,,,,,,60
2026-06-07T08:32:20.006557+00:00,jellyfish,bellman_ford,switch_down,run_scenario_jellyfish_bellman_ford_switch_down_20260607_083146,h6,jellyfish/bellman_ford/switch_down/run_scenario_jellyfish_bellman_ford_switch_down_20260607_083146/h6.pcap,26:20:32:eb:d6:8a,01:80:c2:00:00:0e,,,,,,60
2026-06-07T08:32:24.763532+00:00,jellyfish,bellman_ford,switch_down,run_scenario_jellyfish_bellman_ford_switch_down_20260607_083146,h6,jellyfish/bellman_ford/switch_down/run_scenario_jellyfish_bellman_ford_switch_down_20260607_083146/h6.pcap,26:20:32:eb:d6:8a,01:80:c2:00:00:0e,,,,,,60
2026-06-07T08:32:26.795169+00:00,jellyfish,bellman_ford,switch_down,run_scenario_jellyfish_bellman_ford_switch_down_20260607_083146,h6,jellyfish/bellman_ford/switch_down/run_scenario_jellyfish_bellman_ford_switch_down_20260607_083146/h6.pcap,26:20:32:eb:d6:8a,01:80:c2:00:00:0e,,,,,,60
2026-06-07T08:32:28.828103+00:00,jellyfish,bellman_ford,switch_down,run_scenario_jellyfish_bellman_ford_switch_down_20260607_083146,h6,jellyfish/bellman_ford/switch_down/run_scenario_jellyfish_bellman_ford_switch_down_20260607_083146/h6.pcap,26:20:32:eb:d6:8a,01:80:c2:00:00:0e,,,,,,60
2026-06-07T08:32:30.868118+00:00,jellyfish,bellman_ford,switch_down,run_scenario_jellyfish_bellman_ford_switch_down_20260607_083146,h6,jellyfish/bellman_ford/switch_down/run_scenario_jellyfish_bellman_ford_switch_down_20260607_083146/h6.pcap,26:20:32:eb:d6:8a,01:80:c2:00:00:0e,,,,,,60
2026-06-07T08:32:32.904466+00:00,jellyfish,bellman_ford,switch_down,run_scenario_jellyfish_bellman_ford_switch_down_20260607_083146,h6,jellyfish/bellman_ford/switch_down/run_scenario_jellyfish_bellman_ford_switch_down_20260607_083146/h6.pcap,26:20:32:eb:d6:8a,01:80:c2:00:00:0e,,,,,,60
2026-06-07T08:32:34.939877+00:00,jellyfish,bellman_ford,switch_down,run_scenario_jellyfish_bellman_ford_switch_down_20260607_083146,h6,jellyfish/bellman_ford/switch_down/run_scenario_jellyfish_bellman_ford_switch_down_20260607_083146/h6.pcap,26:20:32:eb:d6:8a,01:80:c2:00:00:0e,,,,,,60
2026-06-07T08:32:36.978268+00:00,jellyfish,bellman_ford,switch_down,run_scenario_jellyfish_bellman_ford_switch_down_20260607_083146,h6,jellyfish/bellman_ford/switch_down/run_scenario_jellyfish_bellman_ford_switch_down_20260607_083146/h6.pcap,26:20:32:eb:d6:8a,01:80:c2:00:00:0e,,,,,,60
2026-06-07T08:32:39.012669+00:00,jellyfish,bellman_ford,switch_down,run_scenario_jellyfish_bellman_ford_switch_down_20260607_083146,h6,jellyfish/bellman_ford/switch_down/run_scenario_jellyfish_bellman_ford_switch_down_20260607_083146/h6.pcap,26:20:32:eb:d6:8a,01:80:c2:00:00:0e,,,,,,60
2026-06-07T08:32:41.047581+00:00,jellyfish,bellman_ford,switch_down,run_scenario_jellyfish_bellman_ford_switch_down_20260607_083146,h6,jellyfish/bellman_ford/switch_down/run_scenario_jellyfish_bellman_ford_switch_down_20260607_083146/h6.pcap,26:20:32:eb:d6:8a,01:80:c2:00:00:0e,,,,,,60
2026-06-07T08:32:43.079883+00:00,jellyfish,bellman_ford,switch_down,run_scenario_jellyfish_bellman_ford_switch_down_20260607_083146,h6,jellyfish/bellman_ford/switch_down/run_scenario_jellyfish_bellman_ford_switch_down_20260607_083146/h6.pcap,26:20:32:eb:d6:8a,01:80:c2:00:00:0e,,,,,,60
2026-06-07T08:32:45.111625+00:00,jellyfish,bellman_ford,switch_down,run_scenario_jellyfish_bellman_ford_switch_down_20260607_083146,h6,jellyfish/bellman_ford/switch_down/run_scenario_jellyfish_bellman_ford_switch_down_20260607_083146/h6.pcap,26:20:32:eb:d6:8a,01:80:c2:00:00:0e,,,,,,60
2026-06-07T08:32:47.143445+00:00,jellyfish,bellman_ford,switch_down,run_scenario_jellyfish_bellman_ford_switch_down_20260607_083146,h6,jellyfish/bellman_ford/switch_down/run_scenario_jellyfish_bellman_ford_switch_down_20260607_083146/h6.pcap,26:20:32:eb:d6:8a,01:80:c2:00:00:0e,,,,,,60
2026-06-07T08:32:49.174786+00:00,jellyfish,bellman_ford,switch_down,run_scenario_jellyfish_bellman_ford_switch_down_20260607_083146,h6,jellyfish/bellman_ford/switch_down/run_scenario_jellyfish_bellman_ford_switch_down_20260607_083146/h6.pcap,26:20:32:eb:d6:8a,01:80:c2:00:00:0e,,,,,,60
2026-06-07T08:32:51.213931+00:00,jellyfish,bellman_ford,switch_down,run_scenario_jellyfish_bellman_ford_switch_down_20260607_083146,h6,jellyfish/bellman_ford/switch_down/run_scenario_jellyfish_bellman_ford_switch_down_20260607_083146/h6.pcap,26:20:32:eb:d6:8a,01:80:c2:00:00:0e,,,,,,60
2026-06-07T08:32:53.253030+00:00,jellyfish,bellman_ford,switch_down,run_scenario_jellyfish_bellman_ford_switch_down_20260607_083146,h6,jellyfish/bellman_ford/switch_down/run_scenario_jellyfish_bellman_ford_switch_down_20260607_083146/h6.pcap,26:20:32:eb:d6:8a,01:80:c2:00:00:0e,,,,,,60
2026-06-07T08:32:58.010458+00:00,jellyfish,bellman_ford,switch_down,run_scenario_jellyfish_bellman_ford_switch_down_20260607_083146,h6,jellyfish/bellman_ford/switch_down/run_scenario_jellyfish_bellman_ford_switch_down_20260607_083146/h6.pcap,26:20:32:eb:d6:8a,01:80:c2:00:00:0e,,,,,,60
2026-06-07T08:33:00.047861+00:00,jellyfish,bellman_ford,switch_down,run_scenario_jellyfish_bellman_ford_switch_down_20260607_083146,h6,jellyfish/bellman_ford/switch_down/run_scenario_jellyfish_bellman_ford_switch_down_20260607_083146/h6.pcap,26:20:32:eb:d6:8a,01:80:c2:00:00:0e,,,,,,60
2026-06-07T08:33:02.083889+00:00,jellyfish,bellman_ford,switch_down,run_scenario_jellyfish_bellman_ford_switch_down_20260607_083146,h6,jellyfish/bellman_ford/switch_down/run_scenario_jellyfish_bellman_ford_switch_down_20260607_083146/h6.pcap,26:20:32:eb:d6:8a,01:80:c2:00:00:0e,,,,,,60
2026-06-07T08:33:04.120519+00:00,jellyfish,bellman_ford,switch_down,run_scenario_jellyfish_bellman_ford_switch_down_20260607_083146,h6,jellyfish/bellman_ford/switch_down/run_scenario_jellyfish_bellman_ford_switch_down_20260607_083146/h6.pcap,26:20:32:eb:d6:8a,01:80:c2:00:00:0e,,,,,,60
2026-06-07T08:33:06.151297+00:00,jellyfish,bellman_ford,switch_down,run_scenario_jellyfish_bellman_ford_switch_down_20260607_083146,h6,jellyfish/bellman_ford/switch_down/run_scenario_jellyfish_bellman_ford_switch_down_20260607_083146/h6.pcap,26:20:32:eb:d6:8a,01:80:c2:00:00:0e,,,,,,60
2026-06-07T08:33:08.184116+00:00,jellyfish,bellman_ford,switch_down,run_scenario_jellyfish_bellman_ford_switch_down_20260607_083146,h6,jellyfish/bellman_ford/switch_down/run_scenario_jellyfish_bellman_ford_switch_down_20260607_083146/h6.pcap,26:20:32:eb:d6:8a,01:80:c2:00:00:0e,,,,,,60
2026-06-07T08:33:10.215915+00:00,jellyfish,bellman_ford,switch_down,run_scenario_jellyfish_bellman_ford_switch_down_20260607_083146,h6,jellyfish/bellman_ford/switch_down/run_scenario_jellyfish_bellman_ford_switch_down_20260607_083146/h6.pcap,26:20:32:eb:d6:8a,01:80:c2:00:00:0e,,,,,,60
2026-06-07T08:33:12.253083+00:00,jellyfish,bellman_ford,switch_down,run_scenario_jellyfish_bellman_ford_switch_down_20260607_083146,h6,jellyfish/bellman_ford/switch_down/run_scenario_jellyfish_bellman_ford_switch_down_20260607_083146/h6.pcap,26:20:32:eb:d6:8a,01:80:c2:00:00:0e,,,,,,60
2026-06-07T08:33:14.285006+00:00,jellyfish,bellman_ford,switch_down,run_scenario_jellyfish_bellman_ford_switch_down_20260607_083146,h6,jellyfish/bellman_ford/switch_down/run_scenario_jellyfish_bellman_ford_switch_down_20260607_083146/h6.pcap,26:20:32:eb:d6:8a,01:80:c2:00:00:0e,,,,,,60
2026-06-07T08:33:16.319049+00:00,jellyfish,bellman_ford,switch_down,run_scenario_jellyfish_bellman_ford_switch_down_20260607_083146,h6,jellyfish/bellman_ford/switch_down/run_scenario_jellyfish_bellman_ford_switch_down_20260607_083146/h6.pcap,26:20:32:eb:d6:8a,01:80:c2:00:00:0e,,,,,,60
2026-06-07T08:33:18.351967+00:00,jellyfish,bellman_ford,switch_down,run_scenario_jellyfish_bellman_ford_switch_down_20260607_083146,h6,jellyfish/bellman_ford/switch_down/run_scenario_jellyfish_bellman_ford_switch_down_20260607_083146/h6.pcap,26:20:32:eb:d6:8a,01:80:c2:00:00:0e,,,,,,60
2026-06-07T08:33:20.387079+00:00,jellyfish,bellman_ford,switch_down,run_scenario_jellyfish_bellman_ford_switch_down_20260607_083146,h6,jellyfish/bellman_ford/switch_down/run_scenario_jellyfish_bellman_ford_switch_down_20260607_083146/h6.pcap,26:20:32:eb:d6:8a,01:80:c2:00:00:0e,,,,,,60
2026-06-07T08:33:22.423940+00:00,jellyfish,bellman_ford,switch_down,run_scenario_jellyfish_bellman_ford_switch_down_20260607_083146,h6,jellyfish/bellman_ford/switch_down/run_scenario_jellyfish_bellman_ford_switch_down_20260607_083146/h6.pcap,26:20:32:eb:d6:8a,01:80:c2:00:00:0e,,,,,,60
2026-06-07T08:33:24.455945+00:00,jellyfish,bellman_ford,switch_down,run_scenario_jellyfish_bellman_ford_switch_down_20260607_083146,h6,jellyfish/bellman_ford/switch_down/run_scenario_jellyfish_bellman_ford_switch_down_20260607_083146/h6.pcap,26:20:32:eb:d6:8a,01:80:c2:00:00:0e,,,,,,60
2026-06-07T08:33:26.494441+00:00,jellyfish,bellman_ford,switch_down,run_scenario_jellyfish_bellman_ford_switch_down_20260607_083146,h6,jellyfish/bellman_ford/switch_down/run_scenario_jellyfish_bellman_ford_switch_down_20260607_083146/h6.pcap,26:20:32:eb:d6:8a,01:80:c2:00:00:0e,,,,,,60
2026-06-07T08:33:31.259215+00:00,jellyfish,bellman_ford,switch_down,run_scenario_jellyfish_bellman_ford_switch_down_20260607_083146,h6,jellyfish/bellman_ford/switch_down/run_scenario_jellyfish_bellman_ford_switch_down_20260607_083146/h6.pcap,26:20:32:eb:d6:8a,01:80:c2:00:00:0e,,,,,,60
2026-06-07T08:33:33.297581+00:00,jellyfish,bellman_ford,switch_down,run_scenario_jellyfish_bellman_ford_switch_down_20260607_083146,h6,jellyfish/bellman_ford/switch_down/run_scenario_jellyfish_bellman_ford_switch_down_20260607_083146/h6.pcap,26:20:32:eb:d6:8a,01:80:c2:00:00:0e,,,,,,60
2026-06-07T08:33:35.335231+00:00,jellyfish,bellman_ford,switch_down,run_scenario_jellyfish_bellman_ford_switch_down_20260607_083146,h6,jellyfish/bellman_ford/switch_down/run_scenario_jellyfish_bellman_ford_switch_down_20260607_083146/h6.pcap,26:20:32:eb:d6:8a,01:80:c2:00:00:0e,,,,,,60
2026-06-07T08:33:37.373718+00:00,jellyfish,bellman_ford,switch_down,run_scenario_jellyfish_bellman_ford_switch_down_20260607_083146,h6,jellyfish/bellman_ford/switch_down/run_scenario_jellyfish_bellman_ford_switch_down_20260607_083146/h6.pcap,26:20:32:eb:d6:8a,01:80:c2:00:00:0e,,,,,,60
2026-06-07T08:33:39.409736+00:00,jellyfish,bellman_ford,switch_down,run_scenario_jellyfish_bellman_ford_switch_down_20260607_083146,h6,jellyfish/bellman_ford/switch_down/run_scenario_jellyfish_bellman_ford_switch_down_20260607_083146/h6.pcap,26:20:32:eb:d6:8a,01:80:c2:00:00:0e,,,,,,60
2026-06-07T08:33:41.445771+00:00,jellyfish,bellman_ford,switch_down,run_scenario_jellyfish_bellman_ford_switch_down_20260607_083146,h6,jellyfish/bellman_ford/switch_down/run_scenario_jellyfish_bellman_ford_switch_down_20260607_083146/h6.pcap,26:20:32:eb:d6:8a,01:80:c2:00:00:0e,,,,,,60
2026-06-07T08:33:43.480714+00:00,jellyfish,bellman_ford,switch_down,run_scenario_jellyfish_bellman_ford_switch_down_20260607_083146,h6,jellyfish/bellman_ford/switch_down/run_scenario_jellyfish_bellman_ford_switch_down_20260607_083146/h6.pcap,26:20:32:eb:d6:8a,01:80:c2:00:00:0e,,,,,,60
2026-06-07T08:33:45.516898+00:00,jellyfish,bellman_ford,switch_down,run_scenario_jellyfish_bellman_ford_switch_down_20260607_083146,h6,jellyfish/bellman_ford/switch_down/run_scenario_jellyfish_bellman_ford_switch_down_20260607_083146/h6.pcap,26:20:32:eb:d6:8a,01:80:c2:00:00:0e,,,,,,60
2026-06-07T08:33:47.549004+00:00,jellyfish,bellman_ford,switch_down,run_scenario_jellyfish_bellman_ford_switch_down_20260607_083146,h6,jellyfish/bellman_ford/switch_down/run_scenario_jellyfish_bellman_ford_switch_down_20260607_083146/h6.pcap,26:20:32:eb:d6:8a,01:80:c2:00:00:0e,,,,,,60
2026-06-07T08:33:49.580085+00:00,jellyfish,bellman_ford,switch_down,run_scenario_jellyfish_bellman_ford_switch_down_20260607_083146,h6,jellyfish/bellman_ford/switch_down/run_scenario_jellyfish_bellman_ford_switch_down_20260607_083146/h6.pcap,26:20:32:eb:d6:8a,01:80:c2:00:00:0e,,,,,,60
2026-06-07T08:33:51.611806+00:00,jellyfish,bellman_ford,switch_down,run_scenario_jellyfish_bellman_ford_switch_down_20260607_083146,h6,jellyfish/bellman_ford/switch_down/run_scenario_jellyfish_bellman_ford_switch_down_20260607_083146/h6.pcap,26:20:32:eb:d6:8a,01:80:c2:00:00:0e,,,,,,60
2026-06-07T08:33:53.647929+00:00,jellyfish,bellman_ford,switch_down,run_scenario_jellyfish_bellman_ford_switch_down_20260607_083146,h6,jellyfish/bellman_ford/switch_down/run_scenario_jellyfish_bellman_ford_switch_down_20260607_083146/h6.pcap,26:20:32:eb:d6:8a,01:80:c2:00:00:0e,,,,,,60
2026-06-07T08:33:55.687621+00:00,jellyfish,bellman_ford,switch_down,run_scenario_jellyfish_bellman_ford_switch_down_20260607_083146,h6,jellyfish/bellman_ford/switch_down/run_scenario_jellyfish_bellman_ford_switch_down_20260607_083146/h6.pcap,26:20:32:eb:d6:8a,01:80:c2:00:00:0e,,,,,,60
2026-06-07T08:33:57.719034+00:00,jellyfish,bellman_ford,switch_down,run_scenario_jellyfish_bellman_ford_switch_down_20260607_083146,h6,jellyfish/bellman_ford/switch_down/run_scenario_jellyfish_bellman_ford_switch_down_20260607_083146/h6.pcap,26:20:32:eb:d6:8a,01:80:c2:00:00:0e,,,,,,60
2026-06-07T08:34:02.478656+00:00,jellyfish,bellman_ford,switch_down,run_scenario_jellyfish_bellman_ford_switch_down_20260607_083146,h6,jellyfish/bellman_ford/switch_down/run_scenario_jellyfish_bellman_ford_switch_down_20260607_083146/h6.pcap,26:20:32:eb:d6:8a,01:80:c2:00:00:0e,,,,,,60
2026-06-07T08:34:04.513040+00:00,jellyfish,bellman_ford,switch_down,run_scenario_jellyfish_bellman_ford_switch_down_20260607_083146,h6,jellyfish/bellman_ford/switch_down/run_scenario_jellyfish_bellman_ford_switch_down_20260607_083146/h6.pcap,26:20:32:eb:d6:8a,01:80:c2:00:00:0e,,,,,,60
2026-06-07T08:34:06.548919+00:00,jellyfish,bellman_ford,switch_down,run_scenario_jellyfish_bellman_ford_switch_down_20260607_083146,h6,jellyfish/bellman_ford/switch_down/run_scenario_jellyfish_bellman_ford_switch_down_20260607_083146/h6.pcap,26:20:32:eb:d6:8a,01:80:c2:00:00:0e,,,,,,60
2026-06-07T08:34:08.586937+00:00,jellyfish,bellman_ford,switch_down,run_scenario_jellyfish_bellman_ford_switch_down_20260607_083146,h6,jellyfish/bellman_ford/switch_down/run_scenario_jellyfish_bellman_ford_switch_down_20260607_083146/h6.pcap,26:20:32:eb:d6:8a,01:80:c2:00:00:0e,,,,,,60
2026-06-07T08:34:10.621018+00:00,jellyfish,bellman_ford,switch_down,run_scenario_jellyfish_bellman_ford_switch_down_20260607_083146,h6,jellyfish/bellman_ford/switch_down/run_scenario_jellyfish_bellman_ford_switch_down_20260607_083146/h6.pcap,26:20:32:eb:d6:8a,01:80:c2:00:00:0e,,,,,,60
2026-06-07T08:34:12.655348+00:00,jellyfish,bellman_ford,switch_down,run_scenario_jellyfish_bellman_ford_switch_down_20260607_083146,h6,jellyfish/bellman_ford/switch_down/run_scenario_jellyfish_bellman_ford_switch_down_20260607_083146/h6.pcap,26:20:32:eb:d6:8a,01:80:c2:00:00:0e,,,,,,60
2026-06-07T08:34:14.695470+00:00,jellyfish,bellman_ford,switch_down,run_scenario_jellyfish_bellman_ford_switch_down_20260607_083146,h6,jellyfish/bellman_ford/switch_down/run_scenario_jellyfish_bellman_ford_switch_down_20260607_083146/h6.pcap,26:20:32:eb:d6:8a,01:80:c2:00:00:0e,,,,,,60
2026-06-07T08:34:16.725739+00:00,jellyfish,bellman_ford,switch_down,run_scenario_jellyfish_bellman_ford_switch_down_20260607_083146,h6,jellyfish/bellman_ford/switch_down/run_scenario_jellyfish_bellman_ford_switch_down_20260607_083146/h6.pcap,26:20:32:eb:d6:8a,01:80:c2:00:00:0e,,,,,,60
2026-06-07T08:34:18.759053+00:00,jellyfish,bellman_ford,switch_down,run_scenario_jellyfish_bellman_ford_switch_down_20260607_083146,h6,jellyfish/bellman_ford/switch_down/run_scenario_jellyfish_bellman_ford_switch_down_20260607_083146/h6.pcap,26:20:32:eb:d6:8a,01:80:c2:00:00:0e,,,,,,60
2026-06-07T08:34:20.795475+00:00,jellyfish,bellman_ford,switch_down,run_scenario_jellyfish_bellman_ford_switch_down_20260607_083146,h6,jellyfish/bellman_ford/switch_down/run_scenario_jellyfish_bellman_ford_switch_down_20260607_083146/h6.pcap,26:20:32:eb:d6:8a,01:80:c2:00:00:0e,,,,,,60
2026-06-07T08:34:22.830999+00:00,jellyfish,bellman_ford,switch_down,run_scenario_jellyfish_bellman_ford_switch_down_20260607_083146,h6,jellyfish/bellman_ford/switch_down/run_scenario_jellyfish_bellman_ford_switch_down_20260607_083146/h6.pcap,26:20:32:eb:d6:8a,01:80:c2:00:00:0e,,,,,,60
2026-06-07T08:34:24.865478+00:00,jellyfish,bellman_ford,switch_down,run_scenario_jellyfish_bellman_ford_switch_down_20260607_083146,h6,jellyfish/bellman_ford/switch_down/run_scenario_jellyfish_bellman_ford_switch_down_20260607_083146/h6.pcap,26:20:32:eb:d6:8a,01:80:c2:00:00:0e,,,,,,60
2026-06-07T08:34:26.900530+00:00,jellyfish,bellman_ford,switch_down,run_scenario_jellyfish_bellman_ford_switch_down_20260607_083146,h6,jellyfish/bellman_ford/switch_down/run_scenario_jellyfish_bellman_ford_switch_down_20260607_083146/h6.pcap,26:20:32:eb:d6:8a,01:80:c2:00:00:0e,,,,,,60
2026-06-07T08:34:28.935603+00:00,jellyfish,bellman_ford,switch_down,run_scenario_jellyfish_bellman_ford_switch_down_20260607_083146,h6,jellyfish/bellman_ford/switch_down/run_scenario_jellyfish_bellman_ford_switch_down_20260607_083146/h6.pcap,26:20:32:eb:d6:8a,01:80:c2:00:00:0e,,,,,,60
2026-06-07T08:34:30.973681+00:00,jellyfish,bellman_ford,switch_down,run_scenario_jellyfish_bellman_ford_switch_down_20260607_083146,h6,jellyfish/bellman_ford/switch_down/run_scenario_jellyfish_bellman_ford_switch_down_20260607_083146/h6.pcap,26:20:32:eb:d6:8a,01:80:c2:00:00:0e,,,,,,60
2026-06-07T08:34:35.738336+00:00,jellyfish,bellman_ford,switch_down,run_scenario_jellyfish_bellman_ford_switch_down_20260607_083146,h6,jellyfish/bellman_ford/switch_down/run_scenario_jellyfish_bellman_ford_switch_down_20260607_083146/h6.pcap,26:20:32:eb:d6:8a,01:80:c2:00:00:0e,,,,,,60
2026-06-07T08:34:37.771157+00:00,jellyfish,bellman_ford,switch_down,run_scenario_jellyfish_bellman_ford_switch_down_20260607_083146,h6,jellyfish/bellman_ford/switch_down/run_scenario_jellyfish_bellman_ford_switch_down_20260607_083146/h6.pcap,26:20:32:eb:d6:8a,01:80:c2:00:00:0e,,,,,,60
2026-06-07T08:34:39.802788+00:00,jellyfish,bellman_ford,switch_down,run_scenario_jellyfish_bellman_ford_switch_down_20260607_083146,h6,jellyfish/bellman_ford/switch_down/run_scenario_jellyfish_bellman_ford_switch_down_20260607_083146/h6.pcap,26:20:32:eb:d6:8a,01:80:c2:00:00:0e,,,,,,60
2026-06-07T08:34:41.839218+00:00,jellyfish,bellman_ford,switch_down,run_scenario_jellyfish_bellman_ford_switch_down_20260607_083146,h6,jellyfish/bellman_ford/switch_down/run_scenario_jellyfish_bellman_ford_switch_down_20260607_083146/h6.pcap,26:20:32:eb:d6:8a,01:80:c2:00:00:0e,,,,,,60
2026-06-07T08:34:43.876182+00:00,jellyfish,bellman_ford,switch_down,run_scenario_jellyfish_bellman_ford_switch_down_20260607_083146,h6,jellyfish/bellman_ford/switch_down/run_scenario_jellyfish_bellman_ford_switch_down_20260607_083146/h6.pcap,26:20:32:eb:d6:8a,01:80:c2:00:00:0e,,,,,,60
2026-06-07T08:34:45.912420+00:00,jellyfish,bellman_ford,switch_down,run_scenario_jellyfish_bellman_ford_switch_down_20260607_083146,h6,jellyfish/bellman_ford/switch_down/run_scenario_jellyfish_bellman_ford_switch_down_20260607_083146/h6.pcap,26:20:32:eb:d6:8a,01:80:c2:00:00:0e,,,,,,60
2026-06-07T08:34:47.943342+00:00,jellyfish,bellman_ford,switch_down,run_scenario_jellyfish_bellman_ford_switch_down_20260607_083146,h6,jellyfish/bellman_ford/switch_down/run_scenario_jellyfish_bellman_ford_switch_down_20260607_083146/h6.pcap,26:20:32:eb:d6:8a,01:80:c2:00:00:0e,,,,,,60
2026-06-07T08:34:49.974125+00:00,jellyfish,bellman_ford,switch_down,run_scenario_jellyfish_bellman_ford_switch_down_20260607_083146,h6,jellyfish/bellman_ford/switch_down/run_scenario_jellyfish_bellman_ford_switch_down_20260607_083146/h6.pcap,26:20:32:eb:d6:8a,01:80:c2:00:00:0e,,,,,,60
2026-06-07T08:34:52.011750+00:00,jellyfish,bellman_ford,switch_down,run_scenario_jellyfish_bellman_ford_switch_down_20260607_083146,h6,jellyfish/bellman_ford/switch_down/run_scenario_jellyfish_bellman_ford_switch_down_20260607_083146/h6.pcap,26:20:32:eb:d6:8a,01:80:c2:00:00:0e,,,,,,60
2026-06-07T08:34:54.046609+00:00,jellyfish,bellman_ford,switch_down,run_scenario_jellyfish_bellman_ford_switch_down_20260607_083146,h6,jellyfish/bellman_ford/switch_down/run_scenario_jellyfish_bellman_ford_switch_down_20260607_083146/h6.pcap,26:20:32:eb:d6:8a,01:80:c2:00:00:0e,,,,,,60
2026-06-07T08:34:56.079759+00:00,jellyfish,bellman_ford,switch_down,run_scenario_jellyfish_bellman_ford_switch_down_20260607_083146,h6,jellyfish/bellman_ford/switch_down/run_scenario_jellyfish_bellman_ford_switch_down_20260607_083146/h6.pcap,26:20:32:eb:d6:8a,01:80:c2:00:00:0e,,,,,,60
2026-06-07T08:34:58.110578+00:00,jellyfish,bellman_ford,switch_down,run_scenario_jellyfish_bellman_ford_switch_down_20260607_083146,h6,jellyfish/bellman_ford/switch_down/run_scenario_jellyfish_bellman_ford_switch_down_20260607_083146/h6.pcap,26:20:32:eb:d6:8a,01:80:c2:00:00:0e,,,,,,60
2026-06-07T08:35:00.148462+00:00,jellyfish,bellman_ford,switch_down,run_scenario_jellyfish_bellman_ford_switch_down_20260607_083146,h6,jellyfish/bellman_ford/switch_down/run_scenario_jellyfish_bellman_ford_switch_down_20260607_083146/h6.pcap,26:20:32:eb:d6:8a,01:80:c2:00:00:0e,,,,,,60
2026-06-07T08:35:02.185590+00:00,jellyfish,bellman_ford,switch_down,run_scenario_jellyfish_bellman_ford_switch_down_20260607_083146,h6,jellyfish/bellman_ford/switch_down/run_scenario_jellyfish_bellman_ford_switch_down_20260607_083146/h6.pcap,26:20:32:eb:d6:8a,01:80:c2:00:00:0e,,,,,,60
2026-06-07T08:35:04.217923+00:00,jellyfish,bellman_ford,switch_down,run_scenario_jellyfish_bellman_ford_switch_down_20260607_083146,h6,jellyfish/bellman_ford/switch_down/run_scenario_jellyfish_bellman_ford_switch_down_20260607_083146/h6.pcap,26:20:32:eb:d6:8a,01:80:c2:00:00:0e,,,,,,60
2026-06-07T08:35:08.979169+00:00,jellyfish,bellman_ford,switch_down,run_scenario_jellyfish_bellman_ford_switch_down_20260607_083146,h6,jellyfish/bellman_ford/switch_down/run_scenario_jellyfish_bellman_ford_switch_down_20260607_083146/h6.pcap,26:20:32:eb:d6:8a,01:80:c2:00:00:0e,,,,,,60
2026-06-07T08:35:11.010868+00:00,jellyfish,bellman_ford,switch_down,run_scenario_jellyfish_bellman_ford_switch_down_20260607_083146,h6,jellyfish/bellman_ford/switch_down/run_scenario_jellyfish_bellman_ford_switch_down_20260607_083146/h6.pcap,26:20:32:eb:d6:8a,01:80:c2:00:00:0e,,,,,,60
2026-06-07T08:35:13.044823+00:00,jellyfish,bellman_ford,switch_down,run_scenario_jellyfish_bellman_ford_switch_down_20260607_083146,h6,jellyfish/bellman_ford/switch_down/run_scenario_jellyfish_bellman_ford_switch_down_20260607_083146/h6.pcap,26:20:32:eb:d6:8a,01:80:c2:00:00:0e,,,,,,60
2026-06-07T08:35:15.080262+00:00,jellyfish,bellman_ford,switch_down,run_scenario_jellyfish_bellman_ford_switch_down_20260607_083146,h6,jellyfish/bellman_ford/switch_down/run_scenario_jellyfish_bellman_ford_switch_down_20260607_083146/h6.pcap,26:20:32:eb:d6:8a,01:80:c2:00:00:0e,,,,,,60
2026-06-07T08:35:17.118353+00:00,jellyfish,bellman_ford,switch_down,run_scenario_jellyfish_bellman_ford_switch_down_20260607_083146,h6,jellyfish/bellman_ford/switch_down/run_scenario_jellyfish_bellman_ford_switch_down_20260607_083146/h6.pcap,26:20:32:eb:d6:8a,01:80:c2:00:00:0e,,,,,,60
2026-06-07T08:35:19.148477+00:00,jellyfish,bellman_ford,switch_down,run_scenario_jellyfish_bellman_ford_switch_down_20260607_083146,h6,jellyfish/bellman_ford/switch_down/run_scenario_jellyfish_bellman_ford_switch_down_20260607_083146/h6.pcap,26:20:32:eb:d6:8a,01:80:c2:00:00:0e,,,,,,60
2026-06-07T08:35:21.183868+00:00,jellyfish,bellman_ford,switch_down,run_scenario_jellyfish_bellman_ford_switch_down_20260607_083146,h6,jellyfish/bellman_ford/switch_down/run_scenario_jellyfish_bellman_ford_switch_down_20260607_083146/h6.pcap,26:20:32:eb:d6:8a,01:80:c2:00:00:0e,,,,,,60
2026-06-07T08:35:23.220237+00:00,jellyfish,bellman_ford,switch_down,run_scenario_jellyfish_bellman_ford_switch_down_20260607_083146,h6,jellyfish/bellman_ford/switch_down/run_scenario_jellyfish_bellman_ford_switch_down_20260607_083146/h6.pcap,26:20:32:eb:d6:8a,01:80:c2:00:00:0e,,,,,,60
2026-06-07T08:35:25.250916+00:00,jellyfish,bellman_ford,switch_down,run_scenario_jellyfish_bellman_ford_switch_down_20260607_083146,h6,jellyfish/bellman_ford/switch_down/run_scenario_jellyfish_bellman_ford_switch_down_20260607_083146/h6.pcap,26:20:32:eb:d6:8a,01:80:c2:00:00:0e,,,,,,60
2026-06-07T08:35:27.281419+00:00,jellyfish,bellman_ford,switch_down,run_scenario_jellyfish_bellman_ford_switch_down_20260607_083146,h6,jellyfish/bellman_ford/switch_down/run_scenario_jellyfish_bellman_ford_switch_down_20260607_083146/h6.pcap,26:20:32:eb:d6:8a,01:80:c2:00:00:0e,,,,,,60
2026-06-07T08:35:29.313705+00:00,jellyfish,bellman_ford,switch_down,run_scenario_jellyfish_bellman_ford_switch_down_20260607_083146,h6,jellyfish/bellman_ford/switch_down/run_scenario_jellyfish_bellman_ford_switch_down_20260607_083146/h6.pcap,26:20:32:eb:d6:8a,01:80:c2:00:00:0e,,,,,,60
2026-06-07T08:35:31.350764+00:00,jellyfish,bellman_ford,switch_down,run_scenario_jellyfish_bellman_ford_switch_down_20260607_083146,h6,jellyfish/bellman_ford/switch_down/run_scenario_jellyfish_bellman_ford_switch_down_20260607_083146/h6.pcap,26:20:32:eb:d6:8a,01:80:c2:00:00:0e,,,,,,60
2026-06-07T08:35:33.386620+00:00,jellyfish,bellman_ford,switch_down,run_scenario_jellyfish_bellman_ford_switch_down_20260607_083146,h6,jellyfish/bellman_ford/switch_down/run_scenario_jellyfish_bellman_ford_switch_down_20260607_083146/h6.pcap,26:20:32:eb:d6:8a,01:80:c2:00:00:0e,,,,,,60
2026-06-07T08:35:35.419658+00:00,jellyfish,bellman_ford,switch_down,run_scenario_jellyfish_bellman_ford_switch_down_20260607_083146,h6,jellyfish/bellman_ford/switch_down/run_scenario_jellyfish_bellman_ford_switch_down_20260607_083146/h6.pcap,26:20:32:eb:d6:8a,01:80:c2:00:00:0e,,,,,,60
2026-06-07T08:35:37.452659+00:00,jellyfish,bellman_ford,switch_down,run_scenario_jellyfish_bellman_ford_switch_down_20260607_083146,h6,jellyfish/bellman_ford/switch_down/run_scenario_jellyfish_bellman_ford_switch_down_20260607_083146/h6.pcap,26:20:32:eb:d6:8a,01:80:c2:00:00:0e,,,,,,60
2026-06-07T08:35:42.211577+00:00,jellyfish,bellman_ford,switch_down,run_scenario_jellyfish_bellman_ford_switch_down_20260607_083146,h6,jellyfish/bellman_ford/switch_down/run_scenario_jellyfish_bellman_ford_switch_down_20260607_083146/h6.pcap,26:20:32:eb:d6:8a,01:80:c2:00:00:0e,,,,,,60
2026-06-07T08:35:44.247718+00:00,jellyfish,bellman_ford,switch_down,run_scenario_jellyfish_bellman_ford_switch_down_20260607_083146,h6,jellyfish/bellman_ford/switch_down/run_scenario_jellyfish_bellman_ford_switch_down_20260607_083146/h6.pcap,26:20:32:eb:d6:8a,01:80:c2:00:00:0e,,,,,,60
2026-06-07T08:35:46.280832+00:00,jellyfish,bellman_ford,switch_down,run_scenario_jellyfish_bellman_ford_switch_down_20260607_083146,h6,jellyfish/bellman_ford/switch_down/run_scenario_jellyfish_bellman_ford_switch_down_20260607_083146/h6.pcap,26:20:32:eb:d6:8a,01:80:c2:00:00:0e,,,,,,60
2026-06-07T08:35:48.313627+00:00,jellyfish,bellman_ford,switch_down,run_scenario_jellyfish_bellman_ford_switch_down_20260607_083146,h6,jellyfish/bellman_ford/switch_down/run_scenario_jellyfish_bellman_ford_switch_down_20260607_083146/h6.pcap,26:20:32:eb:d6:8a,01:80:c2:00:00:0e,,,,,,60
2026-06-07T08:35:50.348414+00:00,jellyfish,bellman_ford,switch_down,run_scenario_jellyfish_bellman_ford_switch_down_20260607_083146,h6,jellyfish/bellman_ford/switch_down/run_scenario_jellyfish_bellman_ford_switch_down_20260607_083146/h6.pcap,26:20:32:eb:d6:8a,01:80:c2:00:00:0e,,,,,,60
2026-06-07T08:35:52.381701+00:00,jellyfish,bellman_ford,switch_down,run_scenario_jellyfish_bellman_ford_switch_down_20260607_083146,h6,jellyfish/bellman_ford/switch_down/run_scenario_jellyfish_bellman_ford_switch_down_20260607_083146/h6.pcap,26:20:32:eb:d6:8a,01:80:c2:00:00:0e,,,,,,60
2026-06-07T08:35:54.416030+00:00,jellyfish,bellman_ford,switch_down,run_scenario_jellyfish_bellman_ford_switch_down_20260607_083146,h6,jellyfish/bellman_ford/switch_down/run_scenario_jellyfish_bellman_ford_switch_down_20260607_083146/h6.pcap,26:20:32:eb:d6:8a,01:80:c2:00:00:0e,,,,,,60
2026-06-07T08:35:56.451760+00:00,jellyfish,bellman_ford,switch_down,run_scenario_jellyfish_bellman_ford_switch_down_20260607_083146,h6,jellyfish/bellman_ford/switch_down/run_scenario_jellyfish_bellman_ford_switch_down_20260607_083146/h6.pcap,26:20:32:eb:d6:8a,01:80:c2:00:00:0e,,,,,,60
2026-06-07T08:35:58.487969+00:00,jellyfish,bellman_ford,switch_down,run_scenario_jellyfish_bellman_ford_switch_down_20260607_083146,h6,jellyfish/bellman_ford/switch_down/run_scenario_jellyfish_bellman_ford_switch_down_20260607_083146/h6.pcap,26:20:32:eb:d6:8a,01:80:c2:00:00:0e,,,,,,60
2026-06-07T08:36:00.527058+00:00,jellyfish,bellman_ford,switch_down,run_scenario_jellyfish_bellman_ford_switch_down_20260607_083146,h6,jellyfish/bellman_ford/switch_down/run_scenario_jellyfish_bellman_ford_switch_down_20260607_083146/h6.pcap,26:20:32:eb:d6:8a,01:80:c2:00:00:0e,,,,,,60
2026-06-07T08:36:02.558728+00:00,jellyfish,bellman_ford,switch_down,run_scenario_jellyfish_bellman_ford_switch_down_20260607_083146,h6,jellyfish/bellman_ford/switch_down/run_scenario_jellyfish_bellman_ford_switch_down_20260607_083146/h6.pcap,26:20:32:eb:d6:8a,01:80:c2:00:00:0e,,,,,,60
2026-06-07T08:36:04.591792+00:00,jellyfish,bellman_ford,switch_down,run_scenario_jellyfish_bellman_ford_switch_down_20260607_083146,h6,jellyfish/bellman_ford/switch_down/run_scenario_jellyfish_bellman_ford_switch_down_20260607_083146/h6.pcap,26:20:32:eb:d6:8a,01:80:c2:00:00:0e,,,,,,60
2026-06-07T08:36:06.622751+00:00,jellyfish,bellman_ford,switch_down,run_scenario_jellyfish_bellman_ford_switch_down_20260607_083146,h6,jellyfish/bellman_ford/switch_down/run_scenario_jellyfish_bellman_ford_switch_down_20260607_083146/h6.pcap,26:20:32:eb:d6:8a,01:80:c2:00:00:0e,,,,,,60
2026-06-07T08:36:08.656990+00:00,jellyfish,bellman_ford,switch_down,run_scenario_jellyfish_bellman_ford_switch_down_20260607_083146,h6,jellyfish/bellman_ford/switch_down/run_scenario_jellyfish_bellman_ford_switch_down_20260607_083146/h6.pcap,26:20:32:eb:d6:8a,01:80:c2:00:00:0e,,,,,,60
2026-06-07T08:36:13.417674+00:00,jellyfish,bellman_ford,switch_down,run_scenario_jellyfish_bellman_ford_switch_down_20260607_083146,h6,jellyfish/bellman_ford/switch_down/run_scenario_jellyfish_bellman_ford_switch_down_20260607_083146/h6.pcap,26:20:32:eb:d6:8a,01:80:c2:00:00:0e,,,,,,60
2026-06-07T08:36:15.450275+00:00,jellyfish,bellman_ford,switch_down,run_scenario_jellyfish_bellman_ford_switch_down_20260607_083146,h6,jellyfish/bellman_ford/switch_down/run_scenario_jellyfish_bellman_ford_switch_down_20260607_083146/h6.pcap,26:20:32:eb:d6:8a,01:80:c2:00:00:0e,,,,,,60
2026-06-07T08:36:17.481504+00:00,jellyfish,bellman_ford,switch_down,run_scenario_jellyfish_bellman_ford_switch_down_20260607_083146,h6,jellyfish/bellman_ford/switch_down/run_scenario_jellyfish_bellman_ford_switch_down_20260607_083146/h6.pcap,26:20:32:eb:d6:8a,01:80:c2:00:00:0e,,,,,,60
2026-06-07T08:36:19.517503+00:00,jellyfish,bellman_ford,switch_down,run_scenario_jellyfish_bellman_ford_switch_down_20260607_083146,h6,jellyfish/bellman_ford/switch_down/run_scenario_jellyfish_bellman_ford_switch_down_20260607_083146/h6.pcap,26:20:32:eb:d6:8a,01:80:c2:00:00:0e,,,,,,60
2026-06-07T08:36:21.550633+00:00,jellyfish,bellman_ford,switch_down,run_scenario_jellyfish_bellman_ford_switch_down_20260607_083146,h6,jellyfish/bellman_ford/switch_down/run_scenario_jellyfish_bellman_ford_switch_down_20260607_083146/h6.pcap,26:20:32:eb:d6:8a,01:80:c2:00:00:0e,,,,,,60
2026-06-07T08:36:23.582329+00:00,jellyfish,bellman_ford,switch_down,run_scenario_jellyfish_bellman_ford_switch_down_20260607_083146,h6,jellyfish/bellman_ford/switch_down/run_scenario_jellyfish_bellman_ford_switch_down_20260607_083146/h6.pcap,26:20:32:eb:d6:8a,01:80:c2:00:00:0e,,,,,,60
2026-06-07T08:36:25.619632+00:00,jellyfish,bellman_ford,switch_down,run_scenario_jellyfish_bellman_ford_switch_down_20260607_083146,h6,jellyfish/bellman_ford/switch_down/run_scenario_jellyfish_bellman_ford_switch_down_20260607_083146/h6.pcap,26:20:32:eb:d6:8a,01:80:c2:00:00:0e,,,,,,60
2026-06-07T08:36:27.651289+00:00,jellyfish,bellman_ford,switch_down,run_scenario_jellyfish_bellman_ford_switch_down_20260607_083146,h6,jellyfish/bellman_ford/switch_down/run_scenario_jellyfish_bellman_ford_switch_down_20260607_083146/h6.pcap,26:20:32:eb:d6:8a,01:80:c2:00:00:0e,,,,,,60
2026-06-07T08:36:29.682636+00:00,jellyfish,bellman_ford,switch_down,run_scenario_jellyfish_bellman_ford_switch_down_20260607_083146,h6,jellyfish/bellman_ford/switch_down/run_scenario_jellyfish_bellman_ford_switch_down_20260607_083146/h6.pcap,26:20:32:eb:d6:8a,01:80:c2:00:00:0e,,,,,,60
2026-06-07T08:36:31.716067+00:00,jellyfish,bellman_ford,switch_down,run_scenario_jellyfish_bellman_ford_switch_down_20260607_083146,h6,jellyfish/bellman_ford/switch_down/run_scenario_jellyfish_bellman_ford_switch_down_20260607_083146/h6.pcap,26:20:32:eb:d6:8a,01:80:c2:00:00:0e,,,,,,60
2026-06-07T08:36:33.747320+00:00,jellyfish,bellman_ford,switch_down,run_scenario_jellyfish_bellman_ford_switch_down_20260607_083146,h6,jellyfish/bellman_ford/switch_down/run_scenario_jellyfish_bellman_ford_switch_down_20260607_083146/h6.pcap,26:20:32:eb:d6:8a,01:80:c2:00:00:0e,,,,,,60
2026-06-07T08:36:35.779379+00:00,jellyfish,bellman_ford,switch_down,run_scenario_jellyfish_bellman_ford_switch_down_20260607_083146,h6,jellyfish/bellman_ford/switch_down/run_scenario_jellyfish_bellman_ford_switch_down_20260607_083146/h6.pcap,26:20:32:eb:d6:8a,01:80:c2:00:00:0e,,,,,,60
2026-06-07T08:36:37.812845+00:00,jellyfish,bellman_ford,switch_down,run_scenario_jellyfish_bellman_ford_switch_down_20260607_083146,h6,jellyfish/bellman_ford/switch_down/run_scenario_jellyfish_bellman_ford_switch_down_20260607_083146/h6.pcap,26:20:32:eb:d6:8a,01:80:c2:00:00:0e,,,,,,60
2026-06-07T08:36:39.845817+00:00,jellyfish,bellman_ford,switch_down,run_scenario_jellyfish_bellman_ford_switch_down_20260607_083146,h6,jellyfish/bellman_ford/switch_down/run_scenario_jellyfish_bellman_ford_switch_down_20260607_083146/h6.pcap,26:20:32:eb:d6:8a,01:80:c2:00:00:0e,,,,,,60
2026-06-07T08:36:41.880039+00:00,jellyfish,bellman_ford,switch_down,run_scenario_jellyfish_bellman_ford_switch_down_20260607_083146,h6,jellyfish/bellman_ford/switch_down/run_scenario_jellyfish_bellman_ford_switch_down_20260607_083146/h6.pcap,26:20:32:eb:d6:8a,01:80:c2:00:00:0e,,,,,,60
2026-06-07T08:36:46.641760+00:00,jellyfish,bellman_ford,switch_down,run_scenario_jellyfish_bellman_ford_switch_down_20260607_083146,h6,jellyfish/bellman_ford/switch_down/run_scenario_jellyfish_bellman_ford_switch_down_20260607_083146/h6.pcap,26:20:32:eb:d6:8a,01:80:c2:00:00:0e,,,,,,60
2026-06-07T08:36:48.677263+00:00,jellyfish,bellman_ford,switch_down,run_scenario_jellyfish_bellman_ford_switch_down_20260607_083146,h6,jellyfish/bellman_ford/switch_down/run_scenario_jellyfish_bellman_ford_switch_down_20260607_083146/h6.pcap,26:20:32:eb:d6:8a,01:80:c2:00:00:0e,,,,,,60
2026-06-07T08:36:50.718491+00:00,jellyfish,bellman_ford,switch_down,run_scenario_jellyfish_bellman_ford_switch_down_20260607_083146,h6,jellyfish/bellman_ford/switch_down/run_scenario_jellyfish_bellman_ford_switch_down_20260607_083146/h6.pcap,26:20:32:eb:d6:8a,01:80:c2:00:00:0e,,,,,,60
2026-06-07T08:36:52.756317+00:00,jellyfish,bellman_ford,switch_down,run_scenario_jellyfish_bellman_ford_switch_down_20260607_083146,h6,jellyfish/bellman_ford/switch_down/run_scenario_jellyfish_bellman_ford_switch_down_20260607_083146/h6.pcap,26:20:32:eb:d6:8a,01:80:c2:00:00:0e,,,,,,60
2026-06-07T08:36:54.792980+00:00,jellyfish,bellman_ford,switch_down,run_scenario_jellyfish_bellman_ford_switch_down_20260607_083146,h6,jellyfish/bellman_ford/switch_down/run_scenario_jellyfish_bellman_ford_switch_down_20260607_083146/h6.pcap,26:20:32:eb:d6:8a,01:80:c2:00:00:0e,,,,,,60
2026-06-07T08:36:56.827569+00:00,jellyfish,bellman_ford,switch_down,run_scenario_jellyfish_bellman_ford_switch_down_20260607_083146,h6,jellyfish/bellman_ford/switch_down/run_scenario_jellyfish_bellman_ford_switch_down_20260607_083146/h6.pcap,26:20:32:eb:d6:8a,01:80:c2:00:00:0e,,,,,,60
2026-06-07T08:36:58.859673+00:00,jellyfish,bellman_ford,switch_down,run_scenario_jellyfish_bellman_ford_switch_down_20260607_083146,h6,jellyfish/bellman_ford/switch_down/run_scenario_jellyfish_bellman_ford_switch_down_20260607_083146/h6.pcap,26:20:32:eb:d6:8a,01:80:c2:00:00:0e,,,,,,60
2026-06-07T08:37:00.895988+00:00,jellyfish,bellman_ford,switch_down,run_scenario_jellyfish_bellman_ford_switch_down_20260607_083146,h6,jellyfish/bellman_ford/switch_down/run_scenario_jellyfish_bellman_ford_switch_down_20260607_083146/h6.pcap,26:20:32:eb:d6:8a,01:80:c2:00:00:0e,,,,,,60
2026-06-07T08:37:02.932589+00:00,jellyfish,bellman_ford,switch_down,run_scenario_jellyfish_bellman_ford_switch_down_20260607_083146,h6,jellyfish/bellman_ford/switch_down/run_scenario_jellyfish_bellman_ford_switch_down_20260607_083146/h6.pcap,26:20:32:eb:d6:8a,01:80:c2:00:00:0e,,,,,,60
2026-06-07T08:37:04.970855+00:00,jellyfish,bellman_ford,switch_down,run_scenario_jellyfish_bellman_ford_switch_down_20260607_083146,h6,jellyfish/bellman_ford/switch_down/run_scenario_jellyfish_bellman_ford_switch_down_20260607_083146/h6.pcap,26:20:32:eb:d6:8a,01:80:c2:00:00:0e,,,,,,60
2026-06-07T08:37:07.008891+00:00,jellyfish,bellman_ford,switch_down,run_scenario_jellyfish_bellman_ford_switch_down_20260607_083146,h6,jellyfish/bellman_ford/switch_down/run_scenario_jellyfish_bellman_ford_switch_down_20260607_083146/h6.pcap,26:20:32:eb:d6:8a,01:80:c2:00:00:0e,,,,,,60
2026-06-07T08:37:09.046643+00:00,jellyfish,bellman_ford,switch_down,run_scenario_jellyfish_bellman_ford_switch_down_20260607_083146,h6,jellyfish/bellman_ford/switch_down/run_scenario_jellyfish_bellman_ford_switch_down_20260607_083146/h6.pcap,26:20:32:eb:d6:8a,01:80:c2:00:00:0e,,,,,,60
2026-06-07T08:37:11.080061+00:00,jellyfish,bellman_ford,switch_down,run_scenario_jellyfish_bellman_ford_switch_down_20260607_083146,h6,jellyfish/bellman_ford/switch_down/run_scenario_jellyfish_bellman_ford_switch_down_20260607_083146/h6.pcap,26:20:32:eb:d6:8a,01:80:c2:00:00:0e,,,,,,60
2026-06-07T08:37:13.111059+00:00,jellyfish,bellman_ford,switch_down,run_scenario_jellyfish_bellman_ford_switch_down_20260607_083146,h6,jellyfish/bellman_ford/switch_down/run_scenario_jellyfish_bellman_ford_switch_down_20260607_083146/h6.pcap,26:20:32:eb:d6:8a,01:80:c2:00:00:0e,,,,,,60
2026-06-07T08:37:15.142709+00:00,jellyfish,bellman_ford,switch_down,run_scenario_jellyfish_bellman_ford_switch_down_20260607_083146,h6,jellyfish/bellman_ford/switch_down/run_scenario_jellyfish_bellman_ford_switch_down_20260607_083146/h6.pcap,26:20:32:eb:d6:8a,01:80:c2:00:00:0e,,,,,,60
2026-06-07T08:37:19.900190+00:00,jellyfish,bellman_ford,switch_down,run_scenario_jellyfish_bellman_ford_switch_down_20260607_083146,h6,jellyfish/bellman_ford/switch_down/run_scenario_jellyfish_bellman_ford_switch_down_20260607_083146/h6.pcap,26:20:32:eb:d6:8a,01:80:c2:00:00:0e,,,,,,60
2026-06-07T08:37:21.935436+00:00,jellyfish,bellman_ford,switch_down,run_scenario_jellyfish_bellman_ford_switch_down_20260607_083146,h6,jellyfish/bellman_ford/switch_down/run_scenario_jellyfish_bellman_ford_switch_down_20260607_083146/h6.pcap,26:20:32:eb:d6:8a,01:80:c2:00:00:0e,,,,,,60
2026-06-07T08:37:23.969925+00:00,jellyfish,bellman_ford,switch_down,run_scenario_jellyfish_bellman_ford_switch_down_20260607_083146,h6,jellyfish/bellman_ford/switch_down/run_scenario_jellyfish_bellman_ford_switch_down_20260607_083146/h6.pcap,26:20:32:eb:d6:8a,01:80:c2:00:00:0e,,,,,,60
2026-06-07T08:37:26.003104+00:00,jellyfish,bellman_ford,switch_down,run_scenario_jellyfish_bellman_ford_switch_down_20260607_083146,h6,jellyfish/bellman_ford/switch_down/run_scenario_jellyfish_bellman_ford_switch_down_20260607_083146/h6.pcap,26:20:32:eb:d6:8a,01:80:c2:00:00:0e,,,,,,60
2026-06-07T08:37:28.042994+00:00,jellyfish,bellman_ford,switch_down,run_scenario_jellyfish_bellman_ford_switch_down_20260607_083146,h6,jellyfish/bellman_ford/switch_down/run_scenario_jellyfish_bellman_ford_switch_down_20260607_083146/h6.pcap,26:20:32:eb:d6:8a,01:80:c2:00:00:0e,,,,,,60
2026-06-07T08:37:30.081383+00:00,jellyfish,bellman_ford,switch_down,run_scenario_jellyfish_bellman_ford_switch_down_20260607_083146,h6,jellyfish/bellman_ford/switch_down/run_scenario_jellyfish_bellman_ford_switch_down_20260607_083146/h6.pcap,26:20:32:eb:d6:8a,01:80:c2:00:00:0e,,,,,,60
2026-06-07T08:37:32.122298+00:00,jellyfish,bellman_ford,switch_down,run_scenario_jellyfish_bellman_ford_switch_down_20260607_083146,h6,jellyfish/bellman_ford/switch_down/run_scenario_jellyfish_bellman_ford_switch_down_20260607_083146/h6.pcap,26:20:32:eb:d6:8a,01:80:c2:00:00:0e,,,,,,60
2026-06-07T08:37:34.161675+00:00,jellyfish,bellman_ford,switch_down,run_scenario_jellyfish_bellman_ford_switch_down_20260607_083146,h6,jellyfish/bellman_ford/switch_down/run_scenario_jellyfish_bellman_ford_switch_down_20260607_083146/h6.pcap,26:20:32:eb:d6:8a,01:80:c2:00:00:0e,,,,,,60
2026-06-07T08:37:36.201617+00:00,jellyfish,bellman_ford,switch_down,run_scenario_jellyfish_bellman_ford_switch_down_20260607_083146,h6,jellyfish/bellman_ford/switch_down/run_scenario_jellyfish_bellman_ford_switch_down_20260607_083146/h6.pcap,26:20:32:eb:d6:8a,01:80:c2:00:00:0e,,,,,,60
2026-06-07T08:37:38.236096+00:00,jellyfish,bellman_ford,switch_down,run_scenario_jellyfish_bellman_ford_switch_down_20260607_083146,h6,jellyfish/bellman_ford/switch_down/run_scenario_jellyfish_bellman_ford_switch_down_20260607_083146/h6.pcap,26:20:32:eb:d6:8a,01:80:c2:00:00:0e,,,,,,60
2026-06-07T08:37:40.273062+00:00,jellyfish,bellman_ford,switch_down,run_scenario_jellyfish_bellman_ford_switch_down_20260607_083146,h6,jellyfish/bellman_ford/switch_down/run_scenario_jellyfish_bellman_ford_switch_down_20260607_083146/h6.pcap,26:20:32:eb:d6:8a,01:80:c2:00:00:0e,,,,,,60
2026-06-07T08:37:42.304332+00:00,jellyfish,bellman_ford,switch_down,run_scenario_jellyfish_bellman_ford_switch_down_20260607_083146,h6,jellyfish/bellman_ford/switch_down/run_scenario_jellyfish_bellman_ford_switch_down_20260607_083146/h6.pcap,26:20:32:eb:d6:8a,01:80:c2:00:00:0e,,,,,,60
2026-06-07T08:37:44.335830+00:00,jellyfish,bellman_ford,switch_down,run_scenario_jellyfish_bellman_ford_switch_down_20260607_083146,h6,jellyfish/bellman_ford/switch_down/run_scenario_jellyfish_bellman_ford_switch_down_20260607_083146/h6.pcap,26:20:32:eb:d6:8a,01:80:c2:00:00:0e,,,,,,60
2026-06-07T08:37:46.373316+00:00,jellyfish,bellman_ford,switch_down,run_scenario_jellyfish_bellman_ford_switch_down_20260607_083146,h6,jellyfish/bellman_ford/switch_down/run_scenario_jellyfish_bellman_ford_switch_down_20260607_083146/h6.pcap,26:20:32:eb:d6:8a,01:80:c2:00:00:0e,,,,,,60
2026-06-07T08:37:48.410979+00:00,jellyfish,bellman_ford,switch_down,run_scenario_jellyfish_bellman_ford_switch_down_20260607_083146,h6,jellyfish/bellman_ford/switch_down/run_scenario_jellyfish_bellman_ford_switch_down_20260607_083146/h6.pcap,26:20:32:eb:d6:8a,01:80:c2:00:00:0e,,,,,,60
2026-06-07T08:37:53.175992+00:00,jellyfish,bellman_ford,switch_down,run_scenario_jellyfish_bellman_ford_switch_down_20260607_083146,h6,jellyfish/bellman_ford/switch_down/run_scenario_jellyfish_bellman_ford_switch_down_20260607_083146/h6.pcap,26:20:32:eb:d6:8a,01:80:c2:00:00:0e,,,,,,60
2026-06-07T08:37:55.212034+00:00,jellyfish,bellman_ford,switch_down,run_scenario_jellyfish_bellman_ford_switch_down_20260607_083146,h6,jellyfish/bellman_ford/switch_down/run_scenario_jellyfish_bellman_ford_switch_down_20260607_083146/h6.pcap,26:20:32:eb:d6:8a,01:80:c2:00:00:0e,,,,,,60
2026-06-07T08:37:57.247923+00:00,jellyfish,bellman_ford,switch_down,run_scenario_jellyfish_bellman_ford_switch_down_20260607_083146,h6,jellyfish/bellman_ford/switch_down/run_scenario_jellyfish_bellman_ford_switch_down_20260607_083146/h6.pcap,26:20:32:eb:d6:8a,01:80:c2:00:00:0e,,,,,,60
2026-06-07T08:37:59.288506+00:00,jellyfish,bellman_ford,switch_down,run_scenario_jellyfish_bellman_ford_switch_down_20260607_083146,h6,jellyfish/bellman_ford/switch_down/run_scenario_jellyfish_bellman_ford_switch_down_20260607_083146/h6.pcap,26:20:32:eb:d6:8a,01:80:c2:00:00:0e,,,,,,60
2026-06-07T08:38:01.328884+00:00,jellyfish,bellman_ford,switch_down,run_scenario_jellyfish_bellman_ford_switch_down_20260607_083146,h6,jellyfish/bellman_ford/switch_down/run_scenario_jellyfish_bellman_ford_switch_down_20260607_083146/h6.pcap,26:20:32:eb:d6:8a,01:80:c2:00:00:0e,,,,,,60
2026-06-07T08:38:03.366734+00:00,jellyfish,bellman_ford,switch_down,run_scenario_jellyfish_bellman_ford_switch_down_20260607_083146,h6,jellyfish/bellman_ford/switch_down/run_scenario_jellyfish_bellman_ford_switch_down_20260607_083146/h6.pcap,26:20:32:eb:d6:8a,01:80:c2:00:00:0e,,,,,,60
2026-06-07T08:38:05.406734+00:00,jellyfish,bellman_ford,switch_down,run_scenario_jellyfish_bellman_ford_switch_down_20260607_083146,h6,jellyfish/bellman_ford/switch_down/run_scenario_jellyfish_bellman_ford_switch_down_20260607_083146/h6.pcap,26:20:32:eb:d6:8a,01:80:c2:00:00:0e,,,,,,60
2026-06-07T08:38:07.442122+00:00,jellyfish,bellman_ford,switch_down,run_scenario_jellyfish_bellman_ford_switch_down_20260607_083146,h6,jellyfish/bellman_ford/switch_down/run_scenario_jellyfish_bellman_ford_switch_down_20260607_083146/h6.pcap,26:20:32:eb:d6:8a,01:80:c2:00:00:0e,,,,,,60
2026-06-07T08:38:09.478345+00:00,jellyfish,bellman_ford,switch_down,run_scenario_jellyfish_bellman_ford_switch_down_20260607_083146,h6,jellyfish/bellman_ford/switch_down/run_scenario_jellyfish_bellman_ford_switch_down_20260607_083146/h6.pcap,26:20:32:eb:d6:8a,01:80:c2:00:00:0e,,,,,,60
2026-06-07T08:38:11.519073+00:00,jellyfish,bellman_ford,switch_down,run_scenario_jellyfish_bellman_ford_switch_down_20260607_083146,h6,jellyfish/bellman_ford/switch_down/run_scenario_jellyfish_bellman_ford_switch_down_20260607_083146/h6.pcap,26:20:32:eb:d6:8a,01:80:c2:00:00:0e,,,,,,60
2026-06-07T08:38:13.558754+00:00,jellyfish,bellman_ford,switch_down,run_scenario_jellyfish_bellman_ford_switch_down_20260607_083146,h6,jellyfish/bellman_ford/switch_down/run_scenario_jellyfish_bellman_ford_switch_down_20260607_083146/h6.pcap,26:20:32:eb:d6:8a,01:80:c2:00:00:0e,,,,,,60
2026-06-07T08:38:15.597807+00:00,jellyfish,bellman_ford,switch_down,run_scenario_jellyfish_bellman_ford_switch_down_20260607_083146,h6,jellyfish/bellman_ford/switch_down/run_scenario_jellyfish_bellman_ford_switch_down_20260607_083146/h6.pcap,26:20:32:eb:d6:8a,01:80:c2:00:00:0e,,,,,,60
2026-06-07T08:38:17.629259+00:00,jellyfish,bellman_ford,switch_down,run_scenario_jellyfish_bellman_ford_switch_down_20260607_083146,h6,jellyfish/bellman_ford/switch_down/run_scenario_jellyfish_bellman_ford_switch_down_20260607_083146/h6.pcap,26:20:32:eb:d6:8a,01:80:c2:00:00:0e,,,,,,60
2026-06-07T08:38:19.660227+00:00,jellyfish,bellman_ford,switch_down,run_scenario_jellyfish_bellman_ford_switch_down_20260607_083146,h6,jellyfish/bellman_ford/switch_down/run_scenario_jellyfish_bellman_ford_switch_down_20260607_083146/h6.pcap,26:20:32:eb:d6:8a,01:80:c2:00:00:0e,,,,,,60
2026-06-07T08:38:24.424963+00:00,jellyfish,bellman_ford,switch_down,run_scenario_jellyfish_bellman_ford_switch_down_20260607_083146,h6,jellyfish/bellman_ford/switch_down/run_scenario_jellyfish_bellman_ford_switch_down_20260607_083146/h6.pcap,26:20:32:eb:d6:8a,01:80:c2:00:00:0e,,,,,,60
2026-06-07T08:38:26.458626+00:00,jellyfish,bellman_ford,switch_down,run_scenario_jellyfish_bellman_ford_switch_down_20260607_083146,h6,jellyfish/bellman_ford/switch_down/run_scenario_jellyfish_bellman_ford_switch_down_20260607_083146/h6.pcap,26:20:32:eb:d6:8a,01:80:c2:00:00:0e,,,,,,60
2026-06-07T08:38:28.494024+00:00,jellyfish,bellman_ford,switch_down,run_scenario_jellyfish_bellman_ford_switch_down_20260607_083146,h6,jellyfish/bellman_ford/switch_down/run_scenario_jellyfish_bellman_ford_switch_down_20260607_083146/h6.pcap,26:20:32:eb:d6:8a,01:80:c2:00:00:0e,,,,,,60
2026-06-07T08:38:30.529996+00:00,jellyfish,bellman_ford,switch_down,run_scenario_jellyfish_bellman_ford_switch_down_20260607_083146,h6,jellyfish/bellman_ford/switch_down/run_scenario_jellyfish_bellman_ford_switch_down_20260607_083146/h6.pcap,26:20:32:eb:d6:8a,01:80:c2:00:00:0e,,,,,,60
2026-06-07T08:38:32.567562+00:00,jellyfish,bellman_ford,switch_down,run_scenario_jellyfish_bellman_ford_switch_down_20260607_083146,h6,jellyfish/bellman_ford/switch_down/run_scenario_jellyfish_bellman_ford_switch_down_20260607_083146/h6.pcap,26:20:32:eb:d6:8a,01:80:c2:00:00:0e,,,,,,60
2026-06-07T08:38:34.604514+00:00,jellyfish,bellman_ford,switch_down,run_scenario_jellyfish_bellman_ford_switch_down_20260607_083146,h6,jellyfish/bellman_ford/switch_down/run_scenario_jellyfish_bellman_ford_switch_down_20260607_083146/h6.pcap,26:20:32:eb:d6:8a,01:80:c2:00:00:0e,,,,,,60
2026-06-07T08:38:36.640811+00:00,jellyfish,bellman_ford,switch_down,run_scenario_jellyfish_bellman_ford_switch_down_20260607_083146,h6,jellyfish/bellman_ford/switch_down/run_scenario_jellyfish_bellman_ford_switch_down_20260607_083146/h6.pcap,26:20:32:eb:d6:8a,01:80:c2:00:00:0e,,,,,,60
2026-06-07T08:38:38.678307+00:00,jellyfish,bellman_ford,switch_down,run_scenario_jellyfish_bellman_ford_switch_down_20260607_083146,h6,jellyfish/bellman_ford/switch_down/run_scenario_jellyfish_bellman_ford_switch_down_20260607_083146/h6.pcap,26:20:32:eb:d6:8a,01:80:c2:00:00:0e,,,,,,60
2026-06-07T08:38:40.714418+00:00,jellyfish,bellman_ford,switch_down,run_scenario_jellyfish_bellman_ford_switch_down_20260607_083146,h6,jellyfish/bellman_ford/switch_down/run_scenario_jellyfish_bellman_ford_switch_down_20260607_083146/h6.pcap,26:20:32:eb:d6:8a,01:80:c2:00:00:0e,,,,,,60
2026-06-07T08:38:42.756386+00:00,jellyfish,bellman_ford,switch_down,run_scenario_jellyfish_bellman_ford_switch_down_20260607_083146,h6,jellyfish/bellman_ford/switch_down/run_scenario_jellyfish_bellman_ford_switch_down_20260607_083146/h6.pcap,26:20:32:eb:d6:8a,01:80:c2:00:00:0e,,,,,,60
2026-06-07T08:38:44.794194+00:00,jellyfish,bellman_ford,switch_down,run_scenario_jellyfish_bellman_ford_switch_down_20260607_083146,h6,jellyfish/bellman_ford/switch_down/run_scenario_jellyfish_bellman_ford_switch_down_20260607_083146/h6.pcap,26:20:32:eb:d6:8a,01:80:c2:00:00:0e,,,,,,60
2026-06-07T08:38:46.829412+00:00,jellyfish,bellman_ford,switch_down,run_scenario_jellyfish_bellman_ford_switch_down_20260607_083146,h6,jellyfish/bellman_ford/switch_down/run_scenario_jellyfish_bellman_ford_switch_down_20260607_083146/h6.pcap,26:20:32:eb:d6:8a,01:80:c2:00:00:0e,,,,,,60
2026-06-07T08:38:48.865314+00:00,jellyfish,bellman_ford,switch_down,run_scenario_jellyfish_bellman_ford_switch_down_20260607_083146,h6,jellyfish/bellman_ford/switch_down/run_scenario_jellyfish_bellman_ford_switch_down_20260607_083146/h6.pcap,26:20:32:eb:d6:8a,01:80:c2:00:00:0e,,,,,,60
2026-06-07T08:38:50.900971+00:00,jellyfish,bellman_ford,switch_down,run_scenario_jellyfish_bellman_ford_switch_down_20260607_083146,h6,jellyfish/bellman_ford/switch_down/run_scenario_jellyfish_bellman_ford_switch_down_20260607_083146/h6.pcap,26:20:32:eb:d6:8a,01:80:c2:00:00:0e,,,,,,60
2026-06-07T08:38:52.939653+00:00,jellyfish,bellman_ford,switch_down,run_scenario_jellyfish_bellman_ford_switch_down_20260607_083146,h6,jellyfish/bellman_ford/switch_down/run_scenario_jellyfish_bellman_ford_switch_down_20260607_083146/h6.pcap,26:20:32:eb:d6:8a,01:80:c2:00:00:0e,,,,,,60
2026-06-07T08:38:57.707952+00:00,jellyfish,bellman_ford,switch_down,run_scenario_jellyfish_bellman_ford_switch_down_20260607_083146,h6,jellyfish/bellman_ford/switch_down/run_scenario_jellyfish_bellman_ford_switch_down_20260607_083146/h6.pcap,26:20:32:eb:d6:8a,01:80:c2:00:00:0e,,,,,,60
2026-06-07T08:38:59.746634+00:00,jellyfish,bellman_ford,switch_down,run_scenario_jellyfish_bellman_ford_switch_down_20260607_083146,h6,jellyfish/bellman_ford/switch_down/run_scenario_jellyfish_bellman_ford_switch_down_20260607_083146/h6.pcap,26:20:32:eb:d6:8a,01:80:c2:00:00:0e,,,,,,60
2026-06-07T08:39:01.787875+00:00,jellyfish,bellman_ford,switch_down,run_scenario_jellyfish_bellman_ford_switch_down_20260607_083146,h6,jellyfish/bellman_ford/switch_down/run_scenario_jellyfish_bellman_ford_switch_down_20260607_083146/h6.pcap,26:20:32:eb:d6:8a,01:80:c2:00:00:0e,,,,,,60
2026-06-07T08:39:03.829007+00:00,jellyfish,bellman_ford,switch_down,run_scenario_jellyfish_bellman_ford_switch_down_20260607_083146,h6,jellyfish/bellman_ford/switch_down/run_scenario_jellyfish_bellman_ford_switch_down_20260607_083146/h6.pcap,26:20:32:eb:d6:8a,01:80:c2:00:00:0e,,,,,,60
2026-06-07T08:39:05.866209+00:00,jellyfish,bellman_ford,switch_down,run_scenario_jellyfish_bellman_ford_switch_down_20260607_083146,h6,jellyfish/bellman_ford/switch_down/run_scenario_jellyfish_bellman_ford_switch_down_20260607_083146/h6.pcap,26:20:32:eb:d6:8a,01:80:c2:00:00:0e,,,,,,60
2026-06-07T08:39:07.903551+00:00,jellyfish,bellman_ford,switch_down,run_scenario_jellyfish_bellman_ford_switch_down_20260607_083146,h6,jellyfish/bellman_ford/switch_down/run_scenario_jellyfish_bellman_ford_switch_down_20260607_083146/h6.pcap,26:20:32:eb:d6:8a,01:80:c2:00:00:0e,,,,,,60
2026-06-07T08:39:09.939513+00:00,jellyfish,bellman_ford,switch_down,run_scenario_jellyfish_bellman_ford_switch_down_20260607_083146,h6,jellyfish/bellman_ford/switch_down/run_scenario_jellyfish_bellman_ford_switch_down_20260607_083146/h6.pcap,26:20:32:eb:d6:8a,01:80:c2:00:00:0e,,,,,,60
2026-06-07T08:39:11.978211+00:00,jellyfish,bellman_ford,switch_down,run_scenario_jellyfish_bellman_ford_switch_down_20260607_083146,h6,jellyfish/bellman_ford/switch_down/run_scenario_jellyfish_bellman_ford_switch_down_20260607_083146/h6.pcap,26:20:32:eb:d6:8a,01:80:c2:00:00:0e,,,,,,60
2026-06-07T08:39:14.015606+00:00,jellyfish,bellman_ford,switch_down,run_scenario_jellyfish_bellman_ford_switch_down_20260607_083146,h6,jellyfish/bellman_ford/switch_down/run_scenario_jellyfish_bellman_ford_switch_down_20260607_083146/h6.pcap,26:20:32:eb:d6:8a,01:80:c2:00:00:0e,,,,,,60
2026-06-07T08:39:16.053209+00:00,jellyfish,bellman_ford,switch_down,run_scenario_jellyfish_bellman_ford_switch_down_20260607_083146,h6,jellyfish/bellman_ford/switch_down/run_scenario_jellyfish_bellman_ford_switch_down_20260607_083146/h6.pcap,26:20:32:eb:d6:8a,01:80:c2:00:00:0e,,,,,,60
2026-06-07T08:39:18.090289+00:00,jellyfish,bellman_ford,switch_down,run_scenario_jellyfish_bellman_ford_switch_down_20260607_083146,h6,jellyfish/bellman_ford/switch_down/run_scenario_jellyfish_bellman_ford_switch_down_20260607_083146/h6.pcap,26:20:32:eb:d6:8a,01:80:c2:00:00:0e,,,,,,60
2026-06-07T08:39:20.127127+00:00,jellyfish,bellman_ford,switch_down,run_scenario_jellyfish_bellman_ford_switch_down_20260607_083146,h6,jellyfish/bellman_ford/switch_down/run_scenario_jellyfish_bellman_ford_switch_down_20260607_083146/h6.pcap,26:20:32:eb:d6:8a,01:80:c2:00:00:0e,,,,,,60
2026-06-07T08:39:22.160975+00:00,jellyfish,bellman_ford,switch_down,run_scenario_jellyfish_bellman_ford_switch_down_20260607_083146,h6,jellyfish/bellman_ford/switch_down/run_scenario_jellyfish_bellman_ford_switch_down_20260607_083146/h6.pcap,26:20:32:eb:d6:8a,01:80:c2:00:00:0e,,,,,,60
2026-06-07T08:39:24.188934+00:00,jellyfish,bellman_ford,switch_down,run_scenario_jellyfish_bellman_ford_switch_down_20260607_083146,h6,jellyfish/bellman_ford/switch_down/run_scenario_jellyfish_bellman_ford_switch_down_20260607_083146/h6.pcap,26:20:32:eb:d6:8a,01:80:c2:00:00:0e,,,,,,60
2026-06-07T08:39:26.220367+00:00,jellyfish,bellman_ford,switch_down,run_scenario_jellyfish_bellman_ford_switch_down_20260607_083146,h6,jellyfish/bellman_ford/switch_down/run_scenario_jellyfish_bellman_ford_switch_down_20260607_083146/h6.pcap,26:20:32:eb:d6:8a,01:80:c2:00:00:0e,,,,,,60
2026-06-07T08:39:30.977292+00:00,jellyfish,bellman_ford,switch_down,run_scenario_jellyfish_bellman_ford_switch_down_20260607_083146,h6,jellyfish/bellman_ford/switch_down/run_scenario_jellyfish_bellman_ford_switch_down_20260607_083146/h6.pcap,26:20:32:eb:d6:8a,01:80:c2:00:00:0e,,,,,,60
2026-06-07T08:39:33.014089+00:00,jellyfish,bellman_ford,switch_down,run_scenario_jellyfish_bellman_ford_switch_down_20260607_083146,h6,jellyfish/bellman_ford/switch_down/run_scenario_jellyfish_bellman_ford_switch_down_20260607_083146/h6.pcap,26:20:32:eb:d6:8a,01:80:c2:00:00:0e,,,,,,60
2026-06-07T08:39:35.052343+00:00,jellyfish,bellman_ford,switch_down,run_scenario_jellyfish_bellman_ford_switch_down_20260607_083146,h6,jellyfish/bellman_ford/switch_down/run_scenario_jellyfish_bellman_ford_switch_down_20260607_083146/h6.pcap,26:20:32:eb:d6:8a,01:80:c2:00:00:0e,,,,,,60
2026-06-07T08:39:37.089434+00:00,jellyfish,bellman_ford,switch_down,run_scenario_jellyfish_bellman_ford_switch_down_20260607_083146,h6,jellyfish/bellman_ford/switch_down/run_scenario_jellyfish_bellman_ford_switch_down_20260607_083146/h6.pcap,26:20:32:eb:d6:8a,01:80:c2:00:00:0e,,,,,,60
2026-06-07T08:39:39.122549+00:00,jellyfish,bellman_ford,switch_down,run_scenario_jellyfish_bellman_ford_switch_down_20260607_083146,h6,jellyfish/bellman_ford/switch_down/run_scenario_jellyfish_bellman_ford_switch_down_20260607_083146/h6.pcap,26:20:32:eb:d6:8a,01:80:c2:00:00:0e,,,,,,60
2026-06-07T08:39:41.159340+00:00,jellyfish,bellman_ford,switch_down,run_scenario_jellyfish_bellman_ford_switch_down_20260607_083146,h6,jellyfish/bellman_ford/switch_down/run_scenario_jellyfish_bellman_ford_switch_down_20260607_083146/h6.pcap,26:20:32:eb:d6:8a,01:80:c2:00:00:0e,,,,,,60
2026-06-07T08:39:43.195091+00:00,jellyfish,bellman_ford,switch_down,run_scenario_jellyfish_bellman_ford_switch_down_20260607_083146,h6,jellyfish/bellman_ford/switch_down/run_scenario_jellyfish_bellman_ford_switch_down_20260607_083146/h6.pcap,26:20:32:eb:d6:8a,01:80:c2:00:00:0e,,,,,,60
2026-06-07T08:39:45.232656+00:00,jellyfish,bellman_ford,switch_down,run_scenario_jellyfish_bellman_ford_switch_down_20260607_083146,h6,jellyfish/bellman_ford/switch_down/run_scenario_jellyfish_bellman_ford_switch_down_20260607_083146/h6.pcap,26:20:32:eb:d6:8a,01:80:c2:00:00:0e,,,,,,60
2026-06-07T08:39:47.264227+00:00,jellyfish,bellman_ford,switch_down,run_scenario_jellyfish_bellman_ford_switch_down_20260607_083146,h6,jellyfish/bellman_ford/switch_down/run_scenario_jellyfish_bellman_ford_switch_down_20260607_083146/h6.pcap,26:20:32:eb:d6:8a,01:80:c2:00:00:0e,,,,,,60
2026-06-07T08:39:49.298819+00:00,jellyfish,bellman_ford,switch_down,run_scenario_jellyfish_bellman_ford_switch_down_20260607_083146,h6,jellyfish/bellman_ford/switch_down/run_scenario_jellyfish_bellman_ford_switch_down_20260607_083146/h6.pcap,26:20:32:eb:d6:8a,01:80:c2:00:00:0e,,,,,,60
2026-06-07T08:39:51.330701+00:00,jellyfish,bellman_ford,switch_down,run_scenario_jellyfish_bellman_ford_switch_down_20260607_083146,h6,jellyfish/bellman_ford/switch_down/run_scenario_jellyfish_bellman_ford_switch_down_20260607_083146/h6.pcap,26:20:32:eb:d6:8a,01:80:c2:00:00:0e,,,,,,60
2026-06-07T08:39:53.185139+00:00,jellyfish,bellman_ford,switch_down,run_scenario_jellyfish_bellman_ford_switch_down_20260607_083146,h6,jellyfish/bellman_ford/switch_down/run_scenario_jellyfish_bellman_ford_switch_down_20260607_083146/h6.pcap,00:00:00:00:06:01,00:00:00:00:00:01,10.0.0.7,10.0.0.1,IP,,,96
2026-06-07T08:39:53.191167+00:00,jellyfish,bellman_ford,switch_down,run_scenario_jellyfish_bellman_ford_switch_down_20260607_083146,h6,jellyfish/bellman_ford/switch_down/run_scenario_jellyfish_bellman_ford_switch_down_20260607_083146/h6.pcap,00:00:00:00:00:01,00:00:00:00:06:01,10.0.0.1,10.0.0.7,IP,,,96
2026-06-07T08:39:53.195166+00:00,jellyfish,bellman_ford,switch_down,run_scenario_jellyfish_bellman_ford_switch_down_20260607_083146,h6,jellyfish/bellman_ford/switch_down/run_scenario_jellyfish_bellman_ford_switch_down_20260607_083146/h6.pcap,00:00:00:00:06:01,00:00:00:00:01:01,10.0.0.7,10.0.0.2,IP,,,96
2026-06-07T08:39:53.362909+00:00,jellyfish,bellman_ford,switch_down,run_scenario_jellyfish_bellman_ford_switch_down_20260607_083146,h6,jellyfish/bellman_ford/switch_down/run_scenario_jellyfish_bellman_ford_switch_down_20260607_083146/h6.pcap,26:20:32:eb:d6:8a,01:80:c2:00:00:0e,,,,,,60
2026-06-07T08:39:55.393764+00:00,jellyfish,bellman_ford,switch_down,run_scenario_jellyfish_bellman_ford_switch_down_20260607_083146,h6,jellyfish/bellman_ford/switch_down/run_scenario_jellyfish_bellman_ford_switch_down_20260607_083146/h6.pcap,26:20:32:eb:d6:8a,01:80:c2:00:00:0e,,,,,,60
2026-06-07T08:39:57.427317+00:00,jellyfish,bellman_ford,switch_down,run_scenario_jellyfish_bellman_ford_switch_down_20260607_083146,h6,jellyfish/bellman_ford/switch_down/run_scenario_jellyfish_bellman_ford_switch_down_20260607_083146/h6.pcap,26:20:32:eb:d6:8a,01:80:c2:00:00:0e,,,,,,60
2026-06-07T08:39:58.716831+00:00,jellyfish,bellman_ford,switch_down,run_scenario_jellyfish_bellman_ford_switch_down_20260607_083146,h6,jellyfish/bellman_ford/switch_down/run_scenario_jellyfish_bellman_ford_switch_down_20260607_083146/h6.pcap,26:20:32:eb:d6:8a,01:80:c2:00:00:0e,,,,,,60
2026-06-07T08:40:04.215280+00:00,jellyfish,bellman_ford,switch_down,run_scenario_jellyfish_bellman_ford_switch_down_20260607_083146,h6,jellyfish/bellman_ford/switch_down/run_scenario_jellyfish_bellman_ford_switch_down_20260607_083146/h6.pcap,26:20:32:eb:d6:8a,01:80:c2:00:00:0e,,,,,,60
2026-06-07T08:40:05.924622+00:00,jellyfish,bellman_ford,switch_down,run_scenario_jellyfish_bellman_ford_switch_down_20260607_083146,h6,jellyfish/bellman_ford/switch_down/run_scenario_jellyfish_bellman_ford_switch_down_20260607_083146/h6.pcap,00:00:00:00:06:01,00:00:00:00:02:01,10.0.0.7,10.0.0.3,IP,,,96
2026-06-07T08:40:05.933611+00:00,jellyfish,bellman_ford,switch_down,run_scenario_jellyfish_bellman_ford_switch_down_20260607_083146,h6,jellyfish/bellman_ford/switch_down/run_scenario_jellyfish_bellman_ford_switch_down_20260607_083146/h6.pcap,00:00:00:00:02:01,00:00:00:00:06:01,10.0.0.3,10.0.0.7,IP,,,96
2026-06-07T08:40:05.937629+00:00,jellyfish,bellman_ford,switch_down,run_scenario_jellyfish_bellman_ford_switch_down_20260607_083146,h6,jellyfish/bellman_ford/switch_down/run_scenario_jellyfish_bellman_ford_switch_down_20260607_083146/h6.pcap,00:00:00:00:06:01,00:00:00:00:03:01,10.0.0.7,10.0.0.4,IP,,,96
2026-06-07T08:40:05.946569+00:00,jellyfish,bellman_ford,switch_down,run_scenario_jellyfish_bellman_ford_switch_down_20260607_083146,h6,jellyfish/bellman_ford/switch_down/run_scenario_jellyfish_bellman_ford_switch_down_20260607_083146/h6.pcap,00:00:00:00:03:01,00:00:00:00:06:01,10.0.0.4,10.0.0.7,IP,,,96
2026-06-07T08:40:05.950442+00:00,jellyfish,bellman_ford,switch_down,run_scenario_jellyfish_bellman_ford_switch_down_20260607_083146,h6,jellyfish/bellman_ford/switch_down/run_scenario_jellyfish_bellman_ford_switch_down_20260607_083146/h6.pcap,00:00:00:00:06:01,00:00:00:00:04:01,10.0.0.7,10.0.0.5,IP,,,96
2026-06-07T08:40:05.958151+00:00,jellyfish,bellman_ford,switch_down,run_scenario_jellyfish_bellman_ford_switch_down_20260607_083146,h6,jellyfish/bellman_ford/switch_down/run_scenario_jellyfish_bellman_ford_switch_down_20260607_083146/h6.pcap,00:00:00:00:04:01,00:00:00:00:06:01,10.0.0.5,10.0.0.7,IP,,,96
2026-06-07T08:40:05.962388+00:00,jellyfish,bellman_ford,switch_down,run_scenario_jellyfish_bellman_ford_switch_down_20260607_083146,h6,jellyfish/bellman_ford/switch_down/run_scenario_jellyfish_bellman_ford_switch_down_20260607_083146/h6.pcap,00:00:00:00:06:01,00:00:00:00:05:01,10.0.0.7,10.0.0.6,IP,,,96
2026-06-07T08:40:05.971107+00:00,jellyfish,bellman_ford,switch_down,run_scenario_jellyfish_bellman_ford_switch_down_20260607_083146,h6,jellyfish/bellman_ford/switch_down/run_scenario_jellyfish_bellman_ford_switch_down_20260607_083146/h6.pcap,00:00:00:00:05:01,00:00:00:00:06:01,10.0.0.6,10.0.0.7,IP,,,96
2026-06-07T08:40:05.975181+00:00,jellyfish,bellman_ford,switch_down,run_scenario_jellyfish_bellman_ford_switch_down_20260607_083146,h6,jellyfish/bellman_ford/switch_down/run_scenario_jellyfish_bellman_ford_switch_down_20260607_083146/h6.pcap,00:00:00:00:06:01,00:00:00:00:07:01,10.0.0.7,10.0.0.8,IP,,,96
2026-06-07T08:40:06.249453+00:00,jellyfish,bellman_ford,switch_down,run_scenario_jellyfish_bellman_ford_switch_down_20260607_083146,h6,jellyfish/bellman_ford/switch_down/run_scenario_jellyfish_bellman_ford_switch_down_20260607_083146/h6.pcap,26:20:32:eb:d6:8a,01:80:c2:00:00:0e,,,,,,60
2026-06-07T08:40:08.282079+00:00,jellyfish,bellman_ford,switch_down,run_scenario_jellyfish_bellman_ford_switch_down_20260607_083146,h6,jellyfish/bellman_ford/switch_down/run_scenario_jellyfish_bellman_ford_switch_down_20260607_083146/h6.pcap,26:20:32:eb:d6:8a,01:80:c2:00:00:0e,,,,,,60
2026-06-07T08:40:10.316354+00:00,jellyfish,bellman_ford,switch_down,run_scenario_jellyfish_bellman_ford_switch_down_20260607_083146,h6,jellyfish/bellman_ford/switch_down/run_scenario_jellyfish_bellman_ford_switch_down_20260607_083146/h6.pcap,26:20:32:eb:d6:8a,01:80:c2:00:00:0e,,,,,,60
2026-06-07T08:40:12.349698+00:00,jellyfish,bellman_ford,switch_down,run_scenario_jellyfish_bellman_ford_switch_down_20260607_083146,h6,jellyfish/bellman_ford/switch_down/run_scenario_jellyfish_bellman_ford_switch_down_20260607_083146/h6.pcap,26:20:32:eb:d6:8a,01:80:c2:00:00:0e,,,,,,60
2026-06-07T08:40:14.387148+00:00,jellyfish,bellman_ford,switch_down,run_scenario_jellyfish_bellman_ford_switch_down_20260607_083146,h6,jellyfish/bellman_ford/switch_down/run_scenario_jellyfish_bellman_ford_switch_down_20260607_083146/h6.pcap,26:20:32:eb:d6:8a,01:80:c2:00:00:0e,,,,,,60
2026-06-07T08:40:15.982063+00:00,jellyfish,bellman_ford,switch_down,run_scenario_jellyfish_bellman_ford_switch_down_20260607_083146,h6,jellyfish/bellman_ford/switch_down/run_scenario_jellyfish_bellman_ford_switch_down_20260607_083146/h6.pcap,00:00:00:00:06:01,00:00:00:00:08:01,10.0.0.7,10.0.0.9,IP,,,96
2026-06-07T08:40:16.425364+00:00,jellyfish,bellman_ford,switch_down,run_scenario_jellyfish_bellman_ford_switch_down_20260607_083146,h6,jellyfish/bellman_ford/switch_down/run_scenario_jellyfish_bellman_ford_switch_down_20260607_083146/h6.pcap,26:20:32:eb:d6:8a,01:80:c2:00:00:0e,,,,,,60
2026-06-07T08:40:18.460057+00:00,jellyfish,bellman_ford,switch_down,run_scenario_jellyfish_bellman_ford_switch_down_20260607_083146,h6,jellyfish/bellman_ford/switch_down/run_scenario_jellyfish_bellman_ford_switch_down_20260607_083146/h6.pcap,26:20:32:eb:d6:8a,01:80:c2:00:00:0e,,,,,,60
2026-06-07T08:40:20.496273+00:00,jellyfish,bellman_ford,switch_down,run_scenario_jellyfish_bellman_ford_switch_down_20260607_083146,h6,jellyfish/bellman_ford/switch_down/run_scenario_jellyfish_bellman_ford_switch_down_20260607_083146/h6.pcap,26:20:32:eb:d6:8a,01:80:c2:00:00:0e,,,,,,60
2026-06-07T08:40:22.533591+00:00,jellyfish,bellman_ford,switch_down,run_scenario_jellyfish_bellman_ford_switch_down_20260607_083146,h6,jellyfish/bellman_ford/switch_down/run_scenario_jellyfish_bellman_ford_switch_down_20260607_083146/h6.pcap,26:20:32:eb:d6:8a,01:80:c2:00:00:0e,,,,,,60
2026-06-07T08:40:24.567557+00:00,jellyfish,bellman_ford,switch_down,run_scenario_jellyfish_bellman_ford_switch_down_20260607_083146,h6,jellyfish/bellman_ford/switch_down/run_scenario_jellyfish_bellman_ford_switch_down_20260607_083146/h6.pcap,26:20:32:eb:d6:8a,01:80:c2:00:00:0e,,,,,,60
2026-06-07T08:40:25.986465+00:00,jellyfish,bellman_ford,switch_down,run_scenario_jellyfish_bellman_ford_switch_down_20260607_083146,h6,jellyfish/bellman_ford/switch_down/run_scenario_jellyfish_bellman_ford_switch_down_20260607_083146/h6.pcap,00:00:00:00:06:01,00:00:00:00:09:01,10.0.0.7,10.0.0.10,IP,,,96
2026-06-07T08:40:26.601257+00:00,jellyfish,bellman_ford,switch_down,run_scenario_jellyfish_bellman_ford_switch_down_20260607_083146,h6,jellyfish/bellman_ford/switch_down/run_scenario_jellyfish_bellman_ford_switch_down_20260607_083146/h6.pcap,26:20:32:eb:d6:8a,01:80:c2:00:00:0e,,,,,,60
2026-06-07T08:40:28.630995+00:00,jellyfish,bellman_ford,switch_down,run_scenario_jellyfish_bellman_ford_switch_down_20260607_083146,h6,jellyfish/bellman_ford/switch_down/run_scenario_jellyfish_bellman_ford_switch_down_20260607_083146/h6.pcap,26:20:32:eb:d6:8a,01:80:c2:00:00:0e,,,,,,60
2026-06-07T08:40:30.664365+00:00,jellyfish,bellman_ford,switch_down,run_scenario_jellyfish_bellman_ford_switch_down_20260607_083146,h6,jellyfish/bellman_ford/switch_down/run_scenario_jellyfish_bellman_ford_switch_down_20260607_083146/h6.pcap,26:20:32:eb:d6:8a,01:80:c2:00:00:0e,,,,,,60
2026-06-07T08:40:35.425021+00:00,jellyfish,bellman_ford,switch_down,run_scenario_jellyfish_bellman_ford_switch_down_20260607_083146,h6,jellyfish/bellman_ford/switch_down/run_scenario_jellyfish_bellman_ford_switch_down_20260607_083146/h6.pcap,26:20:32:eb:d6:8a,01:80:c2:00:00:0e,,,,,,60
2026-06-07T08:40:37.455696+00:00,jellyfish,bellman_ford,switch_down,run_scenario_jellyfish_bellman_ford_switch_down_20260607_083146,h6,jellyfish/bellman_ford/switch_down/run_scenario_jellyfish_bellman_ford_switch_down_20260607_083146/h6.pcap,26:20:32:eb:d6:8a,01:80:c2:00:00:0e,,,,,,60
2026-06-07T08:40:39.486092+00:00,jellyfish,bellman_ford,switch_down,run_scenario_jellyfish_bellman_ford_switch_down_20260607_083146,h6,jellyfish/bellman_ford/switch_down/run_scenario_jellyfish_bellman_ford_switch_down_20260607_083146/h6.pcap,26:20:32:eb:d6:8a,01:80:c2:00:00:0e,,,,,,60
2026-06-07T08:40:41.517724+00:00,jellyfish,bellman_ford,switch_down,run_scenario_jellyfish_bellman_ford_switch_down_20260607_083146,h6,jellyfish/bellman_ford/switch_down/run_scenario_jellyfish_bellman_ford_switch_down_20260607_083146/h6.pcap,26:20:32:eb:d6:8a,01:80:c2:00:00:0e,,,,,,60
2026-06-07T08:40:43.551121+00:00,jellyfish,bellman_ford,switch_down,run_scenario_jellyfish_bellman_ford_switch_down_20260607_083146,h6,jellyfish/bellman_ford/switch_down/run_scenario_jellyfish_bellman_ford_switch_down_20260607_083146/h6.pcap,26:20:32:eb:d6:8a,01:80:c2:00:00:0e,,,,,,60
2026-06-07T08:40:45.582956+00:00,jellyfish,bellman_ford,switch_down,run_scenario_jellyfish_bellman_ford_switch_down_20260607_083146,h6,jellyfish/bellman_ford/switch_down/run_scenario_jellyfish_bellman_ford_switch_down_20260607_083146/h6.pcap,26:20:32:eb:d6:8a,01:80:c2:00:00:0e,,,,,,60
2026-06-07T08:40:47.615176+00:00,jellyfish,bellman_ford,switch_down,run_scenario_jellyfish_bellman_ford_switch_down_20260607_083146,h6,jellyfish/bellman_ford/switch_down/run_scenario_jellyfish_bellman_ford_switch_down_20260607_083146/h6.pcap,26:20:32:eb:d6:8a,01:80:c2:00:00:0e,,,,,,60
2026-06-07T08:40:48.801541+00:00,jellyfish,bellman_ford,switch_down,run_scenario_jellyfish_bellman_ford_switch_down_20260607_083146,h6,jellyfish/bellman_ford/switch_down/run_scenario_jellyfish_bellman_ford_switch_down_20260607_083146/h6.pcap,00:00:00:00:07:01,00:00:00:00:06:01,10.0.0.8,10.0.0.7,IP,,,96
2026-06-07T08:40:48.801577+00:00,jellyfish,bellman_ford,switch_down,run_scenario_jellyfish_bellman_ford_switch_down_20260607_083146,h6,jellyfish/bellman_ford/switch_down/run_scenario_jellyfish_bellman_ford_switch_down_20260607_083146/h6.pcap,00:00:00:00:06:01,00:00:00:00:07:01,10.0.0.7,10.0.0.8,IP,,,96
2026-06-07T08:40:49.647275+00:00,jellyfish,bellman_ford,switch_down,run_scenario_jellyfish_bellman_ford_switch_down_20260607_083146,h6,jellyfish/bellman_ford/switch_down/run_scenario_jellyfish_bellman_ford_switch_down_20260607_083146/h6.pcap,26:20:32:eb:d6:8a,01:80:c2:00:00:0e,,,,,,60
2026-06-07T08:40:51.680977+00:00,jellyfish,bellman_ford,switch_down,run_scenario_jellyfish_bellman_ford_switch_down_20260607_083146,h6,jellyfish/bellman_ford/switch_down/run_scenario_jellyfish_bellman_ford_switch_down_20260607_083146/h6.pcap,26:20:32:eb:d6:8a,01:80:c2:00:00:0e,,,,,,60
2026-06-07T08:40:53.716195+00:00,jellyfish,bellman_ford,switch_down,run_scenario_jellyfish_bellman_ford_switch_down_20260607_083146,h6,jellyfish/bellman_ford/switch_down/run_scenario_jellyfish_bellman_ford_switch_down_20260607_083146/h6.pcap,26:20:32:eb:d6:8a,01:80:c2:00:00:0e,,,,,,60
2026-06-07T08:40:55.749099+00:00,jellyfish,bellman_ford,switch_down,run_scenario_jellyfish_bellman_ford_switch_down_20260607_083146,h6,jellyfish/bellman_ford/switch_down/run_scenario_jellyfish_bellman_ford_switch_down_20260607_083146/h6.pcap,26:20:32:eb:d6:8a,01:80:c2:00:00:0e,,,,,,60
2026-06-07T08:40:57.783893+00:00,jellyfish,bellman_ford,switch_down,run_scenario_jellyfish_bellman_ford_switch_down_20260607_083146,h6,jellyfish/bellman_ford/switch_down/run_scenario_jellyfish_bellman_ford_switch_down_20260607_083146/h6.pcap,26:20:32:eb:d6:8a,01:80:c2:00:00:0e,,,,,,60
2026-06-07T08:40:59.817877+00:00,jellyfish,bellman_ford,switch_down,run_scenario_jellyfish_bellman_ford_switch_down_20260607_083146,h6,jellyfish/bellman_ford/switch_down/run_scenario_jellyfish_bellman_ford_switch_down_20260607_083146/h6.pcap,26:20:32:eb:d6:8a,01:80:c2:00:00:0e,,,,,,60
2026-06-07T08:41:01.853723+00:00,jellyfish,bellman_ford,switch_down,run_scenario_jellyfish_bellman_ford_switch_down_20260607_083146,h6,jellyfish/bellman_ford/switch_down/run_scenario_jellyfish_bellman_ford_switch_down_20260607_083146/h6.pcap,26:20:32:eb:d6:8a,01:80:c2:00:00:0e,,,,,,60
2026-06-07T08:41:03.891412+00:00,jellyfish,bellman_ford,switch_down,run_scenario_jellyfish_bellman_ford_switch_down_20260607_083146,h6,jellyfish/bellman_ford/switch_down/run_scenario_jellyfish_bellman_ford_switch_down_20260607_083146/h6.pcap,26:20:32:eb:d6:8a,01:80:c2:00:00:0e,,,,,,60
2026-06-07T08:41:08.647028+00:00,jellyfish,bellman_ford,switch_down,run_scenario_jellyfish_bellman_ford_switch_down_20260607_083146,h6,jellyfish/bellman_ford/switch_down/run_scenario_jellyfish_bellman_ford_switch_down_20260607_083146/h6.pcap,26:20:32:eb:d6:8a,01:80:c2:00:00:0e,,,,,,60
2026-06-07T08:41:10.676761+00:00,jellyfish,bellman_ford,switch_down,run_scenario_jellyfish_bellman_ford_switch_down_20260607_083146,h6,jellyfish/bellman_ford/switch_down/run_scenario_jellyfish_bellman_ford_switch_down_20260607_083146/h6.pcap,26:20:32:eb:d6:8a,01:80:c2:00:00:0e,,,,,,60
2026-06-07T08:41:12.709323+00:00,jellyfish,bellman_ford,switch_down,run_scenario_jellyfish_bellman_ford_switch_down_20260607_083146,h6,jellyfish/bellman_ford/switch_down/run_scenario_jellyfish_bellman_ford_switch_down_20260607_083146/h6.pcap,26:20:32:eb:d6:8a,01:80:c2:00:00:0e,,,,,,60
2026-06-07T08:41:14.741295+00:00,jellyfish,bellman_ford,switch_down,run_scenario_jellyfish_bellman_ford_switch_down_20260607_083146,h6,jellyfish/bellman_ford/switch_down/run_scenario_jellyfish_bellman_ford_switch_down_20260607_083146/h6.pcap,26:20:32:eb:d6:8a,01:80:c2:00:00:0e,,,,,,60
2026-06-07T08:41:16.775246+00:00,jellyfish,bellman_ford,switch_down,run_scenario_jellyfish_bellman_ford_switch_down_20260607_083146,h6,jellyfish/bellman_ford/switch_down/run_scenario_jellyfish_bellman_ford_switch_down_20260607_083146/h6.pcap,26:20:32:eb:d6:8a,01:80:c2:00:00:0e,,,,,,60
2026-06-07T08:41:18.809313+00:00,jellyfish,bellman_ford,switch_down,run_scenario_jellyfish_bellman_ford_switch_down_20260607_083146,h6,jellyfish/bellman_ford/switch_down/run_scenario_jellyfish_bellman_ford_switch_down_20260607_083146/h6.pcap,26:20:32:eb:d6:8a,01:80:c2:00:00:0e,,,,,,60
2026-06-07T08:41:20.847361+00:00,jellyfish,bellman_ford,switch_down,run_scenario_jellyfish_bellman_ford_switch_down_20260607_083146,h6,jellyfish/bellman_ford/switch_down/run_scenario_jellyfish_bellman_ford_switch_down_20260607_083146/h6.pcap,26:20:32:eb:d6:8a,01:80:c2:00:00:0e,,,,,,60
2026-06-07T08:41:21.638029+00:00,jellyfish,bellman_ford,switch_down,run_scenario_jellyfish_bellman_ford_switch_down_20260607_083146,h6,jellyfish/bellman_ford/switch_down/run_scenario_jellyfish_bellman_ford_switch_down_20260607_083146/h6.pcap,00:00:00:00:08:01,00:00:00:00:06:01,10.0.0.9,10.0.0.7,IP,,,96
2026-06-07T08:41:21.638099+00:00,jellyfish,bellman_ford,switch_down,run_scenario_jellyfish_bellman_ford_switch_down_20260607_083146,h6,jellyfish/bellman_ford/switch_down/run_scenario_jellyfish_bellman_ford_switch_down_20260607_083146/h6.pcap,00:00:00:00:06:01,00:00:00:00:08:01,10.0.0.7,10.0.0.9,IP,,,96
2026-06-07T08:41:22.884183+00:00,jellyfish,bellman_ford,switch_down,run_scenario_jellyfish_bellman_ford_switch_down_20260607_083146,h6,jellyfish/bellman_ford/switch_down/run_scenario_jellyfish_bellman_ford_switch_down_20260607_083146/h6.pcap,26:20:32:eb:d6:8a,01:80:c2:00:00:0e,,,,,,60
2026-06-07T08:41:24.922854+00:00,jellyfish,bellman_ford,switch_down,run_scenario_jellyfish_bellman_ford_switch_down_20260607_083146,h6,jellyfish/bellman_ford/switch_down/run_scenario_jellyfish_bellman_ford_switch_down_20260607_083146/h6.pcap,26:20:32:eb:d6:8a,01:80:c2:00:00:0e,,,,,,60
2026-06-07T08:41:26.956830+00:00,jellyfish,bellman_ford,switch_down,run_scenario_jellyfish_bellman_ford_switch_down_20260607_083146,h6,jellyfish/bellman_ford/switch_down/run_scenario_jellyfish_bellman_ford_switch_down_20260607_083146/h6.pcap,26:20:32:eb:d6:8a,01:80:c2:00:00:0e,,,,,,60
2026-06-07T08:41:28.989433+00:00,jellyfish,bellman_ford,switch_down,run_scenario_jellyfish_bellman_ford_switch_down_20260607_083146,h6,jellyfish/bellman_ford/switch_down/run_scenario_jellyfish_bellman_ford_switch_down_20260607_083146/h6.pcap,26:20:32:eb:d6:8a,01:80:c2:00:00:0e,,,,,,60
2026-06-07T08:41:31.018367+00:00,jellyfish,bellman_ford,switch_down,run_scenario_jellyfish_bellman_ford_switch_down_20260607_083146,h6,jellyfish/bellman_ford/switch_down/run_scenario_jellyfish_bellman_ford_switch_down_20260607_083146/h6.pcap,26:20:32:eb:d6:8a,01:80:c2:00:00:0e,,,,,,60
2026-06-07T08:41:33.048634+00:00,jellyfish,bellman_ford,switch_down,run_scenario_jellyfish_bellman_ford_switch_down_20260607_083146,h6,jellyfish/bellman_ford/switch_down/run_scenario_jellyfish_bellman_ford_switch_down_20260607_083146/h6.pcap,26:20:32:eb:d6:8a,01:80:c2:00:00:0e,,,,,,60
2026-06-07T08:41:35.080910+00:00,jellyfish,bellman_ford,switch_down,run_scenario_jellyfish_bellman_ford_switch_down_20260607_083146,h6,jellyfish/bellman_ford/switch_down/run_scenario_jellyfish_bellman_ford_switch_down_20260607_083146/h6.pcap,26:20:32:eb:d6:8a,01:80:c2:00:00:0e,,,,,,60
2026-06-07T08:41:37.113218+00:00,jellyfish,bellman_ford,switch_down,run_scenario_jellyfish_bellman_ford_switch_down_20260607_083146,h6,jellyfish/bellman_ford/switch_down/run_scenario_jellyfish_bellman_ford_switch_down_20260607_083146/h6.pcap,26:20:32:eb:d6:8a,01:80:c2:00:00:0e,,,,,,60
2026-06-07T08:41:41.874310+00:00,jellyfish,bellman_ford,switch_down,run_scenario_jellyfish_bellman_ford_switch_down_20260607_083146,h6,jellyfish/bellman_ford/switch_down/run_scenario_jellyfish_bellman_ford_switch_down_20260607_083146/h6.pcap,26:20:32:eb:d6:8a,01:80:c2:00:00:0e,,,,,,60
2026-06-07T08:41:43.907645+00:00,jellyfish,bellman_ford,switch_down,run_scenario_jellyfish_bellman_ford_switch_down_20260607_083146,h6,jellyfish/bellman_ford/switch_down/run_scenario_jellyfish_bellman_ford_switch_down_20260607_083146/h6.pcap,26:20:32:eb:d6:8a,01:80:c2:00:00:0e,,,,,,60
2026-06-07T08:41:44.481377+00:00,jellyfish,bellman_ford,switch_down,run_scenario_jellyfish_bellman_ford_switch_down_20260607_083146,h6,jellyfish/bellman_ford/switch_down/run_scenario_jellyfish_bellman_ford_switch_down_20260607_083146/h6.pcap,00:00:00:00:09:01,00:00:00:00:06:01,10.0.0.10,10.0.0.7,IP,,,96
2026-06-07T08:41:44.481422+00:00,jellyfish,bellman_ford,switch_down,run_scenario_jellyfish_bellman_ford_switch_down_20260607_083146,h6,jellyfish/bellman_ford/switch_down/run_scenario_jellyfish_bellman_ford_switch_down_20260607_083146/h6.pcap,00:00:00:00:06:01,00:00:00:00:09:01,10.0.0.7,10.0.0.10,IP,,,96
2026-06-07T08:41:45.942698+00:00,jellyfish,bellman_ford,switch_down,run_scenario_jellyfish_bellman_ford_switch_down_20260607_083146,h6,jellyfish/bellman_ford/switch_down/run_scenario_jellyfish_bellman_ford_switch_down_20260607_083146/h6.pcap,26:20:32:eb:d6:8a,01:80:c2:00:00:0e,,,,,,60
2026-06-07T08:41:47.976320+00:00,jellyfish,bellman_ford,switch_down,run_scenario_jellyfish_bellman_ford_switch_down_20260607_083146,h6,jellyfish/bellman_ford/switch_down/run_scenario_jellyfish_bellman_ford_switch_down_20260607_083146/h6.pcap,26:20:32:eb:d6:8a,01:80:c2:00:00:0e,,,,,,60
2026-06-07T08:41:50.009655+00:00,jellyfish,bellman_ford,switch_down,run_scenario_jellyfish_bellman_ford_switch_down_20260607_083146,h6,jellyfish/bellman_ford/switch_down/run_scenario_jellyfish_bellman_ford_switch_down_20260607_083146/h6.pcap,26:20:32:eb:d6:8a,01:80:c2:00:00:0e,,,,,,60
2026-06-07T08:41:52.044196+00:00,jellyfish,bellman_ford,switch_down,run_scenario_jellyfish_bellman_ford_switch_down_20260607_083146,h6,jellyfish/bellman_ford/switch_down/run_scenario_jellyfish_bellman_ford_switch_down_20260607_083146/h6.pcap,26:20:32:eb:d6:8a,01:80:c2:00:00:0e,,,,,,60
2026-06-07T08:41:54.073293+00:00,jellyfish,bellman_ford,switch_down,run_scenario_jellyfish_bellman_ford_switch_down_20260607_083146,h6,jellyfish/bellman_ford/switch_down/run_scenario_jellyfish_bellman_ford_switch_down_20260607_083146/h6.pcap,26:20:32:eb:d6:8a,01:80:c2:00:00:0e,,,,,,60
2026-06-07T08:41:56.106797+00:00,jellyfish,bellman_ford,switch_down,run_scenario_jellyfish_bellman_ford_switch_down_20260607_083146,h6,jellyfish/bellman_ford/switch_down/run_scenario_jellyfish_bellman_ford_switch_down_20260607_083146/h6.pcap,26:20:32:eb:d6:8a,01:80:c2:00:00:0e,,,,,,60
2026-06-07T08:41:58.138203+00:00,jellyfish,bellman_ford,switch_down,run_scenario_jellyfish_bellman_ford_switch_down_20260607_083146,h6,jellyfish/bellman_ford/switch_down/run_scenario_jellyfish_bellman_ford_switch_down_20260607_083146/h6.pcap,26:20:32:eb:d6:8a,01:80:c2:00:00:0e,,,,,,60
2026-06-07T08:42:00.175376+00:00,jellyfish,bellman_ford,switch_down,run_scenario_jellyfish_bellman_ford_switch_down_20260607_083146,h6,jellyfish/bellman_ford/switch_down/run_scenario_jellyfish_bellman_ford_switch_down_20260607_083146/h6.pcap,26:20:32:eb:d6:8a,01:80:c2:00:00:0e,,,,,,60
2026-06-07T08:42:02.209056+00:00,jellyfish,bellman_ford,switch_down,run_scenario_jellyfish_bellman_ford_switch_down_20260607_083146,h6,jellyfish/bellman_ford/switch_down/run_scenario_jellyfish_bellman_ford_switch_down_20260607_083146/h6.pcap,26:20:32:eb:d6:8a,01:80:c2:00:00:0e,,,,,,60
2026-06-07T08:42:04.246753+00:00,jellyfish,bellman_ford,switch_down,run_scenario_jellyfish_bellman_ford_switch_down_20260607_083146,h6,jellyfish/bellman_ford/switch_down/run_scenario_jellyfish_bellman_ford_switch_down_20260607_083146/h6.pcap,26:20:32:eb:d6:8a,01:80:c2:00:00:0e,,,,,,60
2026-06-07T08:42:06.292650+00:00,jellyfish,bellman_ford,switch_down,run_scenario_jellyfish_bellman_ford_switch_down_20260607_083146,h6,jellyfish/bellman_ford/switch_down/run_scenario_jellyfish_bellman_ford_switch_down_20260607_083146/h6.pcap,26:20:32:eb:d6:8a,01:80:c2:00:00:0e,,,,,,60
2026-06-07T08:42:08.347679+00:00,jellyfish,bellman_ford,switch_down,run_scenario_jellyfish_bellman_ford_switch_down_20260607_083146,h6,jellyfish/bellman_ford/switch_down/run_scenario_jellyfish_bellman_ford_switch_down_20260607_083146/h6.pcap,26:20:32:eb:d6:8a,01:80:c2:00:00:0e,,,,,,60
2026-06-07T08:42:09.644801+00:00,jellyfish,bellman_ford,switch_down,run_scenario_jellyfish_bellman_ford_switch_down_20260607_083146,h6,jellyfish/bellman_ford/switch_down/run_scenario_jellyfish_bellman_ford_switch_down_20260607_083146/h6.pcap,26:20:32:eb:d6:8a,01:80:c2:00:00:0e,,,,,,60
2026-06-07T08:42:15.146306+00:00,jellyfish,bellman_ford,switch_down,run_scenario_jellyfish_bellman_ford_switch_down_20260607_083146,h6,jellyfish/bellman_ford/switch_down/run_scenario_jellyfish_bellman_ford_switch_down_20260607_083146/h6.pcap,26:20:32:eb:d6:8a,01:80:c2:00:00:0e,,,,,,60
2026-06-07T08:42:17.180775+00:00,jellyfish,bellman_ford,switch_down,run_scenario_jellyfish_bellman_ford_switch_down_20260607_083146,h6,jellyfish/bellman_ford/switch_down/run_scenario_jellyfish_bellman_ford_switch_down_20260607_083146/h6.pcap,26:20:32:eb:d6:8a,01:80:c2:00:00:0e,,,,,,60
2026-06-07T08:42:19.214852+00:00,jellyfish,bellman_ford,switch_down,run_scenario_jellyfish_bellman_ford_switch_down_20260607_083146,h6,jellyfish/bellman_ford/switch_down/run_scenario_jellyfish_bellman_ford_switch_down_20260607_083146/h6.pcap,26:20:32:eb:d6:8a,01:80:c2:00:00:0e,,,,,,60
2026-06-07T08:42:21.250938+00:00,jellyfish,bellman_ford,switch_down,run_scenario_jellyfish_bellman_ford_switch_down_20260607_083146,h6,jellyfish/bellman_ford/switch_down/run_scenario_jellyfish_bellman_ford_switch_down_20260607_083146/h6.pcap,26:20:32:eb:d6:8a,01:80:c2:00:00:0e,,,,,,60
2026-06-07T08:42:23.289448+00:00,jellyfish,bellman_ford,switch_down,run_scenario_jellyfish_bellman_ford_switch_down_20260607_083146,h6,jellyfish/bellman_ford/switch_down/run_scenario_jellyfish_bellman_ford_switch_down_20260607_083146/h6.pcap,26:20:32:eb:d6:8a,01:80:c2:00:00:0e,,,,,,60
2026-06-07T08:42:25.328512+00:00,jellyfish,bellman_ford,switch_down,run_scenario_jellyfish_bellman_ford_switch_down_20260607_083146,h6,jellyfish/bellman_ford/switch_down/run_scenario_jellyfish_bellman_ford_switch_down_20260607_083146/h6.pcap,26:20:32:eb:d6:8a,01:80:c2:00:00:0e,,,,,,60
2026-06-07T08:42:27.367548+00:00,jellyfish,bellman_ford,switch_down,run_scenario_jellyfish_bellman_ford_switch_down_20260607_083146,h6,jellyfish/bellman_ford/switch_down/run_scenario_jellyfish_bellman_ford_switch_down_20260607_083146/h6.pcap,26:20:32:eb:d6:8a,01:80:c2:00:00:0e,,,,,,60
2026-06-07T08:42:29.403436+00:00,jellyfish,bellman_ford,switch_down,run_scenario_jellyfish_bellman_ford_switch_down_20260607_083146,h6,jellyfish/bellman_ford/switch_down/run_scenario_jellyfish_bellman_ford_switch_down_20260607_083146/h6.pcap,26:20:32:eb:d6:8a,01:80:c2:00:00:0e,,,,,,60
2026-06-07T08:42:31.442855+00:00,jellyfish,bellman_ford,switch_down,run_scenario_jellyfish_bellman_ford_switch_down_20260607_083146,h6,jellyfish/bellman_ford/switch_down/run_scenario_jellyfish_bellman_ford_switch_down_20260607_083146/h6.pcap,26:20:32:eb:d6:8a,01:80:c2:00:00:0e,,,,,,60
2026-06-07T08:42:33.484222+00:00,jellyfish,bellman_ford,switch_down,run_scenario_jellyfish_bellman_ford_switch_down_20260607_083146,h6,jellyfish/bellman_ford/switch_down/run_scenario_jellyfish_bellman_ford_switch_down_20260607_083146/h6.pcap,26:20:32:eb:d6:8a,01:80:c2:00:00:0e,,,,,,60
2026-06-07T08:42:35.519193+00:00,jellyfish,bellman_ford,switch_down,run_scenario_jellyfish_bellman_ford_switch_down_20260607_083146,h6,jellyfish/bellman_ford/switch_down/run_scenario_jellyfish_bellman_ford_switch_down_20260607_083146/h6.pcap,26:20:32:eb:d6:8a,01:80:c2:00:00:0e,,,,,,60
2026-06-07T08:42:37.550326+00:00,jellyfish,bellman_ford,switch_down,run_scenario_jellyfish_bellman_ford_switch_down_20260607_083146,h6,jellyfish/bellman_ford/switch_down/run_scenario_jellyfish_bellman_ford_switch_down_20260607_083146/h6.pcap,26:20:32:eb:d6:8a,01:80:c2:00:00:0e,,,,,,60
2026-06-07T08:42:39.581754+00:00,jellyfish,bellman_ford,switch_down,run_scenario_jellyfish_bellman_ford_switch_down_20260607_083146,h6,jellyfish/bellman_ford/switch_down/run_scenario_jellyfish_bellman_ford_switch_down_20260607_083146/h6.pcap,26:20:32:eb:d6:8a,01:80:c2:00:00:0e,,,,,,60
2026-06-07T08:42:41.615663+00:00,jellyfish,bellman_ford,switch_down,run_scenario_jellyfish_bellman_ford_switch_down_20260607_083146,h6,jellyfish/bellman_ford/switch_down/run_scenario_jellyfish_bellman_ford_switch_down_20260607_083146/h6.pcap,26:20:32:eb:d6:8a,01:80:c2:00:00:0e,,,,,,60
2026-06-07T08:42:46.375341+00:00,jellyfish,bellman_ford,switch_down,run_scenario_jellyfish_bellman_ford_switch_down_20260607_083146,h6,jellyfish/bellman_ford/switch_down/run_scenario_jellyfish_bellman_ford_switch_down_20260607_083146/h6.pcap,26:20:32:eb:d6:8a,01:80:c2:00:00:0e,,,,,,60
2026-06-07T08:42:48.408822+00:00,jellyfish,bellman_ford,switch_down,run_scenario_jellyfish_bellman_ford_switch_down_20260607_083146,h6,jellyfish/bellman_ford/switch_down/run_scenario_jellyfish_bellman_ford_switch_down_20260607_083146/h6.pcap,26:20:32:eb:d6:8a,01:80:c2:00:00:0e,,,,,,60
2026-06-07T08:42:50.437031+00:00,jellyfish,bellman_ford,switch_down,run_scenario_jellyfish_bellman_ford_switch_down_20260607_083146,h6,jellyfish/bellman_ford/switch_down/run_scenario_jellyfish_bellman_ford_switch_down_20260607_083146/h6.pcap,26:20:32:eb:d6:8a,01:80:c2:00:00:0e,,,,,,60
2026-06-07T08:42:52.472811+00:00,jellyfish,bellman_ford,switch_down,run_scenario_jellyfish_bellman_ford_switch_down_20260607_083146,h6,jellyfish/bellman_ford/switch_down/run_scenario_jellyfish_bellman_ford_switch_down_20260607_083146/h6.pcap,26:20:32:eb:d6:8a,01:80:c2:00:00:0e,,,,,,60
2026-06-07T08:42:54.509014+00:00,jellyfish,bellman_ford,switch_down,run_scenario_jellyfish_bellman_ford_switch_down_20260607_083146,h6,jellyfish/bellman_ford/switch_down/run_scenario_jellyfish_bellman_ford_switch_down_20260607_083146/h6.pcap,26:20:32:eb:d6:8a,01:80:c2:00:00:0e,,,,,,60
2026-06-07T08:42:56.545102+00:00,jellyfish,bellman_ford,switch_down,run_scenario_jellyfish_bellman_ford_switch_down_20260607_083146,h6,jellyfish/bellman_ford/switch_down/run_scenario_jellyfish_bellman_ford_switch_down_20260607_083146/h6.pcap,26:20:32:eb:d6:8a,01:80:c2:00:00:0e,,,,,,60
2026-06-07T08:42:58.578588+00:00,jellyfish,bellman_ford,switch_down,run_scenario_jellyfish_bellman_ford_switch_down_20260607_083146,h6,jellyfish/bellman_ford/switch_down/run_scenario_jellyfish_bellman_ford_switch_down_20260607_083146/h6.pcap,26:20:32:eb:d6:8a,01:80:c2:00:00:0e,,,,,,60
2026-06-07T08:43:00.613143+00:00,jellyfish,bellman_ford,switch_down,run_scenario_jellyfish_bellman_ford_switch_down_20260607_083146,h6,jellyfish/bellman_ford/switch_down/run_scenario_jellyfish_bellman_ford_switch_down_20260607_083146/h6.pcap,26:20:32:eb:d6:8a,01:80:c2:00:00:0e,,,,,,60
2026-06-07T08:43:02.645872+00:00,jellyfish,bellman_ford,switch_down,run_scenario_jellyfish_bellman_ford_switch_down_20260607_083146,h6,jellyfish/bellman_ford/switch_down/run_scenario_jellyfish_bellman_ford_switch_down_20260607_083146/h6.pcap,26:20:32:eb:d6:8a,01:80:c2:00:00:0e,,,,,,60
2026-06-07T08:43:04.675941+00:00,jellyfish,bellman_ford,switch_down,run_scenario_jellyfish_bellman_ford_switch_down_20260607_083146,h6,jellyfish/bellman_ford/switch_down/run_scenario_jellyfish_bellman_ford_switch_down_20260607_083146/h6.pcap,26:20:32:eb:d6:8a,01:80:c2:00:00:0e,,,,,,60
2026-06-07T08:43:06.708736+00:00,jellyfish,bellman_ford,switch_down,run_scenario_jellyfish_bellman_ford_switch_down_20260607_083146,h6,jellyfish/bellman_ford/switch_down/run_scenario_jellyfish_bellman_ford_switch_down_20260607_083146/h6.pcap,26:20:32:eb:d6:8a,01:80:c2:00:00:0e,,,,,,60
2026-06-07T08:43:08.741427+00:00,jellyfish,bellman_ford,switch_down,run_scenario_jellyfish_bellman_ford_switch_down_20260607_083146,h6,jellyfish/bellman_ford/switch_down/run_scenario_jellyfish_bellman_ford_switch_down_20260607_083146/h6.pcap,26:20:32:eb:d6:8a,01:80:c2:00:00:0e,,,,,,60
2026-06-07T08:43:10.774727+00:00,jellyfish,bellman_ford,switch_down,run_scenario_jellyfish_bellman_ford_switch_down_20260607_083146,h6,jellyfish/bellman_ford/switch_down/run_scenario_jellyfish_bellman_ford_switch_down_20260607_083146/h6.pcap,26:20:32:eb:d6:8a,01:80:c2:00:00:0e,,,,,,60
2026-06-07T08:43:12.808963+00:00,jellyfish,bellman_ford,switch_down,run_scenario_jellyfish_bellman_ford_switch_down_20260607_083146,h6,jellyfish/bellman_ford/switch_down/run_scenario_jellyfish_bellman_ford_switch_down_20260607_083146/h6.pcap,26:20:32:eb:d6:8a,01:80:c2:00:00:0e,,,,,,60
2026-06-07T08:43:14.840506+00:00,jellyfish,bellman_ford,switch_down,run_scenario_jellyfish_bellman_ford_switch_down_20260607_083146,h6,jellyfish/bellman_ford/switch_down/run_scenario_jellyfish_bellman_ford_switch_down_20260607_083146/h6.pcap,26:20:32:eb:d6:8a,01:80:c2:00:00:0e,,,,,,60
2026-06-07T08:43:19.601233+00:00,jellyfish,bellman_ford,switch_down,run_scenario_jellyfish_bellman_ford_switch_down_20260607_083146,h6,jellyfish/bellman_ford/switch_down/run_scenario_jellyfish_bellman_ford_switch_down_20260607_083146/h6.pcap,26:20:32:eb:d6:8a,01:80:c2:00:00:0e,,,,,,60
2026-06-07T08:43:21.633102+00:00,jellyfish,bellman_ford,switch_down,run_scenario_jellyfish_bellman_ford_switch_down_20260607_083146,h6,jellyfish/bellman_ford/switch_down/run_scenario_jellyfish_bellman_ford_switch_down_20260607_083146/h6.pcap,26:20:32:eb:d6:8a,01:80:c2:00:00:0e,,,,,,60
2026-06-07T08:43:23.663152+00:00,jellyfish,bellman_ford,switch_down,run_scenario_jellyfish_bellman_ford_switch_down_20260607_083146,h6,jellyfish/bellman_ford/switch_down/run_scenario_jellyfish_bellman_ford_switch_down_20260607_083146/h6.pcap,26:20:32:eb:d6:8a,01:80:c2:00:00:0e,,,,,,60
2026-06-07T08:43:25.698547+00:00,jellyfish,bellman_ford,switch_down,run_scenario_jellyfish_bellman_ford_switch_down_20260607_083146,h6,jellyfish/bellman_ford/switch_down/run_scenario_jellyfish_bellman_ford_switch_down_20260607_083146/h6.pcap,26:20:32:eb:d6:8a,01:80:c2:00:00:0e,,,,,,60
2026-06-07T08:43:27.737744+00:00,jellyfish,bellman_ford,switch_down,run_scenario_jellyfish_bellman_ford_switch_down_20260607_083146,h6,jellyfish/bellman_ford/switch_down/run_scenario_jellyfish_bellman_ford_switch_down_20260607_083146/h6.pcap,26:20:32:eb:d6:8a,01:80:c2:00:00:0e,,,,,,60
2026-06-07T08:43:29.771399+00:00,jellyfish,bellman_ford,switch_down,run_scenario_jellyfish_bellman_ford_switch_down_20260607_083146,h6,jellyfish/bellman_ford/switch_down/run_scenario_jellyfish_bellman_ford_switch_down_20260607_083146/h6.pcap,26:20:32:eb:d6:8a,01:80:c2:00:00:0e,,,,,,60
2026-06-07T08:43:31.802775+00:00,jellyfish,bellman_ford,switch_down,run_scenario_jellyfish_bellman_ford_switch_down_20260607_083146,h6,jellyfish/bellman_ford/switch_down/run_scenario_jellyfish_bellman_ford_switch_down_20260607_083146/h6.pcap,26:20:32:eb:d6:8a,01:80:c2:00:00:0e,,,,,,60
2026-06-07T08:43:33.831858+00:00,jellyfish,bellman_ford,switch_down,run_scenario_jellyfish_bellman_ford_switch_down_20260607_083146,h6,jellyfish/bellman_ford/switch_down/run_scenario_jellyfish_bellman_ford_switch_down_20260607_083146/h6.pcap,26:20:32:eb:d6:8a,01:80:c2:00:00:0e,,,,,,60
2026-06-07T08:43:35.863951+00:00,jellyfish,bellman_ford,switch_down,run_scenario_jellyfish_bellman_ford_switch_down_20260607_083146,h6,jellyfish/bellman_ford/switch_down/run_scenario_jellyfish_bellman_ford_switch_down_20260607_083146/h6.pcap,26:20:32:eb:d6:8a,01:80:c2:00:00:0e,,,,,,60
2026-06-07T08:43:37.893951+00:00,jellyfish,bellman_ford,switch_down,run_scenario_jellyfish_bellman_ford_switch_down_20260607_083146,h6,jellyfish/bellman_ford/switch_down/run_scenario_jellyfish_bellman_ford_switch_down_20260607_083146/h6.pcap,26:20:32:eb:d6:8a,01:80:c2:00:00:0e,,,,,,60
2026-06-07T08:43:39.926908+00:00,jellyfish,bellman_ford,switch_down,run_scenario_jellyfish_bellman_ford_switch_down_20260607_083146,h6,jellyfish/bellman_ford/switch_down/run_scenario_jellyfish_bellman_ford_switch_down_20260607_083146/h6.pcap,26:20:32:eb:d6:8a,01:80:c2:00:00:0e,,,,,,60
2026-06-07T08:43:41.962421+00:00,jellyfish,bellman_ford,switch_down,run_scenario_jellyfish_bellman_ford_switch_down_20260607_083146,h6,jellyfish/bellman_ford/switch_down/run_scenario_jellyfish_bellman_ford_switch_down_20260607_083146/h6.pcap,26:20:32:eb:d6:8a,01:80:c2:00:00:0e,,,,,,60
2026-06-07T08:43:43.999696+00:00,jellyfish,bellman_ford,switch_down,run_scenario_jellyfish_bellman_ford_switch_down_20260607_083146,h6,jellyfish/bellman_ford/switch_down/run_scenario_jellyfish_bellman_ford_switch_down_20260607_083146/h6.pcap,26:20:32:eb:d6:8a,01:80:c2:00:00:0e,,,,,,60
2026-06-07T08:43:46.033271+00:00,jellyfish,bellman_ford,switch_down,run_scenario_jellyfish_bellman_ford_switch_down_20260607_083146,h6,jellyfish/bellman_ford/switch_down/run_scenario_jellyfish_bellman_ford_switch_down_20260607_083146/h6.pcap,26:20:32:eb:d6:8a,01:80:c2:00:00:0e,,,,,,60
2026-06-07T08:43:48.070398+00:00,jellyfish,bellman_ford,switch_down,run_scenario_jellyfish_bellman_ford_switch_down_20260607_083146,h6,jellyfish/bellman_ford/switch_down/run_scenario_jellyfish_bellman_ford_switch_down_20260607_083146/h6.pcap,26:20:32:eb:d6:8a,01:80:c2:00:00:0e,,,,,,60
2026-06-07T08:43:52.829141+00:00,jellyfish,bellman_ford,switch_down,run_scenario_jellyfish_bellman_ford_switch_down_20260607_083146,h6,jellyfish/bellman_ford/switch_down/run_scenario_jellyfish_bellman_ford_switch_down_20260607_083146/h6.pcap,26:20:32:eb:d6:8a,01:80:c2:00:00:0e,,,,,,60
2026-06-07T08:43:54.860336+00:00,jellyfish,bellman_ford,switch_down,run_scenario_jellyfish_bellman_ford_switch_down_20260607_083146,h6,jellyfish/bellman_ford/switch_down/run_scenario_jellyfish_bellman_ford_switch_down_20260607_083146/h6.pcap,26:20:32:eb:d6:8a,01:80:c2:00:00:0e,,,,,,60
2026-06-07T08:43:56.888139+00:00,jellyfish,bellman_ford,switch_down,run_scenario_jellyfish_bellman_ford_switch_down_20260607_083146,h6,jellyfish/bellman_ford/switch_down/run_scenario_jellyfish_bellman_ford_switch_down_20260607_083146/h6.pcap,26:20:32:eb:d6:8a,01:80:c2:00:00:0e,,,,,,60
2026-06-07T08:43:58.923303+00:00,jellyfish,bellman_ford,switch_down,run_scenario_jellyfish_bellman_ford_switch_down_20260607_083146,h6,jellyfish/bellman_ford/switch_down/run_scenario_jellyfish_bellman_ford_switch_down_20260607_083146/h6.pcap,26:20:32:eb:d6:8a,01:80:c2:00:00:0e,,,,,,60
2026-06-07T08:44:00.955975+00:00,jellyfish,bellman_ford,switch_down,run_scenario_jellyfish_bellman_ford_switch_down_20260607_083146,h6,jellyfish/bellman_ford/switch_down/run_scenario_jellyfish_bellman_ford_switch_down_20260607_083146/h6.pcap,26:20:32:eb:d6:8a,01:80:c2:00:00:0e,,,,,,60
2026-06-07T08:44:02.989597+00:00,jellyfish,bellman_ford,switch_down,run_scenario_jellyfish_bellman_ford_switch_down_20260607_083146,h6,jellyfish/bellman_ford/switch_down/run_scenario_jellyfish_bellman_ford_switch_down_20260607_083146/h6.pcap,26:20:32:eb:d6:8a,01:80:c2:00:00:0e,,,,,,60
2026-06-07T08:44:05.025566+00:00,jellyfish,bellman_ford,switch_down,run_scenario_jellyfish_bellman_ford_switch_down_20260607_083146,h6,jellyfish/bellman_ford/switch_down/run_scenario_jellyfish_bellman_ford_switch_down_20260607_083146/h6.pcap,26:20:32:eb:d6:8a,01:80:c2:00:00:0e,,,,,,60
2026-06-07T08:44:07.065033+00:00,jellyfish,bellman_ford,switch_down,run_scenario_jellyfish_bellman_ford_switch_down_20260607_083146,h6,jellyfish/bellman_ford/switch_down/run_scenario_jellyfish_bellman_ford_switch_down_20260607_083146/h6.pcap,26:20:32:eb:d6:8a,01:80:c2:00:00:0e,,,,,,60
2026-06-07T08:44:09.103821+00:00,jellyfish,bellman_ford,switch_down,run_scenario_jellyfish_bellman_ford_switch_down_20260607_083146,h6,jellyfish/bellman_ford/switch_down/run_scenario_jellyfish_bellman_ford_switch_down_20260607_083146/h6.pcap,26:20:32:eb:d6:8a,01:80:c2:00:00:0e,,,,,,60
2026-06-07T08:44:11.139406+00:00,jellyfish,bellman_ford,switch_down,run_scenario_jellyfish_bellman_ford_switch_down_20260607_083146,h6,jellyfish/bellman_ford/switch_down/run_scenario_jellyfish_bellman_ford_switch_down_20260607_083146/h6.pcap,26:20:32:eb:d6:8a,01:80:c2:00:00:0e,,,,,,60
2026-06-07T08:44:13.175721+00:00,jellyfish,bellman_ford,switch_down,run_scenario_jellyfish_bellman_ford_switch_down_20260607_083146,h6,jellyfish/bellman_ford/switch_down/run_scenario_jellyfish_bellman_ford_switch_down_20260607_083146/h6.pcap,26:20:32:eb:d6:8a,01:80:c2:00:00:0e,,,,,,60
2026-06-07T08:44:15.206139+00:00,jellyfish,bellman_ford,switch_down,run_scenario_jellyfish_bellman_ford_switch_down_20260607_083146,h6,jellyfish/bellman_ford/switch_down/run_scenario_jellyfish_bellman_ford_switch_down_20260607_083146/h6.pcap,26:20:32:eb:d6:8a,01:80:c2:00:00:0e,,,,,,60
