timestamp,topology,algorithm,scenario,run_id,host,pcap_file,src_mac,dst_mac,src_ip,dst_ip,proto,src_port,dst_port,length
2026-06-07T08:46:49.114493+00:00,jellyfish,widest_path,switch_down,run_scenario_jellyfish_widest_path_switch_down_20260607_084642,h0,jellyfish/widest_path/switch_down/run_scenario_jellyfish_widest_path_switch_down_20260607_084642/h0.pcap,a2:a0:27:20:9b:e0,01:80:c2:00:00:0e,,,,,,60
2026-06-07T08:46:51.148916+00:00,jellyfish,widest_path,switch_down,run_scenario_jellyfish_widest_path_switch_down_20260607_084642,h0,jellyfish/widest_path/switch_down/run_scenario_jellyfish_widest_path_switch_down_20260607_084642/h0.pcap,a2:a0:27:20:9b:e0,01:80:c2:00:00:0e,,,,,,60
2026-06-07T08:46:53.185936+00:00,jellyfish,widest_path,switch_down,run_scenario_jellyfish_widest_path_switch_down_20260607_084642,h0,jellyfish/widest_path/switch_down/run_scenario_jellyfish_widest_path_switch_down_20260607_084642/h0.pcap,a2:a0:27:20:9b:e0,01:80:c2:00:00:0e,,,,,,60
2026-06-07T08:46:55.225630+00:00,jellyfish,widest_path,switch_down,run_scenario_jellyfish_widest_path_switch_down_20260607_084642,h0,jellyfish/widest_path/switch_down/run_scenario_jellyfish_widest_path_switch_down_20260607_084642/h0.pcap,a2:a0:27:20:9b:e0,01:80:c2:00:00:0e,,,,,,60
2026-06-07T08:46:57.261152+00:00,jellyfish,widest_path,switch_down,run_scenario_jellyfish_widest_path_switch_down_20260607_084642,h0,jellyfish/widest_path/switch_down/run_scenario_jellyfish_widest_path_switch_down_20260607_084642/h0.pcap,a2:a0:27:20:9b:e0,01:80:c2:00:00:0e,,,,,,60
2026-06-07T08:46:57.692331+00:00,jellyfish,widest_path,switch_down,run_scenario_jellyfish_widest_path_switch_down_20260607_084642,h0,jellyfish/widest_path/switch_down/run_scenario_jellyfish_widest_path_switch_down_20260607_084642/h0.pcap,00:00:00:00:00:01,00:00:00:00:02:01,10.0.0.1,10.0.0.3,IP,,,96
2026-06-07T08:46:59.295756+00:00,jellyfish,widest_path,switch_down,run_scenario_jellyfish_widest_path_switch_down_20260607_084642,h0,jellyfish/widest_path/switch_down/run_scenario_jellyfish_widest_path_switch_down_20260607_084642/h0.pcap,a2:a0:27:20:9b:e0,01:80:c2:00:00:0e,,,,,,60
2026-06-07T08:47:01.334452+00:00,jellyfish,widest_path,switch_down,run_scenario_jellyfish_widest_path_switch_down_20260607_084642,h0,jellyfish/widest_path/switch_down/run_scenario_jellyfish_widest_path_switch_down_20260607_084642/h0.pcap,a2:a0:27:20:9b:e0,01:80:c2:00:00:0e,,,,,,60
2026-06-07T08:47:03.371438+00:00,jellyfish,widest_path,switch_down,run_scenario_jellyfish_widest_path_switch_down_20260607_084642,h0,jellyfish/widest_path/switch_down/run_scenario_jellyfish_widest_path_switch_down_20260607_084642/h0.pcap,a2:a0:27:20:9b:e0,01:80:c2:00:00:0e,,,,,,60
2026-06-07T08:47:08.134193+00:00,jellyfish,widest_path,switch_down,run_scenario_jellyfish_widest_path_switch_down_20260607_084642,h0,jellyfish/widest_path/switch_down/run_scenario_jellyfish_widest_path_switch_down_20260607_084642/h0.pcap,a2:a0:27:20:9b:e0,01:80:c2:00:00:0e,,,,,,60
2026-06-07T08:47:10.165859+00:00,jellyfish,widest_path,switch_down,run_scenario_jellyfish_widest_path_switch_down_20260607_084642,h0,jellyfish/widest_path/switch_down/run_scenario_jellyfish_widest_path_switch_down_20260607_084642/h0.pcap,a2:a0:27:20:9b:e0,01:80:c2:00:00:0e,,,,,,60
2026-06-07T08:47:10.423510+00:00,jellyfish,widest_path,switch_down,run_scenario_jellyfish_widest_path_switch_down_20260607_084642,h0,jellyfish/widest_path/switch_down/run_scenario_jellyfish_widest_path_switch_down_20260607_084642/h0.pcap,00:00:00:00:00:01,00:00:00:00:03:01,10.0.0.1,10.0.0.4,IP,,,96
2026-06-07T08:47:12.203256+00:00,jellyfish,widest_path,switch_down,run_scenario_jellyfish_widest_path_switch_down_20260607_084642,h0,jellyfish/widest_path/switch_down/run_scenario_jellyfish_widest_path_switch_down_20260607_084642/h0.pcap,a2:a0:27:20:9b:e0,01:80:c2:00:00:0e,,,,,,60
2026-06-07T08:47:14.243651+00:00,jellyfish,widest_path,switch_down,run_scenario_jellyfish_widest_path_switch_down_20260607_084642,h0,jellyfish/widest_path/switch_down/run_scenario_jellyfish_widest_path_switch_down_20260607_084642/h0.pcap,a2:a0:27:20:9b:e0,01:80:c2:00:00:0e,,,,,,60
2026-06-07T08:47:16.281561+00:00,jellyfish,widest_path,switch_down,run_scenario_jellyfish_widest_path_switch_down_20260607_084642,h0,jellyfish/widest_path/switch_down/run_scenario_jellyfish_widest_path_switch_down_20260607_084642/h0.pcap,a2:a0:27:20:9b:e0,01:80:c2:00:00:0e,,,,,,60
2026-06-07T08:47:18.321752+00:00,jellyfish,widest_path,switch_down,run_scenario_jellyfish_widest_path_switch_down_20260607_084642,h0,jellyfish/widest_path/switch_down/run_scenario_jellyfish_widest_path_switch_down_20260607_084642/h0.pcap,a2:a0:27:20:9b:e0,01:80:c2:00:00:0e,,,,,,60
2026-06-07T08:47:20.353807+00:00,jellyfish,widest_path,switch_down,run_scenario_jellyfish_widest_path_switch_down_20260607_084642,h0,jellyfish/widest_path/switch_down/run_scenario_jellyfish_widest_path_switch_down_20260607_084642/h0.pcap,a2:a0:27:20:9b:e0,01:80:c2:00:00:0e,,,,,,60
2026-06-07T08:47:20.427454+00:00,jellyfish,widest_path,switch_down,run_scenario_jellyfish_widest_path_switch_down_20260607_084642,h0,jellyfish/widest_path/switch_down/run_scenario_jellyfish_widest_path_switch_down_20260607_084642/h0.pcap,00:00:00:00:00:01,00:00:00:00:04:01,10.0.0.1,10.0.0.5,IP,,,96
2026-06-07T08:47:22.388787+00:00,jellyfish,widest_path,switch_down,run_scenario_jellyfish_widest_path_switch_down_20260607_084642,h0,jellyfish/widest_path/switch_down/run_scenario_jellyfish_widest_path_switch_down_20260607_084642/h0.pcap,a2:a0:27:20:9b:e0,01:80:c2:00:00:0e,,,,,,60
2026-06-07T08:47:24.423266+00:00,jellyfish,widest_path,switch_down,run_scenario_jellyfish_widest_path_switch_down_20260607_084642,h0,jellyfish/widest_path/switch_down/run_scenario_jellyfish_widest_path_switch_down_20260607_084642/h0.pcap,a2:a0:27:20:9b:e0,01:80:c2:00:00:0e,,,,,,60
2026-06-07T08:47:26.457078+00:00,jellyfish,widest_path,switch_down,run_scenario_jellyfish_widest_path_switch_down_20260607_084642,h0,jellyfish/widest_path/switch_down/run_scenario_jellyfish_widest_path_switch_down_20260607_084642/h0.pcap,a2:a0:27:20:9b:e0,01:80:c2:00:00:0e,,,,,,60
2026-06-07T08:47:28.492615+00:00,jellyfish,widest_path,switch_down,run_scenario_jellyfish_widest_path_switch_down_20260607_084642,h0,jellyfish/widest_path/switch_down/run_scenario_jellyfish_widest_path_switch_down_20260607_084642/h0.pcap,a2:a0:27:20:9b:e0,01:80:c2:00:00:0e,,,,,,60
2026-06-07T08:47:30.432886+00:00,jellyfish,widest_path,switch_down,run_scenario_jellyfish_widest_path_switch_down_20260607_084642,h0,jellyfish/widest_path/switch_down/run_scenario_jellyfish_widest_path_switch_down_20260607_084642/h0.pcap,00:00:00:00:00:01,00:00:00:00:05:01,10.0.0.1,10.0.0.6,IP,,,96
2026-06-07T08:47:30.531723+00:00,jellyfish,widest_path,switch_down,run_scenario_jellyfish_widest_path_switch_down_20260607_084642,h0,jellyfish/widest_path/switch_down/run_scenario_jellyfish_widest_path_switch_down_20260607_084642/h0.pcap,a2:a0:27:20:9b:e0,01:80:c2:00:00:0e,,,,,,60
2026-06-07T08:47:32.570013+00:00,jellyfish,widest_path,switch_down,run_scenario_jellyfish_widest_path_switch_down_20260607_084642,h0,jellyfish/widest_path/switch_down/run_scenario_jellyfish_widest_path_switch_down_20260607_084642/h0.pcap,a2:a0:27:20:9b:e0,01:80:c2:00:00:0e,,,,,,60
2026-06-07T08:47:34.608809+00:00,jellyfish,widest_path,switch_down,run_scenario_jellyfish_widest_path_switch_down_20260607_084642,h0,jellyfish/widest_path/switch_down/run_scenario_jellyfish_widest_path_switch_down_20260607_084642/h0.pcap,a2:a0:27:20:9b:e0,01:80:c2:00:00:0e,,,,,,60
2026-06-07T08:47:36.646716+00:00,jellyfish,widest_path,switch_down,run_scenario_jellyfish_widest_path_switch_down_20260607_084642,h0,jellyfish/widest_path/switch_down/run_scenario_jellyfish_widest_path_switch_down_20260607_084642/h0.pcap,a2:a0:27:20:9b:e0,01:80:c2:00:00:0e,,,,,,60
2026-06-07T08:47:41.414306+00:00,jellyfish,widest_path,switch_down,run_scenario_jellyfish_widest_path_switch_down_20260607_084642,h0,jellyfish/widest_path/switch_down/run_scenario_jellyfish_widest_path_switch_down_20260607_084642/h0.pcap,a2:a0:27:20:9b:e0,01:80:c2:00:00:0e,,,,,,60
2026-06-07T08:47:43.169970+00:00,jellyfish,widest_path,switch_down,run_scenario_jellyfish_widest_path_switch_down_20260607_084642,h0,jellyfish/widest_path/switch_down/run_scenario_jellyfish_widest_path_switch_down_20260607_084642/h0.pcap,00:00:00:00:00:01,00:00:00:00:06:01,10.0.0.1,10.0.0.7,IP,,,96
2026-06-07T08:47:43.447673+00:00,jellyfish,widest_path,switch_down,run_scenario_jellyfish_widest_path_switch_down_20260607_084642,h0,jellyfish/widest_path/switch_down/run_scenario_jellyfish_widest_path_switch_down_20260607_084642/h0.pcap,a2:a0:27:20:9b:e0,01:80:c2:00:00:0e,,,,,,60
2026-06-07T08:47:45.478732+00:00,jellyfish,widest_path,switch_down,run_scenario_jellyfish_widest_path_switch_down_20260607_084642,h0,jellyfish/widest_path/switch_down/run_scenario_jellyfish_widest_path_switch_down_20260607_084642/h0.pcap,a2:a0:27:20:9b:e0,01:80:c2:00:00:0e,,,,,,60
2026-06-07T08:47:47.515927+00:00,jellyfish,widest_path,switch_down,run_scenario_jellyfish_widest_path_switch_down_20260607_084642,h0,jellyfish/widest_path/switch_down/run_scenario_jellyfish_widest_path_switch_down_20260607_084642/h0.pcap,a2:a0:27:20:9b:e0,01:80:c2:00:00:0e,,,,,,60
2026-06-07T08:47:49.547889+00:00,jellyfish,widest_path,switch_down,run_scenario_jellyfish_widest_path_switch_down_20260607_084642,h0,jellyfish/widest_path/switch_down/run_scenario_jellyfish_widest_path_switch_down_20260607_084642/h0.pcap,a2:a0:27:20:9b:e0,01:80:c2:00:00:0e,,,,,,60
2026-06-07T08:47:51.578942+00:00,jellyfish,widest_path,switch_down,run_scenario_jellyfish_widest_path_switch_down_20260607_084642,h0,jellyfish/widest_path/switch_down/run_scenario_jellyfish_widest_path_switch_down_20260607_084642/h0.pcap,a2:a0:27:20:9b:e0,01:80:c2:00:00:0e,,,,,,60
2026-06-07T08:47:53.176039+00:00,jellyfish,widest_path,switch_down,run_scenario_jellyfish_widest_path_switch_down_20260607_084642,h0,jellyfish/widest_path/switch_down/run_scenario_jellyfish_widest_path_switch_down_20260607_084642/h0.pcap,00:00:00:00:00:01,00:00:00:00:07:01,10.0.0.1,10.0.0.8,IP,,,96
2026-06-07T08:47:53.617000+00:00,jellyfish,widest_path,switch_down,run_scenario_jellyfish_widest_path_switch_down_20260607_084642,h0,jellyfish/widest_path/switch_down/run_scenario_jellyfish_widest_path_switch_down_20260607_084642/h0.pcap,a2:a0:27:20:9b:e0,01:80:c2:00:00:0e,,,,,,60
2026-06-07T08:47:55.653171+00:00,jellyfish,widest_path,switch_down,run_scenario_jellyfish_widest_path_switch_down_20260607_084642,h0,jellyfish/widest_path/switch_down/run_scenario_jellyfish_widest_path_switch_down_20260607_084642/h0.pcap,a2:a0:27:20:9b:e0,01:80:c2:00:00:0e,,,,,,60
2026-06-07T08:47:57.687156+00:00,jellyfish,widest_path,switch_down,run_scenario_jellyfish_widest_path_switch_down_20260607_084642,h0,jellyfish/widest_path/switch_down/run_scenario_jellyfish_widest_path_switch_down_20260607_084642/h0.pcap,a2:a0:27:20:9b:e0,01:80:c2:00:00:0e,,,,,,60
2026-06-07T08:47:59.729834+00:00,jellyfish,widest_path,switch_down,run_scenario_jellyfish_widest_path_switch_down_20260607_084642,h0,jellyfish/widest_path/switch_down/run_scenario_jellyfish_widest_path_switch_down_20260607_084642/h0.pcap,a2:a0:27:20:9b:e0,01:80:c2:00:00:0e,,,,,,60
2026-06-07T08:48:01.765967+00:00,jellyfish,widest_path,switch_down,run_scenario_jellyfish_widest_path_switch_down_20260607_084642,h0,jellyfish/widest_path/switch_down/run_scenario_jellyfish_widest_path_switch_down_20260607_084642/h0.pcap,a2:a0:27:20:9b:e0,01:80:c2:00:00:0e,,,,,,60
2026-06-07T08:48:03.182006+00:00,jellyfish,widest_path,switch_down,run_scenario_jellyfish_widest_path_switch_down_20260607_084642,h0,jellyfish/widest_path/switch_down/run_scenario_jellyfish_widest_path_switch_down_20260607_084642/h0.pcap,00:00:00:00:00:01,00:00:00:00:08:01,10.0.0.1,10.0.0.9,IP,,,96
2026-06-07T08:48:03.802912+00:00,jellyfish,widest_path,switch_down,run_scenario_jellyfish_widest_path_switch_down_20260607_084642,h0,jellyfish/widest_path/switch_down/run_scenario_jellyfish_widest_path_switch_down_20260607_084642/h0.pcap,a2:a0:27:20:9b:e0,01:80:c2:00:00:0e,,,,,,60
2026-06-07T08:48:05.839362+00:00,jellyfish,widest_path,switch_down,run_scenario_jellyfish_widest_path_switch_down_20260607_084642,h0,jellyfish/widest_path/switch_down/run_scenario_jellyfish_widest_path_switch_down_20260607_084642/h0.pcap,a2:a0:27:20:9b:e0,01:80:c2:00:00:0e,,,,,,60
2026-06-07T08:48:07.869914+00:00,jellyfish,widest_path,switch_down,run_scenario_jellyfish_widest_path_switch_down_20260607_084642,h0,jellyfish/widest_path/switch_down/run_scenario_jellyfish_widest_path_switch_down_20260607_084642/h0.pcap,a2:a0:27:20:9b:e0,01:80:c2:00:00:0e,,,,,,60
2026-06-07T08:48:09.900390+00:00,jellyfish,widest_path,switch_down,run_scenario_jellyfish_widest_path_switch_down_20260607_084642,h0,jellyfish/widest_path/switch_down/run_scenario_jellyfish_widest_path_switch_down_20260607_084642/h0.pcap,a2:a0:27:20:9b:e0,01:80:c2:00:00:0e,,,,,,60
2026-06-07T08:48:14.656224+00:00,jellyfish,widest_path,switch_down,run_scenario_jellyfish_widest_path_switch_down_20260607_084642,h0,jellyfish/widest_path/switch_down/run_scenario_jellyfish_widest_path_switch_down_20260607_084642/h0.pcap,a2:a0:27:20:9b:e0,01:80:c2:00:00:0e,,,,,,60
2026-06-07T08:48:15.912908+00:00,jellyfish,widest_path,switch_down,run_scenario_jellyfish_widest_path_switch_down_20260607_084642,h0,jellyfish/widest_path/switch_down/run_scenario_jellyfish_widest_path_switch_down_20260607_084642/h0.pcap,00:00:00:00:00:01,00:00:00:00:09:01,10.0.0.1,10.0.0.10,IP,,,96
2026-06-07T08:48:16.687370+00:00,jellyfish,widest_path,switch_down,run_scenario_jellyfish_widest_path_switch_down_20260607_084642,h0,jellyfish/widest_path/switch_down/run_scenario_jellyfish_widest_path_switch_down_20260607_084642/h0.pcap,a2:a0:27:20:9b:e0,01:80:c2:00:00:0e,,,,,,60
2026-06-07T08:48:18.717429+00:00,jellyfish,widest_path,switch_down,run_scenario_jellyfish_widest_path_switch_down_20260607_084642,h0,jellyfish/widest_path/switch_down/run_scenario_jellyfish_widest_path_switch_down_20260607_084642/h0.pcap,a2:a0:27:20:9b:e0,01:80:c2:00:00:0e,,,,,,60
2026-06-07T08:48:20.752470+00:00,jellyfish,widest_path,switch_down,run_scenario_jellyfish_widest_path_switch_down_20260607_084642,h0,jellyfish/widest_path/switch_down/run_scenario_jellyfish_widest_path_switch_down_20260607_084642/h0.pcap,a2:a0:27:20:9b:e0,01:80:c2:00:00:0e,,,,,,60
2026-06-07T08:48:22.785592+00:00,jellyfish,widest_path,switch_down,run_scenario_jellyfish_widest_path_switch_down_20260607_084642,h0,jellyfish/widest_path/switch_down/run_scenario_jellyfish_widest_path_switch_down_20260607_084642/h0.pcap,a2:a0:27:20:9b:e0,01:80:c2:00:00:0e,,,,,,60
2026-06-07T08:48:24.821541+00:00,jellyfish,widest_path,switch_down,run_scenario_jellyfish_widest_path_switch_down_20260607_084642,h0,jellyfish/widest_path/switch_down/run_scenario_jellyfish_widest_path_switch_down_20260607_084642/h0.pcap,a2:a0:27:20:9b:e0,01:80:c2:00:00:0e,,,,,,60
2026-06-07T08:48:26.861852+00:00,jellyfish,widest_path,switch_down,run_scenario_jellyfish_widest_path_switch_down_20260607_084642,h0,jellyfish/widest_path/switch_down/run_scenario_jellyfish_widest_path_switch_down_20260607_084642/h0.pcap,a2:a0:27:20:9b:e0,01:80:c2:00:00:0e,,,,,,60
2026-06-07T08:48:28.903374+00:00,jellyfish,widest_path,switch_down,run_scenario_jellyfish_widest_path_switch_down_20260607_084642,h0,jellyfish/widest_path/switch_down/run_scenario_jellyfish_widest_path_switch_down_20260607_084642/h0.pcap,a2:a0:27:20:9b:e0,01:80:c2:00:00:0e,,,,,,60
2026-06-07T08:48:30.943756+00:00,jellyfish,widest_path,switch_down,run_scenario_jellyfish_widest_path_switch_down_20260607_084642,h0,jellyfish/widest_path/switch_down/run_scenario_jellyfish_widest_path_switch_down_20260607_084642/h0.pcap,a2:a0:27:20:9b:e0,01:80:c2:00:00:0e,,,,,,60
2026-06-07T08:48:32.981721+00:00,jellyfish,widest_path,switch_down,run_scenario_jellyfish_widest_path_switch_down_20260607_084642,h0,jellyfish/widest_path/switch_down/run_scenario_jellyfish_widest_path_switch_down_20260607_084642/h0.pcap,a2:a0:27:20:9b:e0,01:80:c2:00:00:0e,,,,,,60
2026-06-07T08:48:35.021491+00:00,jellyfish,widest_path,switch_down,run_scenario_jellyfish_widest_path_switch_down_20260607_084642,h0,jellyfish/widest_path/switch_down/run_scenario_jellyfish_widest_path_switch_down_20260607_084642/h0.pcap,a2:a0:27:20:9b:e0,01:80:c2:00:00:0e,,,,,,60
2026-06-07T08:48:37.058762+00:00,jellyfish,widest_path,switch_down,run_scenario_jellyfish_widest_path_switch_down_20260607_084642,h0,jellyfish/widest_path/switch_down/run_scenario_jellyfish_widest_path_switch_down_20260607_084642/h0.pcap,a2:a0:27:20:9b:e0,01:80:c2:00:00:0e,,,,,,60
2026-06-07T08:48:39.090316+00:00,jellyfish,widest_path,switch_down,run_scenario_jellyfish_widest_path_switch_down_20260607_084642,h0,jellyfish/widest_path/switch_down/run_scenario_jellyfish_widest_path_switch_down_20260607_084642/h0.pcap,a2:a0:27:20:9b:e0,01:80:c2:00:00:0e,,,,,,60
2026-06-07T08:48:41.121352+00:00,jellyfish,widest_path,switch_down,run_scenario_jellyfish_widest_path_switch_down_20260607_084642,h0,jellyfish/widest_path/switch_down/run_scenario_jellyfish_widest_path_switch_down_20260607_084642/h0.pcap,a2:a0:27:20:9b:e0,01:80:c2:00:00:0e,,,,,,60
2026-06-07T08:48:42.420669+00:00,jellyfish,widest_path,switch_down,run_scenario_jellyfish_widest_path_switch_down_20260607_084642,h0,jellyfish/widest_path/switch_down/run_scenario_jellyfish_widest_path_switch_down_20260607_084642/h0.pcap,a2:a0:27:20:9b:e0,01:80:c2:00:00:0e,,,,,,60
2026-06-07T08:48:47.910255+00:00,jellyfish,widest_path,switch_down,run_scenario_jellyfish_widest_path_switch_down_20260607_084642,h0,jellyfish/widest_path/switch_down/run_scenario_jellyfish_widest_path_switch_down_20260607_084642/h0.pcap,a2:a0:27:20:9b:e0,01:80:c2:00:00:0e,,,,,,60
2026-06-07T08:48:49.941346+00:00,jellyfish,widest_path,switch_down,run_scenario_jellyfish_widest_path_switch_down_20260607_084642,h0,jellyfish/widest_path/switch_down/run_scenario_jellyfish_widest_path_switch_down_20260607_084642/h0.pcap,a2:a0:27:20:9b:e0,01:80:c2:00:00:0e,,,,,,60
2026-06-07T08:48:51.972689+00:00,jellyfish,widest_path,switch_down,run_scenario_jellyfish_widest_path_switch_down_20260607_084642,h0,jellyfish/widest_path/switch_down/run_scenario_jellyfish_widest_path_switch_down_20260607_084642/h0.pcap,a2:a0:27:20:9b:e0,01:80:c2:00:00:0e,,,,,,60
2026-06-07T08:48:54.004129+00:00,jellyfish,widest_path,switch_down,run_scenario_jellyfish_widest_path_switch_down_20260607_084642,h0,jellyfish/widest_path/switch_down/run_scenario_jellyfish_widest_path_switch_down_20260607_084642/h0.pcap,a2:a0:27:20:9b:e0,01:80:c2:00:00:0e,,,,,,60
2026-06-07T08:48:56.036282+00:00,jellyfish,widest_path,switch_down,run_scenario_jellyfish_widest_path_switch_down_20260607_084642,h0,jellyfish/widest_path/switch_down/run_scenario_jellyfish_widest_path_switch_down_20260607_084642/h0.pcap,a2:a0:27:20:9b:e0,01:80:c2:00:00:0e,,,,,,60
2026-06-07T08:48:58.066042+00:00,jellyfish,widest_path,switch_down,run_scenario_jellyfish_widest_path_switch_down_20260607_084642,h0,jellyfish/widest_path/switch_down/run_scenario_jellyfish_widest_path_switch_down_20260607_084642/h0.pcap,a2:a0:27:20:9b:e0,01:80:c2:00:00:0e,,,,,,60
2026-06-07T08:49:00.100384+00:00,jellyfish,widest_path,switch_down,run_scenario_jellyfish_widest_path_switch_down_20260607_084642,h0,jellyfish/widest_path/switch_down/run_scenario_jellyfish_widest_path_switch_down_20260607_084642/h0.pcap,a2:a0:27:20:9b:e0,01:80:c2:00:00:0e,,,,,,60
2026-06-07T08:49:02.136872+00:00,jellyfish,widest_path,switch_down,run_scenario_jellyfish_widest_path_switch_down_20260607_084642,h0,jellyfish/widest_path/switch_down/run_scenario_jellyfish_widest_path_switch_down_20260607_084642/h0.pcap,a2:a0:27:20:9b:e0,01:80:c2:00:00:0e,,,,,,60
2026-06-07T08:49:04.168070+00:00,jellyfish,widest_path,switch_down,run_scenario_jellyfish_widest_path_switch_down_20260607_084642,h0,jellyfish/widest_path/switch_down/run_scenario_jellyfish_widest_path_switch_down_20260607_084642/h0.pcap,a2:a0:27:20:9b:e0,01:80:c2:00:00:0e,,,,,,60
2026-06-07T08:49:06.203694+00:00,jellyfish,widest_path,switch_down,run_scenario_jellyfish_widest_path_switch_down_20260607_084642,h0,jellyfish/widest_path/switch_down/run_scenario_jellyfish_widest_path_switch_down_20260607_084642/h0.pcap,a2:a0:27:20:9b:e0,01:80:c2:00:00:0e,,,,,,60
2026-06-07T08:49:08.236921+00:00,jellyfish,widest_path,switch_down,run_scenario_jellyfish_widest_path_switch_down_20260607_084642,h0,jellyfish/widest_path/switch_down/run_scenario_jellyfish_widest_path_switch_down_20260607_084642/h0.pcap,a2:a0:27:20:9b:e0,01:80:c2:00:00:0e,,,,,,60
2026-06-07T08:49:10.270870+00:00,jellyfish,widest_path,switch_down,run_scenario_jellyfish_widest_path_switch_down_20260607_084642,h0,jellyfish/widest_path/switch_down/run_scenario_jellyfish_widest_path_switch_down_20260607_084642/h0.pcap,a2:a0:27:20:9b:e0,01:80:c2:00:00:0e,,,,,,60
2026-06-07T08:49:12.304029+00:00,jellyfish,widest_path,switch_down,run_scenario_jellyfish_widest_path_switch_down_20260607_084642,h0,jellyfish/widest_path/switch_down/run_scenario_jellyfish_widest_path_switch_down_20260607_084642/h0.pcap,a2:a0:27:20:9b:e0,01:80:c2:00:00:0e,,,,,,60
2026-06-07T08:49:14.342445+00:00,jellyfish,widest_path,switch_down,run_scenario_jellyfish_widest_path_switch_down_20260607_084642,h0,jellyfish/widest_path/switch_down/run_scenario_jellyfish_widest_path_switch_down_20260607_084642/h0.pcap,a2:a0:27:20:9b:e0,01:80:c2:00:00:0e,,,,,,60
2026-06-07T08:49:19.077843+00:00,jellyfish,widest_path,switch_down,run_scenario_jellyfish_widest_path_switch_down_20260607_084642,h0,jellyfish/widest_path/switch_down/run_scenario_jellyfish_widest_path_switch_down_20260607_084642/h0.pcap,a2:a0:27:20:9b:e0,01:80:c2:00:00:0e,,,,,,60
2026-06-07T08:49:21.108123+00:00,jellyfish,widest_path,switch_down,run_scenario_jellyfish_widest_path_switch_down_20260607_084642,h0,jellyfish/widest_path/switch_down/run_scenario_jellyfish_widest_path_switch_down_20260607_084642/h0.pcap,a2:a0:27:20:9b:e0,01:80:c2:00:00:0e,,,,,,60
2026-06-07T08:49:23.136489+00:00,jellyfish,widest_path,switch_down,run_scenario_jellyfish_widest_path_switch_down_20260607_084642,h0,jellyfish/widest_path/switch_down/run_scenario_jellyfish_widest_path_switch_down_20260607_084642/h0.pcap,a2:a0:27:20:9b:e0,01:80:c2:00:00:0e,,,,,,60
2026-06-07T08:49:25.168614+00:00,jellyfish,widest_path,switch_down,run_scenario_jellyfish_widest_path_switch_down_20260607_084642,h0,jellyfish/widest_path/switch_down/run_scenario_jellyfish_widest_path_switch_down_20260607_084642/h0.pcap,a2:a0:27:20:9b:e0,01:80:c2:00:00:0e,,,,,,60
2026-06-07T08:49:27.199097+00:00,jellyfish,widest_path,switch_down,run_scenario_jellyfish_widest_path_switch_down_20260607_084642,h0,jellyfish/widest_path/switch_down/run_scenario_jellyfish_widest_path_switch_down_20260607_084642/h0.pcap,a2:a0:27:20:9b:e0,01:80:c2:00:00:0e,,,,,,60
2026-06-07T08:49:29.229791+00:00,jellyfish,widest_path,switch_down,run_scenario_jellyfish_widest_path_switch_down_20260607_084642,h0,jellyfish/widest_path/switch_down/run_scenario_jellyfish_widest_path_switch_down_20260607_084642/h0.pcap,a2:a0:27:20:9b:e0,01:80:c2:00:00:0e,,,,,,60
2026-06-07T08:49:31.260092+00:00,jellyfish,widest_path,switch_down,run_scenario_jellyfish_widest_path_switch_down_20260607_084642,h0,jellyfish/widest_path/switch_down/run_scenario_jellyfish_widest_path_switch_down_20260607_084642/h0.pcap,a2:a0:27:20:9b:e0,01:80:c2:00:00:0e,,,,,,60
2026-06-07T08:49:33.291153+00:00,jellyfish,widest_path,switch_down,run_scenario_jellyfish_widest_path_switch_down_20260607_084642,h0,jellyfish/widest_path/switch_down/run_scenario_jellyfish_widest_path_switch_down_20260607_084642/h0.pcap,a2:a0:27:20:9b:e0,01:80:c2:00:00:0e,,,,,,60
2026-06-07T08:49:35.321373+00:00,jellyfish,widest_path,switch_down,run_scenario_jellyfish_widest_path_switch_down_20260607_084642,h0,jellyfish/widest_path/switch_down/run_scenario_jellyfish_widest_path_switch_down_20260607_084642/h0.pcap,a2:a0:27:20:9b:e0,01:80:c2:00:00:0e,,,,,,60
2026-06-07T08:49:37.356858+00:00,jellyfish,widest_path,switch_down,run_scenario_jellyfish_widest_path_switch_down_20260607_084642,h0,jellyfish/widest_path/switch_down/run_scenario_jellyfish_widest_path_switch_down_20260607_084642/h0.pcap,a2:a0:27:20:9b:e0,01:80:c2:00:00:0e,,,,,,60
2026-06-07T08:49:39.388068+00:00,jellyfish,widest_path,switch_down,run_scenario_jellyfish_widest_path_switch_down_20260607_084642,h0,jellyfish/widest_path/switch_down/run_scenario_jellyfish_widest_path_switch_down_20260607_084642/h0.pcap,a2:a0:27:20:9b:e0,01:80:c2:00:00:0e,,,,,,60
2026-06-07T08:49:41.419393+00:00,jellyfish,widest_path,switch_down,run_scenario_jellyfish_widest_path_switch_down_20260607_084642,h0,jellyfish/widest_path/switch_down/run_scenario_jellyfish_widest_path_switch_down_20260607_084642/h0.pcap,a2:a0:27:20:9b:e0,01:80:c2:00:00:0e,,,,,,60
2026-06-07T08:49:43.455101+00:00,jellyfish,widest_path,switch_down,run_scenario_jellyfish_widest_path_switch_down_20260607_084642,h0,jellyfish/widest_path/switch_down/run_scenario_jellyfish_widest_path_switch_down_20260607_084642/h0.pcap,a2:a0:27:20:9b:e0,01:80:c2:00:00:0e,,,,,,60
2026-06-07T08:49:45.493166+00:00,jellyfish,widest_path,switch_down,run_scenario_jellyfish_widest_path_switch_down_20260607_084642,h0,jellyfish/widest_path/switch_down/run_scenario_jellyfish_widest_path_switch_down_20260607_084642/h0.pcap,a2:a0:27:20:9b:e0,01:80:c2:00:00:0e,,,,,,60
2026-06-07T08:49:47.523222+00:00,jellyfish,widest_path,switch_down,run_scenario_jellyfish_widest_path_switch_down_20260607_084642,h0,jellyfish/widest_path/switch_down/run_scenario_jellyfish_widest_path_switch_down_20260607_084642/h0.pcap,a2:a0:27:20:9b:e0,01:80:c2:00:00:0e,,,,,,60
2026-06-07T08:49:52.312303+00:00,jellyfish,widest_path,switch_down,run_scenario_jellyfish_widest_path_switch_down_20260607_084642,h0,jellyfish/widest_path/switch_down/run_scenario_jellyfish_widest_path_switch_down_20260607_084642/h0.pcap,a2:a0:27:20:9b:e0,01:80:c2:00:00:0e,,,,,,60
2026-06-07T08:49:54.345593+00:00,jellyfish,widest_path,switch_down,run_scenario_jellyfish_widest_path_switch_down_20260607_084642,h0,jellyfish/widest_path/switch_down/run_scenario_jellyfish_widest_path_switch_down_20260607_084642/h0.pcap,a2:a0:27:20:9b:e0,01:80:c2:00:00:0e,,,,,,60
2026-06-07T08:49:56.379039+00:00,jellyfish,widest_path,switch_down,run_scenario_jellyfish_widest_path_switch_down_20260607_084642,h0,jellyfish/widest_path/switch_down/run_scenario_jellyfish_widest_path_switch_down_20260607_084642/h0.pcap,a2:a0:27:20:9b:e0,01:80:c2:00:00:0e,,,,,,60
2026-06-07T08:49:58.412277+00:00,jellyfish,widest_path,switch_down,run_scenario_jellyfish_widest_path_switch_down_20260607_084642,h0,jellyfish/widest_path/switch_down/run_scenario_jellyfish_widest_path_switch_down_20260607_084642/h0.pcap,a2:a0:27:20:9b:e0,01:80:c2:00:00:0e,,,,,,60
2026-06-07T08:50:00.443634+00:00,jellyfish,widest_path,switch_down,run_scenario_jellyfish_widest_path_switch_down_20260607_084642,h0,jellyfish/widest_path/switch_down/run_scenario_jellyfish_widest_path_switch_down_20260607_084642/h0.pcap,a2:a0:27:20:9b:e0,01:80:c2:00:00:0e,,,,,,60
2026-06-07T08:50:02.479997+00:00,jellyfish,widest_path,switch_down,run_scenario_jellyfish_widest_path_switch_down_20260607_084642,h0,jellyfish/widest_path/switch_down/run_scenario_jellyfish_widest_path_switch_down_20260607_084642/h0.pcap,a2:a0:27:20:9b:e0,01:80:c2:00:00:0e,,,,,,60
2026-06-07T08:50:04.160322+00:00,jellyfish,widest_path,switch_down,run_scenario_jellyfish_widest_path_switch_down_20260607_084642,h0,jellyfish/widest_path/switch_down/run_scenario_jellyfish_widest_path_switch_down_20260607_084642/h0.pcap,00:00:00:00:02:01,00:00:00:00:00:01,10.0.0.3,10.0.0.1,IP,,,96
2026-06-07T08:50:04.160360+00:00,jellyfish,widest_path,switch_down,run_scenario_jellyfish_widest_path_switch_down_20260607_084642,h0,jellyfish/widest_path/switch_down/run_scenario_jellyfish_widest_path_switch_down_20260607_084642/h0.pcap,00:00:00:00:00:01,00:00:00:00:02:01,10.0.0.1,10.0.0.3,IP,,,96
2026-06-07T08:50:04.515109+00:00,jellyfish,widest_path,switch_down,run_scenario_jellyfish_widest_path_switch_down_20260607_084642,h0,jellyfish/widest_path/switch_down/run_scenario_jellyfish_widest_path_switch_down_20260607_084642/h0.pcap,a2:a0:27:20:9b:e0,01:80:c2:00:00:0e,,,,,,60
2026-06-07T08:50:06.548759+00:00,jellyfish,widest_path,switch_down,run_scenario_jellyfish_widest_path_switch_down_20260607_084642,h0,jellyfish/widest_path/switch_down/run_scenario_jellyfish_widest_path_switch_down_20260607_084642/h0.pcap,a2:a0:27:20:9b:e0,01:80:c2:00:00:0e,,,,,,60
2026-06-07T08:50:08.584464+00:00,jellyfish,widest_path,switch_down,run_scenario_jellyfish_widest_path_switch_down_20260607_084642,h0,jellyfish/widest_path/switch_down/run_scenario_jellyfish_widest_path_switch_down_20260607_084642/h0.pcap,a2:a0:27:20:9b:e0,01:80:c2:00:00:0e,,,,,,60
2026-06-07T08:50:10.618188+00:00,jellyfish,widest_path,switch_down,run_scenario_jellyfish_widest_path_switch_down_20260607_084642,h0,jellyfish/widest_path/switch_down/run_scenario_jellyfish_widest_path_switch_down_20260607_084642/h0.pcap,a2:a0:27:20:9b:e0,01:80:c2:00:00:0e,,,,,,60
2026-06-07T08:50:12.653938+00:00,jellyfish,widest_path,switch_down,run_scenario_jellyfish_widest_path_switch_down_20260607_084642,h0,jellyfish/widest_path/switch_down/run_scenario_jellyfish_widest_path_switch_down_20260607_084642/h0.pcap,a2:a0:27:20:9b:e0,01:80:c2:00:00:0e,,,,,,60
2026-06-07T08:50:14.685563+00:00,jellyfish,widest_path,switch_down,run_scenario_jellyfish_widest_path_switch_down_20260607_084642,h0,jellyfish/widest_path/switch_down/run_scenario_jellyfish_widest_path_switch_down_20260607_084642/h0.pcap,a2:a0:27:20:9b:e0,01:80:c2:00:00:0e,,,,,,60
2026-06-07T08:50:16.721973+00:00,jellyfish,widest_path,switch_down,run_scenario_jellyfish_widest_path_switch_down_20260607_084642,h0,jellyfish/widest_path/switch_down/run_scenario_jellyfish_widest_path_switch_down_20260607_084642/h0.pcap,a2:a0:27:20:9b:e0,01:80:c2:00:00:0e,,,,,,60
2026-06-07T08:50:18.759543+00:00,jellyfish,widest_path,switch_down,run_scenario_jellyfish_widest_path_switch_down_20260607_084642,h0,jellyfish/widest_path/switch_down/run_scenario_jellyfish_widest_path_switch_down_20260607_084642/h0.pcap,a2:a0:27:20:9b:e0,01:80:c2:00:00:0e,,,,,,60
2026-06-07T08:50:20.797471+00:00,jellyfish,widest_path,switch_down,run_scenario_jellyfish_widest_path_switch_down_20260607_084642,h0,jellyfish/widest_path/switch_down/run_scenario_jellyfish_widest_path_switch_down_20260607_084642/h0.pcap,a2:a0:27:20:9b:e0,01:80:c2:00:00:0e,,,,,,60
2026-06-07T08:50:25.554891+00:00,jellyfish,widest_path,switch_down,run_scenario_jellyfish_widest_path_switch_down_20260607_084642,h0,jellyfish/widest_path/switch_down/run_scenario_jellyfish_widest_path_switch_down_20260607_084642/h0.pcap,a2:a0:27:20:9b:e0,01:80:c2:00:00:0e,,,,,,60
2026-06-07T08:50:27.588639+00:00,jellyfish,widest_path,switch_down,run_scenario_jellyfish_widest_path_switch_down_20260607_084642,h0,jellyfish/widest_path/switch_down/run_scenario_jellyfish_widest_path_switch_down_20260607_084642/h0.pcap,a2:a0:27:20:9b:e0,01:80:c2:00:00:0e,,,,,,60
2026-06-07T08:50:29.622223+00:00,jellyfish,widest_path,switch_down,run_scenario_jellyfish_widest_path_switch_down_20260607_084642,h0,jellyfish/widest_path/switch_down/run_scenario_jellyfish_widest_path_switch_down_20260607_084642/h0.pcap,a2:a0:27:20:9b:e0,01:80:c2:00:00:0e,,,,,,60
2026-06-07T08:50:31.659440+00:00,jellyfish,widest_path,switch_down,run_scenario_jellyfish_widest_path_switch_down_20260607_084642,h0,jellyfish/widest_path/switch_down/run_scenario_jellyfish_widest_path_switch_down_20260607_084642/h0.pcap,a2:a0:27:20:9b:e0,01:80:c2:00:00:0e,,,,,,60
2026-06-07T08:50:33.694756+00:00,jellyfish,widest_path,switch_down,run_scenario_jellyfish_widest_path_switch_down_20260607_084642,h0,jellyfish/widest_path/switch_down/run_scenario_jellyfish_widest_path_switch_down_20260607_084642/h0.pcap,a2:a0:27:20:9b:e0,01:80:c2:00:00:0e,,,,,,60
2026-06-07T08:50:35.729607+00:00,jellyfish,widest_path,switch_down,run_scenario_jellyfish_widest_path_switch_down_20260607_084642,h0,jellyfish/widest_path/switch_down/run_scenario_jellyfish_widest_path_switch_down_20260607_084642/h0.pcap,a2:a0:27:20:9b:e0,01:80:c2:00:00:0e,,,,,,60
2026-06-07T08:50:37.760919+00:00,jellyfish,widest_path,switch_down,run_scenario_jellyfish_widest_path_switch_down_20260607_084642,h0,jellyfish/widest_path/switch_down/run_scenario_jellyfish_widest_path_switch_down_20260607_084642/h0.pcap,a2:a0:27:20:9b:e0,01:80:c2:00:00:0e,,,,,,60
2026-06-07T08:50:39.798799+00:00,jellyfish,widest_path,switch_down,run_scenario_jellyfish_widest_path_switch_down_20260607_084642,h0,jellyfish/widest_path/switch_down/run_scenario_jellyfish_widest_path_switch_down_20260607_084642/h0.pcap,a2:a0:27:20:9b:e0,01:80:c2:00:00:0e,,,,,,60
2026-06-07T08:50:41.841853+00:00,jellyfish,widest_path,switch_down,run_scenario_jellyfish_widest_path_switch_down_20260607_084642,h0,jellyfish/widest_path/switch_down/run_scenario_jellyfish_widest_path_switch_down_20260607_084642/h0.pcap,a2:a0:27:20:9b:e0,01:80:c2:00:00:0e,,,,,,60
2026-06-07T08:50:43.881120+00:00,jellyfish,widest_path,switch_down,run_scenario_jellyfish_widest_path_switch_down_20260607_084642,h0,jellyfish/widest_path/switch_down/run_scenario_jellyfish_widest_path_switch_down_20260607_084642/h0.pcap,a2:a0:27:20:9b:e0,01:80:c2:00:00:0e,,,,,,60
2026-06-07T08:50:45.917686+00:00,jellyfish,widest_path,switch_down,run_scenario_jellyfish_widest_path_switch_down_20260607_084642,h0,jellyfish/widest_path/switch_down/run_scenario_jellyfish_widest_path_switch_down_20260607_084642/h0.pcap,a2:a0:27:20:9b:e0,01:80:c2:00:00:0e,,,,,,60
2026-06-07T08:50:47.956254+00:00,jellyfish,widest_path,switch_down,run_scenario_jellyfish_widest_path_switch_down_20260607_084642,h0,jellyfish/widest_path/switch_down/run_scenario_jellyfish_widest_path_switch_down_20260607_084642/h0.pcap,a2:a0:27:20:9b:e0,01:80:c2:00:00:0e,,,,,,60
2026-06-07T08:50:49.992396+00:00,jellyfish,widest_path,switch_down,run_scenario_jellyfish_widest_path_switch_down_20260607_084642,h0,jellyfish/widest_path/switch_down/run_scenario_jellyfish_widest_path_switch_down_20260607_084642/h0.pcap,a2:a0:27:20:9b:e0,01:80:c2:00:00:0e,,,,,,60
2026-06-07T08:50:52.031016+00:00,jellyfish,widest_path,switch_down,run_scenario_jellyfish_widest_path_switch_down_20260607_084642,h0,jellyfish/widest_path/switch_down/run_scenario_jellyfish_widest_path_switch_down_20260607_084642/h0.pcap,a2:a0:27:20:9b:e0,01:80:c2:00:00:0e,,,,,,60
2026-06-07T08:50:53.343309+00:00,jellyfish,widest_path,switch_down,run_scenario_jellyfish_widest_path_switch_down_20260607_084642,h0,jellyfish/widest_path/switch_down/run_scenario_jellyfish_widest_path_switch_down_20260607_084642/h0.pcap,a2:a0:27:20:9b:e0,01:80:c2:00:00:0e,,,,,,60
2026-06-07T08:50:58.828383+00:00,jellyfish,widest_path,switch_down,run_scenario_jellyfish_widest_path_switch_down_20260607_084642,h0,jellyfish/widest_path/switch_down/run_scenario_jellyfish_widest_path_switch_down_20260607_084642/h0.pcap,a2:a0:27:20:9b:e0,01:80:c2:00:00:0e,,,,,,60
2026-06-07T08:51:00.859086+00:00,jellyfish,widest_path,switch_down,run_scenario_jellyfish_widest_path_switch_down_20260607_084642,h0,jellyfish/widest_path/switch_down/run_scenario_jellyfish_widest_path_switch_down_20260607_084642/h0.pcap,a2:a0:27:20:9b:e0,01:80:c2:00:00:0e,,,,,,60
2026-06-07T08:51:02.897547+00:00,jellyfish,widest_path,switch_down,run_scenario_jellyfish_widest_path_switch_down_20260607_084642,h0,jellyfish/widest_path/switch_down/run_scenario_jellyfish_widest_path_switch_down_20260607_084642/h0.pcap,a2:a0:27:20:9b:e0,01:80:c2:00:00:0e,,,,,,60
2026-06-07T08:51:04.931038+00:00,jellyfish,widest_path,switch_down,run_scenario_jellyfish_widest_path_switch_down_20260607_084642,h0,jellyfish/widest_path/switch_down/run_scenario_jellyfish_widest_path_switch_down_20260607_084642/h0.pcap,a2:a0:27:20:9b:e0,01:80:c2:00:00:0e,,,,,,60
2026-06-07T08:51:06.963670+00:00,jellyfish,widest_path,switch_down,run_scenario_jellyfish_widest_path_switch_down_20260607_084642,h0,jellyfish/widest_path/switch_down/run_scenario_jellyfish_widest_path_switch_down_20260607_084642/h0.pcap,a2:a0:27:20:9b:e0,01:80:c2:00:00:0e,,,,,,60
2026-06-07T08:51:08.993709+00:00,jellyfish,widest_path,switch_down,run_scenario_jellyfish_widest_path_switch_down_20260607_084642,h0,jellyfish/widest_path/switch_down/run_scenario_jellyfish_widest_path_switch_down_20260607_084642/h0.pcap,a2:a0:27:20:9b:e0,01:80:c2:00:00:0e,,,,,,60
2026-06-07T08:51:11.027244+00:00,jellyfish,widest_path,switch_down,run_scenario_jellyfish_widest_path_switch_down_20260607_084642,h0,jellyfish/widest_path/switch_down/run_scenario_jellyfish_widest_path_switch_down_20260607_084642/h0.pcap,a2:a0:27:20:9b:e0,01:80:c2:00:00:0e,,,,,,60
2026-06-07T08:51:13.066343+00:00,jellyfish,widest_path,switch_down,run_scenario_jellyfish_widest_path_switch_down_20260607_084642,h0,jellyfish/widest_path/switch_down/run_scenario_jellyfish_widest_path_switch_down_20260607_084642/h0.pcap,a2:a0:27:20:9b:e0,01:80:c2:00:00:0e,,,,,,60
2026-06-07T08:51:15.103213+00:00,jellyfish,widest_path,switch_down,run_scenario_jellyfish_widest_path_switch_down_20260607_084642,h0,jellyfish/widest_path/switch_down/run_scenario_jellyfish_widest_path_switch_down_20260607_084642/h0.pcap,a2:a0:27:20:9b:e0,01:80:c2:00:00:0e,,,,,,60
2026-06-07T08:51:17.140632+00:00,jellyfish,widest_path,switch_down,run_scenario_jellyfish_widest_path_switch_down_20260607_084642,h0,jellyfish/widest_path/switch_down/run_scenario_jellyfish_widest_path_switch_down_20260607_084642/h0.pcap,a2:a0:27:20:9b:e0,01:80:c2:00:00:0e,,,,,,60
2026-06-07T08:51:19.174615+00:00,jellyfish,widest_path,switch_down,run_scenario_jellyfish_widest_path_switch_down_20260607_084642,h0,jellyfish/widest_path/switch_down/run_scenario_jellyfish_widest_path_switch_down_20260607_084642/h0.pcap,a2:a0:27:20:9b:e0,01:80:c2:00:00:0e,,,,,,60
2026-06-07T08:51:21.214976+00:00,jellyfish,widest_path,switch_down,run_scenario_jellyfish_widest_path_switch_down_20260607_084642,h0,jellyfish/widest_path/switch_down/run_scenario_jellyfish_widest_path_switch_down_20260607_084642/h0.pcap,a2:a0:27:20:9b:e0,01:80:c2:00:00:0e,,,,,,60
2026-06-07T08:51:23.244555+00:00,jellyfish,widest_path,switch_down,run_scenario_jellyfish_widest_path_switch_down_20260607_084642,h0,jellyfish/widest_path/switch_down/run_scenario_jellyfish_widest_path_switch_down_20260607_084642/h0.pcap,a2:a0:27:20:9b:e0,01:80:c2:00:00:0e,,,,,,60
2026-06-07T08:51:25.280282+00:00,jellyfish,widest_path,switch_down,run_scenario_jellyfish_widest_path_switch_down_20260607_084642,h0,jellyfish/widest_path/switch_down/run_scenario_jellyfish_widest_path_switch_down_20260607_084642/h0.pcap,a2:a0:27:20:9b:e0,01:80:c2:00:00:0e,,,,,,60
2026-06-07T08:51:30.044698+00:00,jellyfish,widest_path,switch_down,run_scenario_jellyfish_widest_path_switch_down_20260607_084642,h0,jellyfish/widest_path/switch_down/run_scenario_jellyfish_widest_path_switch_down_20260607_084642/h0.pcap,a2:a0:27:20:9b:e0,01:80:c2:00:00:0e,,,,,,60
2026-06-07T08:51:32.080262+00:00,jellyfish,widest_path,switch_down,run_scenario_jellyfish_widest_path_switch_down_20260607_084642,h0,jellyfish/widest_path/switch_down/run_scenario_jellyfish_widest_path_switch_down_20260607_084642/h0.pcap,a2:a0:27:20:9b:e0,01:80:c2:00:00:0e,,,,,,60
2026-06-07T08:51:32.407686+00:00,jellyfish,widest_path,switch_down,run_scenario_jellyfish_widest_path_switch_down_20260607_084642,h0,jellyfish/widest_path/switch_down/run_scenario_jellyfish_widest_path_switch_down_20260607_084642/h0.pcap,00:00:00:00:03:01,00:00:00:00:00:01,10.0.0.4,10.0.0.1,IP,,,96
2026-06-07T08:51:32.407789+00:00,jellyfish,widest_path,switch_down,run_scenario_jellyfish_widest_path_switch_down_20260607_084642,h0,jellyfish/widest_path/switch_down/run_scenario_jellyfish_widest_path_switch_down_20260607_084642/h0.pcap,00:00:00:00:00:01,00:00:00:00:03:01,10.0.0.1,10.0.0.4,IP,,,96
2026-06-07T08:51:34.113130+00:00,jellyfish,widest_path,switch_down,run_scenario_jellyfish_widest_path_switch_down_20260607_084642,h0,jellyfish/widest_path/switch_down/run_scenario_jellyfish_widest_path_switch_down_20260607_084642/h0.pcap,a2:a0:27:20:9b:e0,01:80:c2:00:00:0e,,,,,,60
2026-06-07T08:51:36.146652+00:00,jellyfish,widest_path,switch_down,run_scenario_jellyfish_widest_path_switch_down_20260607_084642,h0,jellyfish/widest_path/switch_down/run_scenario_jellyfish_widest_path_switch_down_20260607_084642/h0.pcap,a2:a0:27:20:9b:e0,01:80:c2:00:00:0e,,,,,,60
2026-06-07T08:51:38.179260+00:00,jellyfish,widest_path,switch_down,run_scenario_jellyfish_widest_path_switch_down_20260607_084642,h0,jellyfish/widest_path/switch_down/run_scenario_jellyfish_widest_path_switch_down_20260607_084642/h0.pcap,a2:a0:27:20:9b:e0,01:80:c2:00:00:0e,,,,,,60
2026-06-07T08:51:40.209706+00:00,jellyfish,widest_path,switch_down,run_scenario_jellyfish_widest_path_switch_down_20260607_084642,h0,jellyfish/widest_path/switch_down/run_scenario_jellyfish_widest_path_switch_down_20260607_084642/h0.pcap,a2:a0:27:20:9b:e0,01:80:c2:00:00:0e,,,,,,60
2026-06-07T08:51:42.244139+00:00,jellyfish,widest_path,switch_down,run_scenario_jellyfish_widest_path_switch_down_20260607_084642,h0,jellyfish/widest_path/switch_down/run_scenario_jellyfish_widest_path_switch_down_20260607_084642/h0.pcap,a2:a0:27:20:9b:e0,01:80:c2:00:00:0e,,,,,,60
2026-06-07T08:51:44.278910+00:00,jellyfish,widest_path,switch_down,run_scenario_jellyfish_widest_path_switch_down_20260607_084642,h0,jellyfish/widest_path/switch_down/run_scenario_jellyfish_widest_path_switch_down_20260607_084642/h0.pcap,a2:a0:27:20:9b:e0,01:80:c2:00:00:0e,,,,,,60
2026-06-07T08:51:46.312165+00:00,jellyfish,widest_path,switch_down,run_scenario_jellyfish_widest_path_switch_down_20260607_084642,h0,jellyfish/widest_path/switch_down/run_scenario_jellyfish_widest_path_switch_down_20260607_084642/h0.pcap,a2:a0:27:20:9b:e0,01:80:c2:00:00:0e,,,,,,60
2026-06-07T08:51:48.346130+00:00,jellyfish,widest_path,switch_down,run_scenario_jellyfish_widest_path_switch_down_20260607_084642,h0,jellyfish/widest_path/switch_down/run_scenario_jellyfish_widest_path_switch_down_20260607_084642/h0.pcap,a2:a0:27:20:9b:e0,01:80:c2:00:00:0e,,,,,,60
2026-06-07T08:51:50.378733+00:00,jellyfish,widest_path,switch_down,run_scenario_jellyfish_widest_path_switch_down_20260607_084642,h0,jellyfish/widest_path/switch_down/run_scenario_jellyfish_widest_path_switch_down_20260607_084642/h0.pcap,a2:a0:27:20:9b:e0,01:80:c2:00:00:0e,,,,,,60
2026-06-07T08:51:52.414339+00:00,jellyfish,widest_path,switch_down,run_scenario_jellyfish_widest_path_switch_down_20260607_084642,h0,jellyfish/widest_path/switch_down/run_scenario_jellyfish_widest_path_switch_down_20260607_084642/h0.pcap,a2:a0:27:20:9b:e0,01:80:c2:00:00:0e,,,,,,60
2026-06-07T08:51:54.449378+00:00,jellyfish,widest_path,switch_down,run_scenario_jellyfish_widest_path_switch_down_20260607_084642,h0,jellyfish/widest_path/switch_down/run_scenario_jellyfish_widest_path_switch_down_20260607_084642/h0.pcap,a2:a0:27:20:9b:e0,01:80:c2:00:00:0e,,,,,,60
2026-06-07T08:51:56.484752+00:00,jellyfish,widest_path,switch_down,run_scenario_jellyfish_widest_path_switch_down_20260607_084642,h0,jellyfish/widest_path/switch_down/run_scenario_jellyfish_widest_path_switch_down_20260607_084642/h0.pcap,a2:a0:27:20:9b:e0,01:80:c2:00:00:0e,,,,,,60
2026-06-07T08:51:58.512662+00:00,jellyfish,widest_path,switch_down,run_scenario_jellyfish_widest_path_switch_down_20260607_084642,h0,jellyfish/widest_path/switch_down/run_scenario_jellyfish_widest_path_switch_down_20260607_084642/h0.pcap,a2:a0:27:20:9b:e0,01:80:c2:00:00:0e,,,,,,60
2026-06-07T08:52:03.278094+00:00,jellyfish,widest_path,switch_down,run_scenario_jellyfish_widest_path_switch_down_20260607_084642,h0,jellyfish/widest_path/switch_down/run_scenario_jellyfish_widest_path_switch_down_20260607_084642/h0.pcap,a2:a0:27:20:9b:e0,01:80:c2:00:00:0e,,,,,,60
2026-06-07T08:52:05.315193+00:00,jellyfish,widest_path,switch_down,run_scenario_jellyfish_widest_path_switch_down_20260607_084642,h0,jellyfish/widest_path/switch_down/run_scenario_jellyfish_widest_path_switch_down_20260607_084642/h0.pcap,a2:a0:27:20:9b:e0,01:80:c2:00:00:0e,,,,,,60
2026-06-07T08:52:07.349171+00:00,jellyfish,widest_path,switch_down,run_scenario_jellyfish_widest_path_switch_down_20260607_084642,h0,jellyfish/widest_path/switch_down/run_scenario_jellyfish_widest_path_switch_down_20260607_084642/h0.pcap,a2:a0:27:20:9b:e0,01:80:c2:00:00:0e,,,,,,60
2026-06-07T08:52:09.383428+00:00,jellyfish,widest_path,switch_down,run_scenario_jellyfish_widest_path_switch_down_20260607_084642,h0,jellyfish/widest_path/switch_down/run_scenario_jellyfish_widest_path_switch_down_20260607_084642/h0.pcap,a2:a0:27:20:9b:e0,01:80:c2:00:00:0e,,,,,,60
2026-06-07T08:52:11.416488+00:00,jellyfish,widest_path,switch_down,run_scenario_jellyfish_widest_path_switch_down_20260607_084642,h0,jellyfish/widest_path/switch_down/run_scenario_jellyfish_widest_path_switch_down_20260607_084642/h0.pcap,a2:a0:27:20:9b:e0,01:80:c2:00:00:0e,,,,,,60
2026-06-07T08:52:13.448982+00:00,jellyfish,widest_path,switch_down,run_scenario_jellyfish_widest_path_switch_down_20260607_084642,h0,jellyfish/widest_path/switch_down/run_scenario_jellyfish_widest_path_switch_down_20260607_084642/h0.pcap,a2:a0:27:20:9b:e0,01:80:c2:00:00:0e,,,,,,60
2026-06-07T08:52:15.480425+00:00,jellyfish,widest_path,switch_down,run_scenario_jellyfish_widest_path_switch_down_20260607_084642,h0,jellyfish/widest_path/switch_down/run_scenario_jellyfish_widest_path_switch_down_20260607_084642/h0.pcap,a2:a0:27:20:9b:e0,01:80:c2:00:00:0e,,,,,,60
2026-06-07T08:52:17.513894+00:00,jellyfish,widest_path,switch_down,run_scenario_jellyfish_widest_path_switch_down_20260607_084642,h0,jellyfish/widest_path/switch_down/run_scenario_jellyfish_widest_path_switch_down_20260607_084642/h0.pcap,a2:a0:27:20:9b:e0,01:80:c2:00:00:0e,,,,,,60
2026-06-07T08:52:19.549239+00:00,jellyfish,widest_path,switch_down,run_scenario_jellyfish_widest_path_switch_down_20260607_084642,h0,jellyfish/widest_path/switch_down/run_scenario_jellyfish_widest_path_switch_down_20260607_084642/h0.pcap,a2:a0:27:20:9b:e0,01:80:c2:00:00:0e,,,,,,60
2026-06-07T08:52:21.584257+00:00,jellyfish,widest_path,switch_down,run_scenario_jellyfish_widest_path_switch_down_20260607_084642,h0,jellyfish/widest_path/switch_down/run_scenario_jellyfish_widest_path_switch_down_20260607_084642/h0.pcap,a2:a0:27:20:9b:e0,01:80:c2:00:00:0e,,,,,,60
2026-06-07T08:52:23.619662+00:00,jellyfish,widest_path,switch_down,run_scenario_jellyfish_widest_path_switch_down_20260607_084642,h0,jellyfish/widest_path/switch_down/run_scenario_jellyfish_widest_path_switch_down_20260607_084642/h0.pcap,a2:a0:27:20:9b:e0,01:80:c2:00:00:0e,,,,,,60
2026-06-07T08:52:25.654359+00:00,jellyfish,widest_path,switch_down,run_scenario_jellyfish_widest_path_switch_down_20260607_084642,h0,jellyfish/widest_path/switch_down/run_scenario_jellyfish_widest_path_switch_down_20260607_084642/h0.pcap,a2:a0:27:20:9b:e0,01:80:c2:00:00:0e,,,,,,60
2026-06-07T08:52:27.690602+00:00,jellyfish,widest_path,switch_down,run_scenario_jellyfish_widest_path_switch_down_20260607_084642,h0,jellyfish/widest_path/switch_down/run_scenario_jellyfish_widest_path_switch_down_20260607_084642/h0.pcap,a2:a0:27:20:9b:e0,01:80:c2:00:00:0e,,,,,,60
2026-06-07T08:52:29.725562+00:00,jellyfish,widest_path,switch_down,run_scenario_jellyfish_widest_path_switch_down_20260607_084642,h0,jellyfish/widest_path/switch_down/run_scenario_jellyfish_widest_path_switch_down_20260607_084642/h0.pcap,a2:a0:27:20:9b:e0,01:80:c2:00:00:0e,,,,,,60
2026-06-07T08:52:31.761196+00:00,jellyfish,widest_path,switch_down,run_scenario_jellyfish_widest_path_switch_down_20260607_084642,h0,jellyfish/widest_path/switch_down/run_scenario_jellyfish_widest_path_switch_down_20260607_084642/h0.pcap,a2:a0:27:20:9b:e0,01:80:c2:00:00:0e,,,,,,60
2026-06-07T08:52:36.517795+00:00,jellyfish,widest_path,switch_down,run_scenario_jellyfish_widest_path_switch_down_20260607_084642,h0,jellyfish/widest_path/switch_down/run_scenario_jellyfish_widest_path_switch_down_20260607_084642/h0.pcap,a2:a0:27:20:9b:e0,01:80:c2:00:00:0e,,,,,,60
2026-06-07T08:52:38.547568+00:00,jellyfish,widest_path,switch_down,run_scenario_jellyfish_widest_path_switch_down_20260607_084642,h0,jellyfish/widest_path/switch_down/run_scenario_jellyfish_widest_path_switch_down_20260607_084642/h0.pcap,a2:a0:27:20:9b:e0,01:80:c2:00:00:0e,,,,,,60
2026-06-07T08:52:40.578347+00:00,jellyfish,widest_path,switch_down,run_scenario_jellyfish_widest_path_switch_down_20260607_084642,h0,jellyfish/widest_path/switch_down/run_scenario_jellyfish_widest_path_switch_down_20260607_084642/h0.pcap,a2:a0:27:20:9b:e0,01:80:c2:00:00:0e,,,,,,60
2026-06-07T08:52:42.609910+00:00,jellyfish,widest_path,switch_down,run_scenario_jellyfish_widest_path_switch_down_20260607_084642,h0,jellyfish/widest_path/switch_down/run_scenario_jellyfish_widest_path_switch_down_20260607_084642/h0.pcap,a2:a0:27:20:9b:e0,01:80:c2:00:00:0e,,,,,,60
2026-06-07T08:52:44.643279+00:00,jellyfish,widest_path,switch_down,run_scenario_jellyfish_widest_path_switch_down_20260607_084642,h0,jellyfish/widest_path/switch_down/run_scenario_jellyfish_widest_path_switch_down_20260607_084642/h0.pcap,a2:a0:27:20:9b:e0,01:80:c2:00:00:0e,,,,,,60
2026-06-07T08:52:46.678717+00:00,jellyfish,widest_path,switch_down,run_scenario_jellyfish_widest_path_switch_down_20260607_084642,h0,jellyfish/widest_path/switch_down/run_scenario_jellyfish_widest_path_switch_down_20260607_084642/h0.pcap,a2:a0:27:20:9b:e0,01:80:c2:00:00:0e,,,,,,60
2026-06-07T08:52:47.937880+00:00,jellyfish,widest_path,switch_down,run_scenario_jellyfish_widest_path_switch_down_20260607_084642,h0,jellyfish/widest_path/switch_down/run_scenario_jellyfish_widest_path_switch_down_20260607_084642/h0.pcap,00:00:00:00:04:01,00:00:00:00:00:01,10.0.0.5,10.0.0.1,IP,,,96
2026-06-07T08:52:47.937926+00:00,jellyfish,widest_path,switch_down,run_scenario_jellyfish_widest_path_switch_down_20260607_084642,h0,jellyfish/widest_path/switch_down/run_scenario_jellyfish_widest_path_switch_down_20260607_084642/h0.pcap,00:00:00:00:00:01,00:00:00:00:04:01,10.0.0.1,10.0.0.5,IP,,,96
2026-06-07T08:52:48.711313+00:00,jellyfish,widest_path,switch_down,run_scenario_jellyfish_widest_path_switch_down_20260607_084642,h0,jellyfish/widest_path/switch_down/run_scenario_jellyfish_widest_path_switch_down_20260607_084642/h0.pcap,a2:a0:27:20:9b:e0,01:80:c2:00:00:0e,,,,,,60
2026-06-07T08:52:50.747569+00:00,jellyfish,widest_path,switch_down,run_scenario_jellyfish_widest_path_switch_down_20260607_084642,h0,jellyfish/widest_path/switch_down/run_scenario_jellyfish_widest_path_switch_down_20260607_084642/h0.pcap,a2:a0:27:20:9b:e0,01:80:c2:00:00:0e,,,,,,60
2026-06-07T08:52:52.782067+00:00,jellyfish,widest_path,switch_down,run_scenario_jellyfish_widest_path_switch_down_20260607_084642,h0,jellyfish/widest_path/switch_down/run_scenario_jellyfish_widest_path_switch_down_20260607_084642/h0.pcap,a2:a0:27:20:9b:e0,01:80:c2:00:00:0e,,,,,,60
2026-06-07T08:52:54.820771+00:00,jellyfish,widest_path,switch_down,run_scenario_jellyfish_widest_path_switch_down_20260607_084642,h0,jellyfish/widest_path/switch_down/run_scenario_jellyfish_widest_path_switch_down_20260607_084642/h0.pcap,a2:a0:27:20:9b:e0,01:80:c2:00:00:0e,,,,,,60
2026-06-07T08:52:56.851251+00:00,jellyfish,widest_path,switch_down,run_scenario_jellyfish_widest_path_switch_down_20260607_084642,h0,jellyfish/widest_path/switch_down/run_scenario_jellyfish_widest_path_switch_down_20260607_084642/h0.pcap,a2:a0:27:20:9b:e0,01:80:c2:00:00:0e,,,,,,60
2026-06-07T08:52:58.883046+00:00,jellyfish,widest_path,switch_down,run_scenario_jellyfish_widest_path_switch_down_20260607_084642,h0,jellyfish/widest_path/switch_down/run_scenario_jellyfish_widest_path_switch_down_20260607_084642/h0.pcap,a2:a0:27:20:9b:e0,01:80:c2:00:00:0e,,,,,,60
2026-06-07T08:53:00.915632+00:00,jellyfish,widest_path,switch_down,run_scenario_jellyfish_widest_path_switch_down_20260607_084642,h0,jellyfish/widest_path/switch_down/run_scenario_jellyfish_widest_path_switch_down_20260607_084642/h0.pcap,a2:a0:27:20:9b:e0,01:80:c2:00:00:0e,,,,,,60
2026-06-07T08:53:02.948191+00:00,jellyfish,widest_path,switch_down,run_scenario_jellyfish_widest_path_switch_down_20260607_084642,h0,jellyfish/widest_path/switch_down/run_scenario_jellyfish_widest_path_switch_down_20260607_084642/h0.pcap,a2:a0:27:20:9b:e0,01:80:c2:00:00:0e,,,,,,60
2026-06-07T08:53:04.257380+00:00,jellyfish,widest_path,switch_down,run_scenario_jellyfish_widest_path_switch_down_20260607_084642,h0,jellyfish/widest_path/switch_down/run_scenario_jellyfish_widest_path_switch_down_20260607_084642/h0.pcap,a2:a0:27:20:9b:e0,01:80:c2:00:00:0e,,,,,,60
2026-06-07T08:53:09.744762+00:00,jellyfish,widest_path,switch_down,run_scenario_jellyfish_widest_path_switch_down_20260607_084642,h0,jellyfish/widest_path/switch_down/run_scenario_jellyfish_widest_path_switch_down_20260607_084642/h0.pcap,a2:a0:27:20:9b:e0,01:80:c2:00:00:0e,,,,,,60
2026-06-07T08:53:11.779152+00:00,jellyfish,widest_path,switch_down,run_scenario_jellyfish_widest_path_switch_down_20260607_084642,h0,jellyfish/widest_path/switch_down/run_scenario_jellyfish_widest_path_switch_down_20260607_084642/h0.pcap,a2:a0:27:20:9b:e0,01:80:c2:00:00:0e,,,,,,60
2026-06-07T08:53:13.809708+00:00,jellyfish,widest_path,switch_down,run_scenario_jellyfish_widest_path_switch_down_20260607_084642,h0,jellyfish/widest_path/switch_down/run_scenario_jellyfish_widest_path_switch_down_20260607_084642/h0.pcap,a2:a0:27:20:9b:e0,01:80:c2:00:00:0e,,,,,,60
2026-06-07T08:53:15.844632+00:00,jellyfish,widest_path,switch_down,run_scenario_jellyfish_widest_path_switch_down_20260607_084642,h0,jellyfish/widest_path/switch_down/run_scenario_jellyfish_widest_path_switch_down_20260607_084642/h0.pcap,a2:a0:27:20:9b:e0,01:80:c2:00:00:0e,,,,,,60
2026-06-07T08:53:17.881867+00:00,jellyfish,widest_path,switch_down,run_scenario_jellyfish_widest_path_switch_down_20260607_084642,h0,jellyfish/widest_path/switch_down/run_scenario_jellyfish_widest_path_switch_down_20260607_084642/h0.pcap,a2:a0:27:20:9b:e0,01:80:c2:00:00:0e,,,,,,60
2026-06-07T08:53:19.917212+00:00,jellyfish,widest_path,switch_down,run_scenario_jellyfish_widest_path_switch_down_20260607_084642,h0,jellyfish/widest_path/switch_down/run_scenario_jellyfish_widest_path_switch_down_20260607_084642/h0.pcap,a2:a0:27:20:9b:e0,01:80:c2:00:00:0e,,,,,,60
2026-06-07T08:53:21.952570+00:00,jellyfish,widest_path,switch_down,run_scenario_jellyfish_widest_path_switch_down_20260607_084642,h0,jellyfish/widest_path/switch_down/run_scenario_jellyfish_widest_path_switch_down_20260607_084642/h0.pcap,a2:a0:27:20:9b:e0,01:80:c2:00:00:0e,,,,,,60
2026-06-07T08:53:23.993123+00:00,jellyfish,widest_path,switch_down,run_scenario_jellyfish_widest_path_switch_down_20260607_084642,h0,jellyfish/widest_path/switch_down/run_scenario_jellyfish_widest_path_switch_down_20260607_084642/h0.pcap,a2:a0:27:20:9b:e0,01:80:c2:00:00:0e,,,,,,60
2026-06-07T08:53:26.033098+00:00,jellyfish,widest_path,switch_down,run_scenario_jellyfish_widest_path_switch_down_20260607_084642,h0,jellyfish/widest_path/switch_down/run_scenario_jellyfish_widest_path_switch_down_20260607_084642/h0.pcap,a2:a0:27:20:9b:e0,01:80:c2:00:00:0e,,,,,,60
2026-06-07T08:53:28.066323+00:00,jellyfish,widest_path,switch_down,run_scenario_jellyfish_widest_path_switch_down_20260607_084642,h0,jellyfish/widest_path/switch_down/run_scenario_jellyfish_widest_path_switch_down_20260607_084642/h0.pcap,a2:a0:27:20:9b:e0,01:80:c2:00:00:0e,,,,,,60
2026-06-07T08:53:30.104221+00:00,jellyfish,widest_path,switch_down,run_scenario_jellyfish_widest_path_switch_down_20260607_084642,h0,jellyfish/widest_path/switch_down/run_scenario_jellyfish_widest_path_switch_down_20260607_084642/h0.pcap,a2:a0:27:20:9b:e0,01:80:c2:00:00:0e,,,,,,60
2026-06-07T08:53:32.139027+00:00,jellyfish,widest_path,switch_down,run_scenario_jellyfish_widest_path_switch_down_20260607_084642,h0,jellyfish/widest_path/switch_down/run_scenario_jellyfish_widest_path_switch_down_20260607_084642/h0.pcap,a2:a0:27:20:9b:e0,01:80:c2:00:00:0e,,,,,,60
2026-06-07T08:53:34.170475+00:00,jellyfish,widest_path,switch_down,run_scenario_jellyfish_widest_path_switch_down_20260607_084642,h0,jellyfish/widest_path/switch_down/run_scenario_jellyfish_widest_path_switch_down_20260607_084642/h0.pcap,a2:a0:27:20:9b:e0,01:80:c2:00:00:0e,,,,,,60
2026-06-07T08:53:36.201665+00:00,jellyfish,widest_path,switch_down,run_scenario_jellyfish_widest_path_switch_down_20260607_084642,h0,jellyfish/widest_path/switch_down/run_scenario_jellyfish_widest_path_switch_down_20260607_084642/h0.pcap,a2:a0:27:20:9b:e0,01:80:c2:00:00:0e,,,,,,60
2026-06-07T08:53:40.958667+00:00,jellyfish,widest_path,switch_down,run_scenario_jellyfish_widest_path_switch_down_20260607_084642,h0,jellyfish/widest_path/switch_down/run_scenario_jellyfish_widest_path_switch_down_20260607_084642/h0.pcap,a2:a0:27:20:9b:e0,01:80:c2:00:00:0e,,,,,,60
2026-06-07T08:53:42.997426+00:00,jellyfish,widest_path,switch_down,run_scenario_jellyfish_widest_path_switch_down_20260607_084642,h0,jellyfish/widest_path/switch_down/run_scenario_jellyfish_widest_path_switch_down_20260607_084642/h0.pcap,a2:a0:27:20:9b:e0,01:80:c2:00:00:0e,,,,,,60
2026-06-07T08:53:45.036307+00:00,jellyfish,widest_path,switch_down,run_scenario_jellyfish_widest_path_switch_down_20260607_084642,h0,jellyfish/widest_path/switch_down/run_scenario_jellyfish_widest_path_switch_down_20260607_084642/h0.pcap,a2:a0:27:20:9b:e0,01:80:c2:00:00:0e,,,,,,60
2026-06-07T08:53:47.069442+00:00,jellyfish,widest_path,switch_down,run_scenario_jellyfish_widest_path_switch_down_20260607_084642,h0,jellyfish/widest_path/switch_down/run_scenario_jellyfish_widest_path_switch_down_20260607_084642/h0.pcap,a2:a0:27:20:9b:e0,01:80:c2:00:00:0e,,,,,,60
2026-06-07T08:53:49.131415+00:00,jellyfish,widest_path,switch_down,run_scenario_jellyfish_widest_path_switch_down_20260607_084642,h0,jellyfish/widest_path/switch_down/run_scenario_jellyfish_widest_path_switch_down_20260607_084642/h0.pcap,a2:a0:27:20:9b:e0,01:80:c2:00:00:0e,,,,,,60
2026-06-07T08:53:51.166832+00:00,jellyfish,widest_path,switch_down,run_scenario_jellyfish_widest_path_switch_down_20260607_084642,h0,jellyfish/widest_path/switch_down/run_scenario_jellyfish_widest_path_switch_down_20260607_084642/h0.pcap,a2:a0:27:20:9b:e0,01:80:c2:00:00:0e,,,,,,60
2026-06-07T08:53:53.201795+00:00,jellyfish,widest_path,switch_down,run_scenario_jellyfish_widest_path_switch_down_20260607_084642,h0,jellyfish/widest_path/switch_down/run_scenario_jellyfish_widest_path_switch_down_20260607_084642/h0.pcap,a2:a0:27:20:9b:e0,01:80:c2:00:00:0e,,,,,,60
2026-06-07T08:53:53.505844+00:00,jellyfish,widest_path,switch_down,run_scenario_jellyfish_widest_path_switch_down_20260607_084642,h0,jellyfish/widest_path/switch_down/run_scenario_jellyfish_widest_path_switch_down_20260607_084642/h0.pcap,00:00:00:00:05:01,00:00:00:00:00:01,10.0.0.6,10.0.0.1,IP,,,96
2026-06-07T08:53:53.505897+00:00,jellyfish,widest_path,switch_down,run_scenario_jellyfish_widest_path_switch_down_20260607_084642,h0,jellyfish/widest_path/switch_down/run_scenario_jellyfish_widest_path_switch_down_20260607_084642/h0.pcap,00:00:00:00:00:01,00:00:00:00:05:01,10.0.0.1,10.0.0.6,IP,,,96
2026-06-07T08:53:55.232961+00:00,jellyfish,widest_path,switch_down,run_scenario_jellyfish_widest_path_switch_down_20260607_084642,h0,jellyfish/widest_path/switch_down/run_scenario_jellyfish_widest_path_switch_down_20260607_084642/h0.pcap,a2:a0:27:20:9b:e0,01:80:c2:00:00:0e,,,,,,60
2026-06-07T08:53:57.261733+00:00,jellyfish,widest_path,switch_down,run_scenario_jellyfish_widest_path_switch_down_20260607_084642,h0,jellyfish/widest_path/switch_down/run_scenario_jellyfish_widest_path_switch_down_20260607_084642/h0.pcap,a2:a0:27:20:9b:e0,01:80:c2:00:00:0e,,,,,,60
2026-06-07T08:53:59.295788+00:00,jellyfish,widest_path,switch_down,run_scenario_jellyfish_widest_path_switch_down_20260607_084642,h0,jellyfish/widest_path/switch_down/run_scenario_jellyfish_widest_path_switch_down_20260607_084642/h0.pcap,a2:a0:27:20:9b:e0,01:80:c2:00:00:0e,,,,,,60
2026-06-07T08:54:01.332437+00:00,jellyfish,widest_path,switch_down,run_scenario_jellyfish_widest_path_switch_down_20260607_084642,h0,jellyfish/widest_path/switch_down/run_scenario_jellyfish_widest_path_switch_down_20260607_084642/h0.pcap,a2:a0:27:20:9b:e0,01:80:c2:00:00:0e,,,,,,60
2026-06-07T08:54:03.367427+00:00,jellyfish,widest_path,switch_down,run_scenario_jellyfish_widest_path_switch_down_20260607_084642,h0,jellyfish/widest_path/switch_down/run_scenario_jellyfish_widest_path_switch_down_20260607_084642/h0.pcap,a2:a0:27:20:9b:e0,01:80:c2:00:00:0e,,,,,,60
2026-06-07T08:54:05.397992+00:00,jellyfish,widest_path,switch_down,run_scenario_jellyfish_widest_path_switch_down_20260607_084642,h0,jellyfish/widest_path/switch_down/run_scenario_jellyfish_widest_path_switch_down_20260607_084642/h0.pcap,a2:a0:27:20:9b:e0,01:80:c2:00:00:0e,,,,,,60
2026-06-07T08:54:07.430415+00:00,jellyfish,widest_path,switch_down,run_scenario_jellyfish_widest_path_switch_down_20260607_084642,h0,jellyfish/widest_path/switch_down/run_scenario_jellyfish_widest_path_switch_down_20260607_084642/h0.pcap,a2:a0:27:20:9b:e0,01:80:c2:00:00:0e,,,,,,60
2026-06-07T08:54:09.463288+00:00,jellyfish,widest_path,switch_down,run_scenario_jellyfish_widest_path_switch_down_20260607_084642,h0,jellyfish/widest_path/switch_down/run_scenario_jellyfish_widest_path_switch_down_20260607_084642/h0.pcap,a2:a0:27:20:9b:e0,01:80:c2:00:00:0e,,,,,,60
2026-06-07T08:54:14.226379+00:00,jellyfish,widest_path,switch_down,run_scenario_jellyfish_widest_path_switch_down_20260607_084642,h0,jellyfish/widest_path/switch_down/run_scenario_jellyfish_widest_path_switch_down_20260607_084642/h0.pcap,a2:a0:27:20:9b:e0,01:80:c2:00:00:0e,,,,,,60
2026-06-07T08:54:16.254883+00:00,jellyfish,widest_path,switch_down,run_scenario_jellyfish_widest_path_switch_down_20260607_084642,h0,jellyfish/widest_path/switch_down/run_scenario_jellyfish_widest_path_switch_down_20260607_084642/h0.pcap,a2:a0:27:20:9b:e0,01:80:c2:00:00:0e,,,,,,60
2026-06-07T08:54:18.290629+00:00,jellyfish,widest_path,switch_down,run_scenario_jellyfish_widest_path_switch_down_20260607_084642,h0,jellyfish/widest_path/switch_down/run_scenario_jellyfish_widest_path_switch_down_20260607_084642/h0.pcap,a2:a0:27:20:9b:e0,01:80:c2:00:00:0e,,,,,,60
2026-06-07T08:54:20.321397+00:00,jellyfish,widest_path,switch_down,run_scenario_jellyfish_widest_path_switch_down_20260607_084642,h0,jellyfish/widest_path/switch_down/run_scenario_jellyfish_widest_path_switch_down_20260607_084642/h0.pcap,a2:a0:27:20:9b:e0,01:80:c2:00:00:0e,,,,,,60
2026-06-07T08:54:22.357376+00:00,jellyfish,widest_path,switch_down,run_scenario_jellyfish_widest_path_switch_down_20260607_084642,h0,jellyfish/widest_path/switch_down/run_scenario_jellyfish_widest_path_switch_down_20260607_084642/h0.pcap,a2:a0:27:20:9b:e0,01:80:c2:00:00:0e,,,,,,60
2026-06-07T08:54:24.393418+00:00,jellyfish,widest_path,switch_down,run_scenario_jellyfish_widest_path_switch_down_20260607_084642,h0,jellyfish/widest_path/switch_down/run_scenario_jellyfish_widest_path_switch_down_20260607_084642/h0.pcap,a2:a0:27:20:9b:e0,01:80:c2:00:00:0e,,,,,,60
2026-06-07T08:54:26.429181+00:00,jellyfish,widest_path,switch_down,run_scenario_jellyfish_widest_path_switch_down_20260607_084642,h0,jellyfish/widest_path/switch_down/run_scenario_jellyfish_widest_path_switch_down_20260607_084642/h0.pcap,a2:a0:27:20:9b:e0,01:80:c2:00:00:0e,,,,,,60
2026-06-07T08:54:28.460249+00:00,jellyfish,widest_path,switch_down,run_scenario_jellyfish_widest_path_switch_down_20260607_084642,h0,jellyfish/widest_path/switch_down/run_scenario_jellyfish_widest_path_switch_down_20260607_084642/h0.pcap,a2:a0:27:20:9b:e0,01:80:c2:00:00:0e,,,,,,60
2026-06-07T08:54:30.490602+00:00,jellyfish,widest_path,switch_down,run_scenario_jellyfish_widest_path_switch_down_20260607_084642,h0,jellyfish/widest_path/switch_down/run_scenario_jellyfish_widest_path_switch_down_20260607_084642/h0.pcap,a2:a0:27:20:9b:e0,01:80:c2:00:00:0e,,,,,,60
2026-06-07T08:54:32.527506+00:00,jellyfish,widest_path,switch_down,run_scenario_jellyfish_widest_path_switch_down_20260607_084642,h0,jellyfish/widest_path/switch_down/run_scenario_jellyfish_widest_path_switch_down_20260607_084642/h0.pcap,a2:a0:27:20:9b:e0,01:80:c2:00:00:0e,,,,,,60
2026-06-07T08:54:34.559358+00:00,jellyfish,widest_path,switch_down,run_scenario_jellyfish_widest_path_switch_down_20260607_084642,h0,jellyfish/widest_path/switch_down/run_scenario_jellyfish_widest_path_switch_down_20260607_084642/h0.pcap,a2:a0:27:20:9b:e0,01:80:c2:00:00:0e,,,,,,60
2026-06-07T08:54:36.590491+00:00,jellyfish,widest_path,switch_down,run_scenario_jellyfish_widest_path_switch_down_20260607_084642,h0,jellyfish/widest_path/switch_down/run_scenario_jellyfish_widest_path_switch_down_20260607_084642/h0.pcap,a2:a0:27:20:9b:e0,01:80:c2:00:00:0e,,,,,,60
2026-06-07T08:54:38.625311+00:00,jellyfish,widest_path,switch_down,run_scenario_jellyfish_widest_path_switch_down_20260607_084642,h0,jellyfish/widest_path/switch_down/run_scenario_jellyfish_widest_path_switch_down_20260607_084642/h0.pcap,a2:a0:27:20:9b:e0,01:80:c2:00:00:0e,,,,,,60
2026-06-07T08:54:40.657254+00:00,jellyfish,widest_path,switch_down,run_scenario_jellyfish_widest_path_switch_down_20260607_084642,h0,jellyfish/widest_path/switch_down/run_scenario_jellyfish_widest_path_switch_down_20260607_084642/h0.pcap,a2:a0:27:20:9b:e0,01:80:c2:00:00:0e,,,,,,60
2026-06-07T08:54:42.692405+00:00,jellyfish,widest_path,switch_down,run_scenario_jellyfish_widest_path_switch_down_20260607_084642,h0,jellyfish/widest_path/switch_down/run_scenario_jellyfish_widest_path_switch_down_20260607_084642/h0.pcap,a2:a0:27:20:9b:e0,01:80:c2:00:00:0e,,,,,,60
2026-06-07T08:54:47.455856+00:00,jellyfish,widest_path,switch_down,run_scenario_jellyfish_widest_path_switch_down_20260607_084642,h0,jellyfish/widest_path/switch_down/run_scenario_jellyfish_widest_path_switch_down_20260607_084642/h0.pcap,a2:a0:27:20:9b:e0,01:80:c2:00:00:0e,,,,,,60
2026-06-07T08:54:49.140114+00:00,jellyfish,widest_path,switch_down,run_scenario_jellyfish_widest_path_switch_down_20260607_084642,h0,jellyfish/widest_path/switch_down/run_scenario_jellyfish_widest_path_switch_down_20260607_084642/h0.pcap,00:00:00:00:06:01,00:00:00:00:00:01,10.0.0.7,10.0.0.1,IP,,,96
2026-06-07T08:54:49.140417+00:00,jellyfish,widest_path,switch_down,run_scenario_jellyfish_widest_path_switch_down_20260607_084642,h0,jellyfish/widest_path/switch_down/run_scenario_jellyfish_widest_path_switch_down_20260607_084642/h0.pcap,00:00:00:00:00:01,00:00:00:00:06:01,10.0.0.1,10.0.0.7,IP,,,96
2026-06-07T08:54:49.520077+00:00,jellyfish,widest_path,switch_down,run_scenario_jellyfish_widest_path_switch_down_20260607_084642,h0,jellyfish/widest_path/switch_down/run_scenario_jellyfish_widest_path_switch_down_20260607_084642/h0.pcap,a2:a0:27:20:9b:e0,01:80:c2:00:00:0e,,,,,,60
2026-06-07T08:54:51.552001+00:00,jellyfish,widest_path,switch_down,run_scenario_jellyfish_widest_path_switch_down_20260607_084642,h0,jellyfish/widest_path/switch_down/run_scenario_jellyfish_widest_path_switch_down_20260607_084642/h0.pcap,a2:a0:27:20:9b:e0,01:80:c2:00:00:0e,,,,,,60
2026-06-07T08:54:53.583819+00:00,jellyfish,widest_path,switch_down,run_scenario_jellyfish_widest_path_switch_down_20260607_084642,h0,jellyfish/widest_path/switch_down/run_scenario_jellyfish_widest_path_switch_down_20260607_084642/h0.pcap,a2:a0:27:20:9b:e0,01:80:c2:00:00:0e,,,,,,60
2026-06-07T08:54:55.614097+00:00,jellyfish,widest_path,switch_down,run_scenario_jellyfish_widest_path_switch_down_20260607_084642,h0,jellyfish/widest_path/switch_down/run_scenario_jellyfish_widest_path_switch_down_20260607_084642/h0.pcap,a2:a0:27:20:9b:e0,01:80:c2:00:00:0e,,,,,,60
2026-06-07T08:54:57.650146+00:00,jellyfish,widest_path,switch_down,run_scenario_jellyfish_widest_path_switch_down_20260607_084642,h0,jellyfish/widest_path/switch_down/run_scenario_jellyfish_widest_path_switch_down_20260607_084642/h0.pcap,a2:a0:27:20:9b:e0,01:80:c2:00:00:0e,,,,,,60
2026-06-07T08:54:59.684955+00:00,jellyfish,widest_path,switch_down,run_scenario_jellyfish_widest_path_switch_down_20260607_084642,h0,jellyfish/widest_path/switch_down/run_scenario_jellyfish_widest_path_switch_down_20260607_084642/h0.pcap,a2:a0:27:20:9b:e0,01:80:c2:00:00:0e,,,,,,60
2026-06-07T08:55:01.721607+00:00,jellyfish,widest_path,switch_down,run_scenario_jellyfish_widest_path_switch_down_20260607_084642,h0,jellyfish/widest_path/switch_down/run_scenario_jellyfish_widest_path_switch_down_20260607_084642/h0.pcap,a2:a0:27:20:9b:e0,01:80:c2:00:00:0e,,,,,,60
2026-06-07T08:55:03.762095+00:00,jellyfish,widest_path,switch_down,run_scenario_jellyfish_widest_path_switch_down_20260607_084642,h0,jellyfish/widest_path/switch_down/run_scenario_jellyfish_widest_path_switch_down_20260607_084642/h0.pcap,a2:a0:27:20:9b:e0,01:80:c2:00:00:0e,,,,,,60
2026-06-07T08:55:05.800175+00:00,jellyfish,widest_path,switch_down,run_scenario_jellyfish_widest_path_switch_down_20260607_084642,h0,jellyfish/widest_path/switch_down/run_scenario_jellyfish_widest_path_switch_down_20260607_084642/h0.pcap,a2:a0:27:20:9b:e0,01:80:c2:00:00:0e,,,,,,60
2026-06-07T08:55:07.831316+00:00,jellyfish,widest_path,switch_down,run_scenario_jellyfish_widest_path_switch_down_20260607_084642,h0,jellyfish/widest_path/switch_down/run_scenario_jellyfish_widest_path_switch_down_20260607_084642/h0.pcap,a2:a0:27:20:9b:e0,01:80:c2:00:00:0e,,,,,,60
2026-06-07T08:55:09.869969+00:00,jellyfish,widest_path,switch_down,run_scenario_jellyfish_widest_path_switch_down_20260607_084642,h0,jellyfish/widest_path/switch_down/run_scenario_jellyfish_widest_path_switch_down_20260607_084642/h0.pcap,a2:a0:27:20:9b:e0,01:80:c2:00:00:0e,,,,,,60
2026-06-07T08:55:11.906602+00:00,jellyfish,widest_path,switch_down,run_scenario_jellyfish_widest_path_switch_down_20260607_084642,h0,jellyfish/widest_path/switch_down/run_scenario_jellyfish_widest_path_switch_down_20260607_084642/h0.pcap,a2:a0:27:20:9b:e0,01:80:c2:00:00:0e,,,,,,60
2026-06-07T08:55:13.943494+00:00,jellyfish,widest_path,switch_down,run_scenario_jellyfish_widest_path_switch_down_20260607_084642,h0,jellyfish/widest_path/switch_down/run_scenario_jellyfish_widest_path_switch_down_20260607_084642/h0.pcap,a2:a0:27:20:9b:e0,01:80:c2:00:00:0e,,,,,,60
2026-06-07T08:55:15.257977+00:00,jellyfish,widest_path,switch_down,run_scenario_jellyfish_widest_path_switch_down_20260607_084642,h0,jellyfish/widest_path/switch_down/run_scenario_jellyfish_widest_path_switch_down_20260607_084642/h0.pcap,a2:a0:27:20:9b:e0,01:80:c2:00:00:0e,,,,,,60
2026-06-07T08:55:20.744949+00:00,jellyfish,widest_path,switch_down,run_scenario_jellyfish_widest_path_switch_down_20260607_084642,h0,jellyfish/widest_path/switch_down/run_scenario_jellyfish_widest_path_switch_down_20260607_084642/h0.pcap,a2:a0:27:20:9b:e0,01:80:c2:00:00:0e,,,,,,60
2026-06-07T08:55:22.780768+00:00,jellyfish,widest_path,switch_down,run_scenario_jellyfish_widest_path_switch_down_20260607_084642,h0,jellyfish/widest_path/switch_down/run_scenario_jellyfish_widest_path_switch_down_20260607_084642/h0.pcap,a2:a0:27:20:9b:e0,01:80:c2:00:00:0e,,,,,,60
2026-06-07T08:55:24.818243+00:00,jellyfish,widest_path,switch_down,run_scenario_jellyfish_widest_path_switch_down_20260607_084642,h0,jellyfish/widest_path/switch_down/run_scenario_jellyfish_widest_path_switch_down_20260607_084642/h0.pcap,a2:a0:27:20:9b:e0,01:80:c2:00:00:0e,,,,,,60
2026-06-07T08:55:26.852072+00:00,jellyfish,widest_path,switch_down,run_scenario_jellyfish_widest_path_switch_down_20260607_084642,h0,jellyfish/widest_path/switch_down/run_scenario_jellyfish_widest_path_switch_down_20260607_084642/h0.pcap,a2:a0:27:20:9b:e0,01:80:c2:00:00:0e,,,,,,60
2026-06-07T08:55:28.886778+00:00,jellyfish,widest_path,switch_down,run_scenario_jellyfish_widest_path_switch_down_20260607_084642,h0,jellyfish/widest_path/switch_down/run_scenario_jellyfish_widest_path_switch_down_20260607_084642/h0.pcap,a2:a0:27:20:9b:e0,01:80:c2:00:00:0e,,,,,,60
2026-06-07T08:55:30.922351+00:00,jellyfish,widest_path,switch_down,run_scenario_jellyfish_widest_path_switch_down_20260607_084642,h0,jellyfish/widest_path/switch_down/run_scenario_jellyfish_widest_path_switch_down_20260607_084642/h0.pcap,a2:a0:27:20:9b:e0,01:80:c2:00:00:0e,,,,,,60
2026-06-07T08:55:32.075396+00:00,jellyfish,widest_path,switch_down,run_scenario_jellyfish_widest_path_switch_down_20260607_084642,h0,jellyfish/widest_path/switch_down/run_scenario_jellyfish_widest_path_switch_down_20260607_084642/h0.pcap,00:00:00:00:07:01,00:00:00:00:00:01,10.0.0.8,10.0.0.1,IP,,,96
2026-06-07T08:55:32.075445+00:00,jellyfish,widest_path,switch_down,run_scenario_jellyfish_widest_path_switch_down_20260607_084642,h0,jellyfish/widest_path/switch_down/run_scenario_jellyfish_widest_path_switch_down_20260607_084642/h0.pcap,00:00:00:00:00:01,00:00:00:00:07:01,10.0.0.1,10.0.0.8,IP,,,96
2026-06-07T08:55:32.960099+00:00,jellyfish,widest_path,switch_down,run_scenario_jellyfish_widest_path_switch_down_20260607_084642,h0,jellyfish/widest_path/switch_down/run_scenario_jellyfish_widest_path_switch_down_20260607_084642/h0.pcap,a2:a0:27:20:9b:e0,01:80:c2:00:00:0e,,,,,,60
2026-06-07T08:55:34.993917+00:00,jellyfish,widest_path,switch_down,run_scenario_jellyfish_widest_path_switch_down_20260607_084642,h0,jellyfish/widest_path/switch_down/run_scenario_jellyfish_widest_path_switch_down_20260607_084642/h0.pcap,a2:a0:27:20:9b:e0,01:80:c2:00:00:0e,,,,,,60
2026-06-07T08:55:37.024055+00:00,jellyfish,widest_path,switch_down,run_scenario_jellyfish_widest_path_switch_down_20260607_084642,h0,jellyfish/widest_path/switch_down/run_scenario_jellyfish_widest_path_switch_down_20260607_084642/h0.pcap,a2:a0:27:20:9b:e0,01:80:c2:00:00:0e,,,,,,60
2026-06-07T08:55:39.055233+00:00,jellyfish,widest_path,switch_down,run_scenario_jellyfish_widest_path_switch_down_20260607_084642,h0,jellyfish/widest_path/switch_down/run_scenario_jellyfish_widest_path_switch_down_20260607_084642/h0.pcap,a2:a0:27:20:9b:e0,01:80:c2:00:00:0e,,,,,,60
2026-06-07T08:55:41.112450+00:00,jellyfish,widest_path,switch_down,run_scenario_jellyfish_widest_path_switch_down_20260607_084642,h0,jellyfish/widest_path/switch_down/run_scenario_jellyfish_widest_path_switch_down_20260607_084642/h0.pcap,a2:a0:27:20:9b:e0,01:80:c2:00:00:0e,,,,,,60
2026-06-07T08:55:43.241620+00:00,jellyfish,widest_path,switch_down,run_scenario_jellyfish_widest_path_switch_down_20260607_084642,h0,jellyfish/widest_path/switch_down/run_scenario_jellyfish_widest_path_switch_down_20260607_084642/h0.pcap,a2:a0:27:20:9b:e0,01:80:c2:00:00:0e,,,,,,60
2026-06-07T08:55:45.270501+00:00,jellyfish,widest_path,switch_down,run_scenario_jellyfish_widest_path_switch_down_20260607_084642,h0,jellyfish/widest_path/switch_down/run_scenario_jellyfish_widest_path_switch_down_20260607_084642/h0.pcap,a2:a0:27:20:9b:e0,01:80:c2:00:00:0e,,,,,,60
2026-06-07T08:55:47.302287+00:00,jellyfish,widest_path,switch_down,run_scenario_jellyfish_widest_path_switch_down_20260607_084642,h0,jellyfish/widest_path/switch_down/run_scenario_jellyfish_widest_path_switch_down_20260607_084642/h0.pcap,a2:a0:27:20:9b:e0,01:80:c2:00:00:0e,,,,,,60
2026-06-07T08:55:52.069181+00:00,jellyfish,widest_path,switch_down,run_scenario_jellyfish_widest_path_switch_down_20260607_084642,h0,jellyfish/widest_path/switch_down/run_scenario_jellyfish_widest_path_switch_down_20260607_084642/h0.pcap,a2:a0:27:20:9b:e0,01:80:c2:00:00:0e,,,,,,60
2026-06-07T08:55:54.115459+00:00,jellyfish,widest_path,switch_down,run_scenario_jellyfish_widest_path_switch_down_20260607_084642,h0,jellyfish/widest_path/switch_down/run_scenario_jellyfish_widest_path_switch_down_20260607_084642/h0.pcap,a2:a0:27:20:9b:e0,01:80:c2:00:00:0e,,,,,,60
2026-06-07T08:55:56.224609+00:00,jellyfish,widest_path,switch_down,run_scenario_jellyfish_widest_path_switch_down_20260607_084642,h0,jellyfish/widest_path/switch_down/run_scenario_jellyfish_widest_path_switch_down_20260607_084642/h0.pcap,a2:a0:27:20:9b:e0,01:80:c2:00:00:0e,,,,,,60
2026-06-07T08:55:58.276516+00:00,jellyfish,widest_path,switch_down,run_scenario_jellyfish_widest_path_switch_down_20260607_084642,h0,jellyfish/widest_path/switch_down/run_scenario_jellyfish_widest_path_switch_down_20260607_084642/h0.pcap,a2:a0:27:20:9b:e0,01:80:c2:00:00:0e,,,,,,60
2026-06-07T08:56:00.321257+00:00,jellyfish,widest_path,switch_down,run_scenario_jellyfish_widest_path_switch_down_20260607_084642,h0,jellyfish/widest_path/switch_down/run_scenario_jellyfish_widest_path_switch_down_20260607_084642/h0.pcap,a2:a0:27:20:9b:e0,01:80:c2:00:00:0e,,,,,,60
2026-06-07T08:56:02.374406+00:00,jellyfish,widest_path,switch_down,run_scenario_jellyfish_widest_path_switch_down_20260607_084642,h0,jellyfish/widest_path/switch_down/run_scenario_jellyfish_widest_path_switch_down_20260607_084642/h0.pcap,a2:a0:27:20:9b:e0,01:80:c2:00:00:0e,,,,,,60
2026-06-07T08:56:04.499759+00:00,jellyfish,widest_path,switch_down,run_scenario_jellyfish_widest_path_switch_down_20260607_084642,h0,jellyfish/widest_path/switch_down/run_scenario_jellyfish_widest_path_switch_down_20260607_084642/h0.pcap,a2:a0:27:20:9b:e0,01:80:c2:00:00:0e,,,,,,60
2026-06-07T08:56:05.253751+00:00,jellyfish,widest_path,switch_down,run_scenario_jellyfish_widest_path_switch_down_20260607_084642,h0,jellyfish/widest_path/switch_down/run_scenario_jellyfish_widest_path_switch_down_20260607_084642/h0.pcap,00:00:00:00:08:01,00:00:00:00:00:01,10.0.0.9,10.0.0.1,IP,,,96
2026-06-07T08:56:05.253793+00:00,jellyfish,widest_path,switch_down,run_scenario_jellyfish_widest_path_switch_down_20260607_084642,h0,jellyfish/widest_path/switch_down/run_scenario_jellyfish_widest_path_switch_down_20260607_084642/h0.pcap,00:00:00:00:00:01,00:00:00:00:08:01,10.0.0.1,10.0.0.9,IP,,,96
2026-06-07T08:56:06.527998+00:00,jellyfish,widest_path,switch_down,run_scenario_jellyfish_widest_path_switch_down_20260607_084642,h0,jellyfish/widest_path/switch_down/run_scenario_jellyfish_widest_path_switch_down_20260607_084642/h0.pcap,a2:a0:27:20:9b:e0,01:80:c2:00:00:0e,,,,,,60
2026-06-07T08:56:08.562121+00:00,jellyfish,widest_path,switch_down,run_scenario_jellyfish_widest_path_switch_down_20260607_084642,h0,jellyfish/widest_path/switch_down/run_scenario_jellyfish_widest_path_switch_down_20260607_084642/h0.pcap,a2:a0:27:20:9b:e0,01:80:c2:00:00:0e,,,,,,60
2026-06-07T08:56:10.607380+00:00,jellyfish,widest_path,switch_down,run_scenario_jellyfish_widest_path_switch_down_20260607_084642,h0,jellyfish/widest_path/switch_down/run_scenario_jellyfish_widest_path_switch_down_20260607_084642/h0.pcap,a2:a0:27:20:9b:e0,01:80:c2:00:00:0e,,,,,,60
2026-06-07T08:56:12.640989+00:00,jellyfish,widest_path,switch_down,run_scenario_jellyfish_widest_path_switch_down_20260607_084642,h0,jellyfish/widest_path/switch_down/run_scenario_jellyfish_widest_path_switch_down_20260607_084642/h0.pcap,a2:a0:27:20:9b:e0,01:80:c2:00:00:0e,,,,,,60
2026-06-07T08:56:14.768059+00:00,jellyfish,widest_path,switch_down,run_scenario_jellyfish_widest_path_switch_down_20260607_084642,h0,jellyfish/widest_path/switch_down/run_scenario_jellyfish_widest_path_switch_down_20260607_084642/h0.pcap,a2:a0:27:20:9b:e0,01:80:c2:00:00:0e,,,,,,60
2026-06-07T08:56:16.819448+00:00,jellyfish,widest_path,switch_down,run_scenario_jellyfish_widest_path_switch_down_20260607_084642,h0,jellyfish/widest_path/switch_down/run_scenario_jellyfish_widest_path_switch_down_20260607_084642/h0.pcap,a2:a0:27:20:9b:e0,01:80:c2:00:00:0e,,,,,,60
2026-06-07T08:56:18.871906+00:00,jellyfish,widest_path,switch_down,run_scenario_jellyfish_widest_path_switch_down_20260607_084642,h0,jellyfish/widest_path/switch_down/run_scenario_jellyfish_widest_path_switch_down_20260607_084642/h0.pcap,a2:a0:27:20:9b:e0,01:80:c2:00:00:0e,,,,,,60
2026-06-07T08:56:20.924313+00:00,jellyfish,widest_path,switch_down,run_scenario_jellyfish_widest_path_switch_down_20260607_084642,h0,jellyfish/widest_path/switch_down/run_scenario_jellyfish_widest_path_switch_down_20260607_084642/h0.pcap,a2:a0:27:20:9b:e0,01:80:c2:00:00:0e,,,,,,60
2026-06-07T08:56:25.706027+00:00,jellyfish,widest_path,switch_down,run_scenario_jellyfish_widest_path_switch_down_20260607_084642,h0,jellyfish/widest_path/switch_down/run_scenario_jellyfish_widest_path_switch_down_20260607_084642/h0.pcap,a2:a0:27:20:9b:e0,01:80:c2:00:00:0e,,,,,,60
2026-06-07T08:56:27.736326+00:00,jellyfish,widest_path,switch_down,run_scenario_jellyfish_widest_path_switch_down_20260607_084642,h0,jellyfish/widest_path/switch_down/run_scenario_jellyfish_widest_path_switch_down_20260607_084642/h0.pcap,a2:a0:27:20:9b:e0,01:80:c2:00:00:0e,,,,,,60
2026-06-07T08:56:28.415869+00:00,jellyfish,widest_path,switch_down,run_scenario_jellyfish_widest_path_switch_down_20260607_084642,h0,jellyfish/widest_path/switch_down/run_scenario_jellyfish_widest_path_switch_down_20260607_084642/h0.pcap,00:00:00:00:09:01,00:00:00:00:00:01,10.0.0.10,10.0.0.1,IP,,,96
2026-06-07T08:56:28.418177+00:00,jellyfish,widest_path,switch_down,run_scenario_jellyfish_widest_path_switch_down_20260607_084642,h0,jellyfish/widest_path/switch_down/run_scenario_jellyfish_widest_path_switch_down_20260607_084642/h0.pcap,00:00:00:00:00:01,00:00:00:00:09:01,10.0.0.1,10.0.0.10,IP,,,96
2026-06-07T08:56:29.824229+00:00,jellyfish,widest_path,switch_down,run_scenario_jellyfish_widest_path_switch_down_20260607_084642,h0,jellyfish/widest_path/switch_down/run_scenario_jellyfish_widest_path_switch_down_20260607_084642/h0.pcap,a2:a0:27:20:9b:e0,01:80:c2:00:00:0e,,,,,,60
2026-06-07T08:56:31.888716+00:00,jellyfish,widest_path,switch_down,run_scenario_jellyfish_widest_path_switch_down_20260607_084642,h0,jellyfish/widest_path/switch_down/run_scenario_jellyfish_widest_path_switch_down_20260607_084642/h0.pcap,a2:a0:27:20:9b:e0,01:80:c2:00:00:0e,,,,,,60
2026-06-07T08:56:33.934015+00:00,jellyfish,widest_path,switch_down,run_scenario_jellyfish_widest_path_switch_down_20260607_084642,h0,jellyfish/widest_path/switch_down/run_scenario_jellyfish_widest_path_switch_down_20260607_084642/h0.pcap,a2:a0:27:20:9b:e0,01:80:c2:00:00:0e,,,,,,60
2026-06-07T08:56:36.009577+00:00,jellyfish,widest_path,switch_down,run_scenario_jellyfish_widest_path_switch_down_20260607_084642,h0,jellyfish/widest_path/switch_down/run_scenario_jellyfish_widest_path_switch_down_20260607_084642/h0.pcap,a2:a0:27:20:9b:e0,01:80:c2:00:00:0e,,,,,,60
2026-06-07T08:56:38.046383+00:00,jellyfish,widest_path,switch_down,run_scenario_jellyfish_widest_path_switch_down_20260607_084642,h0,jellyfish/widest_path/switch_down/run_scenario_jellyfish_widest_path_switch_down_20260607_084642/h0.pcap,a2:a0:27:20:9b:e0,01:80:c2:00:00:0e,,,,,,60
2026-06-07T08:56:38.701203+00:00,jellyfish,widest_path,switch_down,run_scenario_jellyfish_widest_path_switch_down_20260607_084642,h0,jellyfish/widest_path/switch_down/run_scenario_jellyfish_widest_path_switch_down_20260607_084642/h0.pcap,00:00:00:00:00:01,00:00:00:00:01:01,10.0.0.1,10.0.0.2,IP,,,96
2026-06-07T08:56:40.077961+00:00,jellyfish,widest_path,switch_down,run_scenario_jellyfish_widest_path_switch_down_20260607_084642,h0,jellyfish/widest_path/switch_down/run_scenario_jellyfish_widest_path_switch_down_20260607_084642/h0.pcap,a2:a0:27:20:9b:e0,01:80:c2:00:00:0e,,,,,,60
2026-06-07T08:56:41.319785+00:00,jellyfish,widest_path,switch_down,run_scenario_jellyfish_widest_path_switch_down_20260607_084642,h0,jellyfish/widest_path/switch_down/run_scenario_jellyfish_widest_path_switch_down_20260607_084642/h0.pcap,00:00:00:00:00:01,00:00:00:00:01:01,10.0.0.1,10.0.0.2,TCP,37788,5201,74
2026-06-07T08:56:42.111274+00:00,jellyfish,widest_path,switch_down,run_scenario_jellyfish_widest_path_switch_down_20260607_084642,h0,jellyfish/widest_path/switch_down/run_scenario_jellyfish_widest_path_switch_down_20260607_084642/h0.pcap,a2:a0:27:20:9b:e0,01:80:c2:00:00:0e,,,,,,60
2026-06-07T08:56:42.321750+00:00,jellyfish,widest_path,switch_down,run_scenario_jellyfish_widest_path_switch_down_20260607_084642,h0,jellyfish/widest_path/switch_down/run_scenario_jellyfish_widest_path_switch_down_20260607_084642/h0.pcap,00:00:00:00:00:01,00:00:00:00:01:01,10.0.0.1,10.0.0.2,TCP,37788,5201,74
2026-06-07T08:56:43.345737+00:00,jellyfish,widest_path,switch_down,run_scenario_jellyfish_widest_path_switch_down_20260607_084642,h0,jellyfish/widest_path/switch_down/run_scenario_jellyfish_widest_path_switch_down_20260607_084642/h0.pcap,00:00:00:00:00:01,00:00:00:00:01:01,10.0.0.1,10.0.0.2,TCP,37788,5201,74
2026-06-07T08:56:44.142625+00:00,jellyfish,widest_path,switch_down,run_scenario_jellyfish_widest_path_switch_down_20260607_084642,h0,jellyfish/widest_path/switch_down/run_scenario_jellyfish_widest_path_switch_down_20260607_084642/h0.pcap,a2:a0:27:20:9b:e0,01:80:c2:00:00:0e,,,,,,60
2026-06-07T08:56:44.369754+00:00,jellyfish,widest_path,switch_down,run_scenario_jellyfish_widest_path_switch_down_20260607_084642,h0,jellyfish/widest_path/switch_down/run_scenario_jellyfish_widest_path_switch_down_20260607_084642/h0.pcap,00:00:00:00:00:01,00:00:00:00:01:01,10.0.0.1,10.0.0.2,TCP,37788,5201,74
2026-06-07T08:56:45.393731+00:00,jellyfish,widest_path,switch_down,run_scenario_jellyfish_widest_path_switch_down_20260607_084642,h0,jellyfish/widest_path/switch_down/run_scenario_jellyfish_widest_path_switch_down_20260607_084642/h0.pcap,00:00:00:00:00:01,00:00:00:00:01:01,10.0.0.1,10.0.0.2,TCP,37788,5201,74
2026-06-07T08:56:46.177103+00:00,jellyfish,widest_path,switch_down,run_scenario_jellyfish_widest_path_switch_down_20260607_084642,h0,jellyfish/widest_path/switch_down/run_scenario_jellyfish_widest_path_switch_down_20260607_084642/h0.pcap,a2:a0:27:20:9b:e0,01:80:c2:00:00:0e,,,,,,60
2026-06-07T08:56:46.417718+00:00,jellyfish,widest_path,switch_down,run_scenario_jellyfish_widest_path_switch_down_20260607_084642,h0,jellyfish/widest_path/switch_down/run_scenario_jellyfish_widest_path_switch_down_20260607_084642/h0.pcap,00:00:00:00:00:01,00:00:00:00:01:01,10.0.0.1,10.0.0.2,TCP,37788,5201,74
2026-06-07T08:56:48.209092+00:00,jellyfish,widest_path,switch_down,run_scenario_jellyfish_widest_path_switch_down_20260607_084642,h0,jellyfish/widest_path/switch_down/run_scenario_jellyfish_widest_path_switch_down_20260607_084642/h0.pcap,a2:a0:27:20:9b:e0,01:80:c2:00:00:0e,,,,,,60
2026-06-07T08:56:48.433767+00:00,jellyfish,widest_path,switch_down,run_scenario_jellyfish_widest_path_switch_down_20260607_084642,h0,jellyfish/widest_path/switch_down/run_scenario_jellyfish_widest_path_switch_down_20260607_084642/h0.pcap,00:00:00:00:00:01,00:00:00:00:01:01,10.0.0.1,10.0.0.2,TCP,37788,5201,74
2026-06-07T08:56:50.240601+00:00,jellyfish,widest_path,switch_down,run_scenario_jellyfish_widest_path_switch_down_20260607_084642,h0,jellyfish/widest_path/switch_down/run_scenario_jellyfish_widest_path_switch_down_20260607_084642/h0.pcap,a2:a0:27:20:9b:e0,01:80:c2:00:00:0e,,,,,,60
2026-06-07T08:56:52.272508+00:00,jellyfish,widest_path,switch_down,run_scenario_jellyfish_widest_path_switch_down_20260607_084642,h0,jellyfish/widest_path/switch_down/run_scenario_jellyfish_widest_path_switch_down_20260607_084642/h0.pcap,a2:a0:27:20:9b:e0,01:80:c2:00:00:0e,,,,,,60
2026-06-07T08:56:52.561738+00:00,jellyfish,widest_path,switch_down,run_scenario_jellyfish_widest_path_switch_down_20260607_084642,h0,jellyfish/widest_path/switch_down/run_scenario_jellyfish_widest_path_switch_down_20260607_084642/h0.pcap,00:00:00:00:00:01,00:00:00:00:01:01,10.0.0.1,10.0.0.2,TCP,37788,5201,74
2026-06-07T08:56:53.584433+00:00,jellyfish,widest_path,switch_down,run_scenario_jellyfish_widest_path_switch_down_20260607_084642,h0,jellyfish/widest_path/switch_down/run_scenario_jellyfish_widest_path_switch_down_20260607_084642/h0.pcap,a2:a0:27:20:9b:e0,01:80:c2:00:00:0e,,,,,,60
2026-06-07T08:56:59.062152+00:00,jellyfish,widest_path,switch_down,run_scenario_jellyfish_widest_path_switch_down_20260607_084642,h0,jellyfish/widest_path/switch_down/run_scenario_jellyfish_widest_path_switch_down_20260607_084642/h0.pcap,a2:a0:27:20:9b:e0,01:80:c2:00:00:0e,,,,,,60
2026-06-07T08:57:01.096455+00:00,jellyfish,widest_path,switch_down,run_scenario_jellyfish_widest_path_switch_down_20260607_084642,h0,jellyfish/widest_path/switch_down/run_scenario_jellyfish_widest_path_switch_down_20260607_084642/h0.pcap,a2:a0:27:20:9b:e0,01:80:c2:00:00:0e,,,,,,60
2026-06-07T08:57:03.131471+00:00,jellyfish,widest_path,switch_down,run_scenario_jellyfish_widest_path_switch_down_20260607_084642,h0,jellyfish/widest_path/switch_down/run_scenario_jellyfish_widest_path_switch_down_20260607_084642/h0.pcap,a2:a0:27:20:9b:e0,01:80:c2:00:00:0e,,,,,,60
2026-06-07T08:57:03.479888+00:00,jellyfish,widest_path,switch_down,run_scenario_jellyfish_widest_path_switch_down_20260607_084642,h0,jellyfish/widest_path/switch_down/run_scenario_jellyfish_widest_path_switch_down_20260607_084642/h0.pcap,00:00:00:00:00:01,00:00:00:00:01:01,10.0.0.1,10.0.0.2,TCP,37788,5201,74
2026-06-07T08:57:05.252194+00:00,jellyfish,widest_path,switch_down,run_scenario_jellyfish_widest_path_switch_down_20260607_084642,h0,jellyfish/widest_path/switch_down/run_scenario_jellyfish_widest_path_switch_down_20260607_084642/h0.pcap,a2:a0:27:20:9b:e0,01:80:c2:00:00:0e,,,,,,60
2026-06-07T08:57:07.293271+00:00,jellyfish,widest_path,switch_down,run_scenario_jellyfish_widest_path_switch_down_20260607_084642,h0,jellyfish/widest_path/switch_down/run_scenario_jellyfish_widest_path_switch_down_20260607_084642/h0.pcap,a2:a0:27:20:9b:e0,01:80:c2:00:00:0e,,,,,,60
2026-06-07T08:57:09.327901+00:00,jellyfish,widest_path,switch_down,run_scenario_jellyfish_widest_path_switch_down_20260607_084642,h0,jellyfish/widest_path/switch_down/run_scenario_jellyfish_widest_path_switch_down_20260607_084642/h0.pcap,a2:a0:27:20:9b:e0,01:80:c2:00:00:0e,,,,,,60
2026-06-07T08:57:11.358761+00:00,jellyfish,widest_path,switch_down,run_scenario_jellyfish_widest_path_switch_down_20260607_084642,h0,jellyfish/widest_path/switch_down/run_scenario_jellyfish_widest_path_switch_down_20260607_084642/h0.pcap,a2:a0:27:20:9b:e0,01:80:c2:00:00:0e,,,,,,60
2026-06-07T08:57:13.390669+00:00,jellyfish,widest_path,switch_down,run_scenario_jellyfish_widest_path_switch_down_20260607_084642,h0,jellyfish/widest_path/switch_down/run_scenario_jellyfish_widest_path_switch_down_20260607_084642/h0.pcap,a2:a0:27:20:9b:e0,01:80:c2:00:00:0e,,,,,,60
2026-06-07T08:57:15.424807+00:00,jellyfish,widest_path,switch_down,run_scenario_jellyfish_widest_path_switch_down_20260607_084642,h0,jellyfish/widest_path/switch_down/run_scenario_jellyfish_widest_path_switch_down_20260607_084642/h0.pcap,a2:a0:27:20:9b:e0,01:80:c2:00:00:0e,,,,,,60
2026-06-07T08:57:17.457447+00:00,jellyfish,widest_path,switch_down,run_scenario_jellyfish_widest_path_switch_down_20260607_084642,h0,jellyfish/widest_path/switch_down/run_scenario_jellyfish_widest_path_switch_down_20260607_084642/h0.pcap,a2:a0:27:20:9b:e0,01:80:c2:00:00:0e,,,,,,60
2026-06-07T08:57:19.493587+00:00,jellyfish,widest_path,switch_down,run_scenario_jellyfish_widest_path_switch_down_20260607_084642,h0,jellyfish/widest_path/switch_down/run_scenario_jellyfish_widest_path_switch_down_20260607_084642/h0.pcap,a2:a0:27:20:9b:e0,01:80:c2:00:00:0e,,,,,,60
2026-06-07T08:57:19.607675+00:00,jellyfish,widest_path,switch_down,run_scenario_jellyfish_widest_path_switch_down_20260607_084642,h0,jellyfish/widest_path/switch_down/run_scenario_jellyfish_widest_path_switch_down_20260607_084642/h0.pcap,00:00:00:00:00:01,00:00:00:00:01:01,10.0.0.1,10.0.0.2,TCP,37788,5201,74
2026-06-07T08:57:21.531996+00:00,jellyfish,widest_path,switch_down,run_scenario_jellyfish_widest_path_switch_down_20260607_084642,h0,jellyfish/widest_path/switch_down/run_scenario_jellyfish_widest_path_switch_down_20260607_084642/h0.pcap,a2:a0:27:20:9b:e0,01:80:c2:00:00:0e,,,,,,60
2026-06-07T08:57:23.568157+00:00,jellyfish,widest_path,switch_down,run_scenario_jellyfish_widest_path_switch_down_20260607_084642,h0,jellyfish/widest_path/switch_down/run_scenario_jellyfish_widest_path_switch_down_20260607_084642/h0.pcap,a2:a0:27:20:9b:e0,01:80:c2:00:00:0e,,,,,,60
2026-06-07T08:57:25.602123+00:00,jellyfish,widest_path,switch_down,run_scenario_jellyfish_widest_path_switch_down_20260607_084642,h0,jellyfish/widest_path/switch_down/run_scenario_jellyfish_widest_path_switch_down_20260607_084642/h0.pcap,a2:a0:27:20:9b:e0,01:80:c2:00:00:0e,,,,,,60
2026-06-07T08:57:30.368301+00:00,jellyfish,widest_path,switch_down,run_scenario_jellyfish_widest_path_switch_down_20260607_084642,h0,jellyfish/widest_path/switch_down/run_scenario_jellyfish_widest_path_switch_down_20260607_084642/h0.pcap,a2:a0:27:20:9b:e0,01:80:c2:00:00:0e,,,,,,60
2026-06-07T08:57:32.408491+00:00,jellyfish,widest_path,switch_down,run_scenario_jellyfish_widest_path_switch_down_20260607_084642,h0,jellyfish/widest_path/switch_down/run_scenario_jellyfish_widest_path_switch_down_20260607_084642/h0.pcap,a2:a0:27:20:9b:e0,01:80:c2:00:00:0e,,,,,,60
2026-06-07T08:57:34.446754+00:00,jellyfish,widest_path,switch_down,run_scenario_jellyfish_widest_path_switch_down_20260607_084642,h0,jellyfish/widest_path/switch_down/run_scenario_jellyfish_widest_path_switch_down_20260607_084642/h0.pcap,a2:a0:27:20:9b:e0,01:80:c2:00:00:0e,,,,,,60
2026-06-07T08:57:36.482688+00:00,jellyfish,widest_path,switch_down,run_scenario_jellyfish_widest_path_switch_down_20260607_084642,h0,jellyfish/widest_path/switch_down/run_scenario_jellyfish_widest_path_switch_down_20260607_084642/h0.pcap,a2:a0:27:20:9b:e0,01:80:c2:00:00:0e,,,,,,60
2026-06-07T08:57:38.520351+00:00,jellyfish,widest_path,switch_down,run_scenario_jellyfish_widest_path_switch_down_20260607_084642,h0,jellyfish/widest_path/switch_down/run_scenario_jellyfish_widest_path_switch_down_20260607_084642/h0.pcap,a2:a0:27:20:9b:e0,01:80:c2:00:00:0e,,,,,,60
2026-06-07T08:57:40.556274+00:00,jellyfish,widest_path,switch_down,run_scenario_jellyfish_widest_path_switch_down_20260607_084642,h0,jellyfish/widest_path/switch_down/run_scenario_jellyfish_widest_path_switch_down_20260607_084642/h0.pcap,a2:a0:27:20:9b:e0,01:80:c2:00:00:0e,,,,,,60
2026-06-07T08:57:42.592995+00:00,jellyfish,widest_path,switch_down,run_scenario_jellyfish_widest_path_switch_down_20260607_084642,h0,jellyfish/widest_path/switch_down/run_scenario_jellyfish_widest_path_switch_down_20260607_084642/h0.pcap,a2:a0:27:20:9b:e0,01:80:c2:00:00:0e,,,,,,60
2026-06-07T08:57:44.629027+00:00,jellyfish,widest_path,switch_down,run_scenario_jellyfish_widest_path_switch_down_20260607_084642,h0,jellyfish/widest_path/switch_down/run_scenario_jellyfish_widest_path_switch_down_20260607_084642/h0.pcap,a2:a0:27:20:9b:e0,01:80:c2:00:00:0e,,,,,,60
2026-06-07T08:57:46.663227+00:00,jellyfish,widest_path,switch_down,run_scenario_jellyfish_widest_path_switch_down_20260607_084642,h0,jellyfish/widest_path/switch_down/run_scenario_jellyfish_widest_path_switch_down_20260607_084642/h0.pcap,a2:a0:27:20:9b:e0,01:80:c2:00:00:0e,,,,,,60
2026-06-07T08:57:48.698344+00:00,jellyfish,widest_path,switch_down,run_scenario_jellyfish_widest_path_switch_down_20260607_084642,h0,jellyfish/widest_path/switch_down/run_scenario_jellyfish_widest_path_switch_down_20260607_084642/h0.pcap,a2:a0:27:20:9b:e0,01:80:c2:00:00:0e,,,,,,60
2026-06-07T08:57:50.733123+00:00,jellyfish,widest_path,switch_down,run_scenario_jellyfish_widest_path_switch_down_20260607_084642,h0,jellyfish/widest_path/switch_down/run_scenario_jellyfish_widest_path_switch_down_20260607_084642/h0.pcap,a2:a0:27:20:9b:e0,01:80:c2:00:00:0e,,,,,,60
2026-06-07T08:57:52.825866+00:00,jellyfish,widest_path,switch_down,run_scenario_jellyfish_widest_path_switch_down_20260607_084642,h0,jellyfish/widest_path/switch_down/run_scenario_jellyfish_widest_path_switch_down_20260607_084642/h0.pcap,a2:a0:27:20:9b:e0,01:80:c2:00:00:0e,,,,,,60
2026-06-07T08:57:54.590615+00:00,jellyfish,widest_path,switch_down,run_scenario_jellyfish_widest_path_switch_down_20260607_084642,h0,jellyfish/widest_path/switch_down/run_scenario_jellyfish_widest_path_switch_down_20260607_084642/h0.pcap,00:00:00:00:00:01,00:00:00:00:01:01,10.0.0.1,10.0.0.2,TCP,37788,5201,74
2026-06-07T08:57:54.906142+00:00,jellyfish,widest_path,switch_down,run_scenario_jellyfish_widest_path_switch_down_20260607_084642,h0,jellyfish/widest_path/switch_down/run_scenario_jellyfish_widest_path_switch_down_20260607_084642/h0.pcap,a2:a0:27:20:9b:e0,01:80:c2:00:00:0e,,,,,,60
2026-06-07T08:57:56.935223+00:00,jellyfish,widest_path,switch_down,run_scenario_jellyfish_widest_path_switch_down_20260607_084642,h0,jellyfish/widest_path/switch_down/run_scenario_jellyfish_widest_path_switch_down_20260607_084642/h0.pcap,a2:a0:27:20:9b:e0,01:80:c2:00:00:0e,,,,,,60
2026-06-07T08:57:58.967373+00:00,jellyfish,widest_path,switch_down,run_scenario_jellyfish_widest_path_switch_down_20260607_084642,h0,jellyfish/widest_path/switch_down/run_scenario_jellyfish_widest_path_switch_down_20260607_084642/h0.pcap,a2:a0:27:20:9b:e0,01:80:c2:00:00:0e,,,,,,60
2026-06-07T08:58:03.727545+00:00,jellyfish,widest_path,switch_down,run_scenario_jellyfish_widest_path_switch_down_20260607_084642,h0,jellyfish/widest_path/switch_down/run_scenario_jellyfish_widest_path_switch_down_20260607_084642/h0.pcap,a2:a0:27:20:9b:e0,01:80:c2:00:00:0e,,,,,,60
2026-06-07T08:58:05.758965+00:00,jellyfish,widest_path,switch_down,run_scenario_jellyfish_widest_path_switch_down_20260607_084642,h0,jellyfish/widest_path/switch_down/run_scenario_jellyfish_widest_path_switch_down_20260607_084642/h0.pcap,a2:a0:27:20:9b:e0,01:80:c2:00:00:0e,,,,,,60
2026-06-07T08:58:07.789633+00:00,jellyfish,widest_path,switch_down,run_scenario_jellyfish_widest_path_switch_down_20260607_084642,h0,jellyfish/widest_path/switch_down/run_scenario_jellyfish_widest_path_switch_down_20260607_084642/h0.pcap,a2:a0:27:20:9b:e0,01:80:c2:00:00:0e,,,,,,60
2026-06-07T08:58:09.822632+00:00,jellyfish,widest_path,switch_down,run_scenario_jellyfish_widest_path_switch_down_20260607_084642,h0,jellyfish/widest_path/switch_down/run_scenario_jellyfish_widest_path_switch_down_20260607_084642/h0.pcap,a2:a0:27:20:9b:e0,01:80:c2:00:00:0e,,,,,,60
2026-06-07T08:58:11.858682+00:00,jellyfish,widest_path,switch_down,run_scenario_jellyfish_widest_path_switch_down_20260607_084642,h0,jellyfish/widest_path/switch_down/run_scenario_jellyfish_widest_path_switch_down_20260607_084642/h0.pcap,a2:a0:27:20:9b:e0,01:80:c2:00:00:0e,,,,,,60
2026-06-07T08:58:13.894761+00:00,jellyfish,widest_path,switch_down,run_scenario_jellyfish_widest_path_switch_down_20260607_084642,h0,jellyfish/widest_path/switch_down/run_scenario_jellyfish_widest_path_switch_down_20260607_084642/h0.pcap,a2:a0:27:20:9b:e0,01:80:c2:00:00:0e,,,,,,60
2026-06-07T08:58:15.928376+00:00,jellyfish,widest_path,switch_down,run_scenario_jellyfish_widest_path_switch_down_20260607_084642,h0,jellyfish/widest_path/switch_down/run_scenario_jellyfish_widest_path_switch_down_20260607_084642/h0.pcap,a2:a0:27:20:9b:e0,01:80:c2:00:00:0e,,,,,,60
2026-06-07T08:58:17.959303+00:00,jellyfish,widest_path,switch_down,run_scenario_jellyfish_widest_path_switch_down_20260607_084642,h0,jellyfish/widest_path/switch_down/run_scenario_jellyfish_widest_path_switch_down_20260607_084642/h0.pcap,a2:a0:27:20:9b:e0,01:80:c2:00:00:0e,,,,,,60
2026-06-07T08:58:19.996322+00:00,jellyfish,widest_path,switch_down,run_scenario_jellyfish_widest_path_switch_down_20260607_084642,h0,jellyfish/widest_path/switch_down/run_scenario_jellyfish_widest_path_switch_down_20260607_084642/h0.pcap,a2:a0:27:20:9b:e0,01:80:c2:00:00:0e,,,,,,60
2026-06-07T08:58:22.035431+00:00,jellyfish,widest_path,switch_down,run_scenario_jellyfish_widest_path_switch_down_20260607_084642,h0,jellyfish/widest_path/switch_down/run_scenario_jellyfish_widest_path_switch_down_20260607_084642/h0.pcap,a2:a0:27:20:9b:e0,01:80:c2:00:00:0e,,,,,,60
2026-06-07T08:58:24.072023+00:00,jellyfish,widest_path,switch_down,run_scenario_jellyfish_widest_path_switch_down_20260607_084642,h0,jellyfish/widest_path/switch_down/run_scenario_jellyfish_widest_path_switch_down_20260607_084642/h0.pcap,a2:a0:27:20:9b:e0,01:80:c2:00:00:0e,,,,,,60
2026-06-07T08:58:26.105212+00:00,jellyfish,widest_path,switch_down,run_scenario_jellyfish_widest_path_switch_down_20260607_084642,h0,jellyfish/widest_path/switch_down/run_scenario_jellyfish_widest_path_switch_down_20260607_084642/h0.pcap,a2:a0:27:20:9b:e0,01:80:c2:00:00:0e,,,,,,60
2026-06-07T08:58:28.135471+00:00,jellyfish,widest_path,switch_down,run_scenario_jellyfish_widest_path_switch_down_20260607_084642,h0,jellyfish/widest_path/switch_down/run_scenario_jellyfish_widest_path_switch_down_20260607_084642/h0.pcap,a2:a0:27:20:9b:e0,01:80:c2:00:00:0e,,,,,,60
2026-06-07T08:58:30.166155+00:00,jellyfish,widest_path,switch_down,run_scenario_jellyfish_widest_path_switch_down_20260607_084642,h0,jellyfish/widest_path/switch_down/run_scenario_jellyfish_widest_path_switch_down_20260607_084642/h0.pcap,a2:a0:27:20:9b:e0,01:80:c2:00:00:0e,,,,,,60
2026-06-07T08:58:32.198034+00:00,jellyfish,widest_path,switch_down,run_scenario_jellyfish_widest_path_switch_down_20260607_084642,h0,jellyfish/widest_path/switch_down/run_scenario_jellyfish_widest_path_switch_down_20260607_084642/h0.pcap,a2:a0:27:20:9b:e0,01:80:c2:00:00:0e,,,,,,60
2026-06-07T08:58:36.955600+00:00,jellyfish,widest_path,switch_down,run_scenario_jellyfish_widest_path_switch_down_20260607_084642,h0,jellyfish/widest_path/switch_down/run_scenario_jellyfish_widest_path_switch_down_20260607_084642/h0.pcap,a2:a0:27:20:9b:e0,01:80:c2:00:00:0e,,,,,,60
2026-06-07T08:58:38.988289+00:00,jellyfish,widest_path,switch_down,run_scenario_jellyfish_widest_path_switch_down_20260607_084642,h0,jellyfish/widest_path/switch_down/run_scenario_jellyfish_widest_path_switch_down_20260607_084642/h0.pcap,a2:a0:27:20:9b:e0,01:80:c2:00:00:0e,,,,,,60
2026-06-07T08:58:41.019480+00:00,jellyfish,widest_path,switch_down,run_scenario_jellyfish_widest_path_switch_down_20260607_084642,h0,jellyfish/widest_path/switch_down/run_scenario_jellyfish_widest_path_switch_down_20260607_084642/h0.pcap,a2:a0:27:20:9b:e0,01:80:c2:00:00:0e,,,,,,60
2026-06-07T08:58:43.052956+00:00,jellyfish,widest_path,switch_down,run_scenario_jellyfish_widest_path_switch_down_20260607_084642,h0,jellyfish/widest_path/switch_down/run_scenario_jellyfish_widest_path_switch_down_20260607_084642/h0.pcap,a2:a0:27:20:9b:e0,01:80:c2:00:00:0e,,,,,,60
2026-06-07T08:58:45.087221+00:00,jellyfish,widest_path,switch_down,run_scenario_jellyfish_widest_path_switch_down_20260607_084642,h0,jellyfish/widest_path/switch_down/run_scenario_jellyfish_widest_path_switch_down_20260607_084642/h0.pcap,a2:a0:27:20:9b:e0,01:80:c2:00:00:0e,,,,,,60
2026-06-07T08:58:47.118768+00:00,jellyfish,widest_path,switch_down,run_scenario_jellyfish_widest_path_switch_down_20260607_084642,h0,jellyfish/widest_path/switch_down/run_scenario_jellyfish_widest_path_switch_down_20260607_084642/h0.pcap,a2:a0:27:20:9b:e0,01:80:c2:00:00:0e,,,,,,60
2026-06-07T08:58:49.149094+00:00,jellyfish,widest_path,switch_down,run_scenario_jellyfish_widest_path_switch_down_20260607_084642,h0,jellyfish/widest_path/switch_down/run_scenario_jellyfish_widest_path_switch_down_20260607_084642/h0.pcap,a2:a0:27:20:9b:e0,01:80:c2:00:00:0e,,,,,,60
2026-06-07T08:58:51.180329+00:00,jellyfish,widest_path,switch_down,run_scenario_jellyfish_widest_path_switch_down_20260607_084642,h0,jellyfish/widest_path/switch_down/run_scenario_jellyfish_widest_path_switch_down_20260607_084642/h0.pcap,a2:a0:27:20:9b:e0,01:80:c2:00:00:0e,,,,,,60
2026-06-07T08:58:53.210016+00:00,jellyfish,widest_path,switch_down,run_scenario_jellyfish_widest_path_switch_down_20260607_084642,h0,jellyfish/widest_path/switch_down/run_scenario_jellyfish_widest_path_switch_down_20260607_084642/h0.pcap,a2:a0:27:20:9b:e0,01:80:c2:00:00:0e,,,,,,60
2026-06-07T08:58:55.241626+00:00,jellyfish,widest_path,switch_down,run_scenario_jellyfish_widest_path_switch_down_20260607_084642,h0,jellyfish/widest_path/switch_down/run_scenario_jellyfish_widest_path_switch_down_20260607_084642/h0.pcap,a2:a0:27:20:9b:e0,01:80:c2:00:00:0e,,,,,,60
2026-06-07T08:58:57.273651+00:00,jellyfish,widest_path,switch_down,run_scenario_jellyfish_widest_path_switch_down_20260607_084642,h0,jellyfish/widest_path/switch_down/run_scenario_jellyfish_widest_path_switch_down_20260607_084642/h0.pcap,a2:a0:27:20:9b:e0,01:80:c2:00:00:0e,,,,,,60
2026-06-07T08:58:59.304671+00:00,jellyfish,widest_path,switch_down,run_scenario_jellyfish_widest_path_switch_down_20260607_084642,h0,jellyfish/widest_path/switch_down/run_scenario_jellyfish_widest_path_switch_down_20260607_084642/h0.pcap,a2:a0:27:20:9b:e0,01:80:c2:00:00:0e,,,,,,60
2026-06-07T08:59:01.336867+00:00,jellyfish,widest_path,switch_down,run_scenario_jellyfish_widest_path_switch_down_20260607_084642,h0,jellyfish/widest_path/switch_down/run_scenario_jellyfish_widest_path_switch_down_20260607_084642/h0.pcap,a2:a0:27:20:9b:e0,01:80:c2:00:00:0e,,,,,,60
2026-06-07T08:59:03.371653+00:00,jellyfish,widest_path,switch_down,run_scenario_jellyfish_widest_path_switch_down_20260607_084642,h0,jellyfish/widest_path/switch_down/run_scenario_jellyfish_widest_path_switch_down_20260607_084642/h0.pcap,a2:a0:27:20:9b:e0,01:80:c2:00:00:0e,,,,,,60
2026-06-07T08:59:08.138185+00:00,jellyfish,widest_path,switch_down,run_scenario_jellyfish_widest_path_switch_down_20260607_084642,h0,jellyfish/widest_path/switch_down/run_scenario_jellyfish_widest_path_switch_down_20260607_084642/h0.pcap,a2:a0:27:20:9b:e0,01:80:c2:00:00:0e,,,,,,60
2026-06-07T08:59:08.376346+00:00,jellyfish,widest_path,switch_down,run_scenario_jellyfish_widest_path_switch_down_20260607_084642,h0,jellyfish/widest_path/switch_down/run_scenario_jellyfish_widest_path_switch_down_20260607_084642/h0.pcap,00:00:00:00:00:01,00:00:00:00:02:01,10.0.0.1,10.0.0.3,IP,,,96
2026-06-07T08:59:08.381315+00:00,jellyfish,widest_path,switch_down,run_scenario_jellyfish_widest_path_switch_down_20260607_084642,h0,jellyfish/widest_path/switch_down/run_scenario_jellyfish_widest_path_switch_down_20260607_084642/h0.pcap,00:00:00:00:02:01,00:00:00:00:00:01,10.0.0.3,10.0.0.1,IP,,,96
2026-06-07T08:59:09.121611+00:00,jellyfish,widest_path,switch_down,run_scenario_jellyfish_widest_path_switch_down_20260607_084642,h0,jellyfish/widest_path/switch_down/run_scenario_jellyfish_widest_path_switch_down_20260607_084642/h0.pcap,00:00:00:00:00:01,00:00:00:00:02:01,10.0.0.1,10.0.0.3,TCP,44836,5201,74
2026-06-07T08:59:09.121873+00:00,jellyfish,widest_path,switch_down,run_scenario_jellyfish_widest_path_switch_down_20260607_084642,h0,jellyfish/widest_path/switch_down/run_scenario_jellyfish_widest_path_switch_down_20260607_084642/h0.pcap,00:00:00:00:02:01,00:00:00:00:00:01,10.0.0.3,10.0.0.1,TCP,5201,44836,74
2026-06-07T08:59:09.122313+00:00,jellyfish,widest_path,switch_down,run_scenario_jellyfish_widest_path_switch_down_20260607_084642,h0,jellyfish/widest_path/switch_down/run_scenario_jellyfish_widest_path_switch_down_20260607_084642/h0.pcap,00:00:00:00:00:01,00:00:00:00:02:01,10.0.0.1,10.0.0.3,TCP,44836,5201,66
2026-06-07T08:59:09.122773+00:00,jellyfish,widest_path,switch_down,run_scenario_jellyfish_widest_path_switch_down_20260607_084642,h0,jellyfish/widest_path/switch_down/run_scenario_jellyfish_widest_path_switch_down_20260607_084642/h0.pcap,00:00:00:00:00:01,00:00:00:00:02:01,10.0.0.1,10.0.0.3,TCP,44836,5201,96
2026-06-07T08:59:09.122991+00:00,jellyfish,widest_path,switch_down,run_scenario_jellyfish_widest_path_switch_down_20260607_084642,h0,jellyfish/widest_path/switch_down/run_scenario_jellyfish_widest_path_switch_down_20260607_084642/h0.pcap,00:00:00:00:02:01,00:00:00:00:00:01,10.0.0.3,10.0.0.1,TCP,5201,44836,66
2026-06-07T08:59:09.123135+00:00,jellyfish,widest_path,switch_down,run_scenario_jellyfish_widest_path_switch_down_20260607_084642,h0,jellyfish/widest_path/switch_down/run_scenario_jellyfish_widest_path_switch_down_20260607_084642/h0.pcap,00:00:00:00:02:01,00:00:00:00:00:01,10.0.0.3,10.0.0.1,TCP,5201,44836,67
2026-06-07T08:59:09.123182+00:00,jellyfish,widest_path,switch_down,run_scenario_jellyfish_widest_path_switch_down_20260607_084642,h0,jellyfish/widest_path/switch_down/run_scenario_jellyfish_widest_path_switch_down_20260607_084642/h0.pcap,00:00:00:00:00:01,00:00:00:00:02:01,10.0.0.1,10.0.0.3,TCP,44836,5201,66
2026-06-07T08:59:09.124868+00:00,jellyfish,widest_path,switch_down,run_scenario_jellyfish_widest_path_switch_down_20260607_084642,h0,jellyfish/widest_path/switch_down/run_scenario_jellyfish_widest_path_switch_down_20260607_084642/h0.pcap,00:00:00:00:00:01,00:00:00:00:02:01,10.0.0.1,10.0.0.3,TCP,44836,5201,70
2026-06-07T08:59:09.126072+00:00,jellyfish,widest_path,switch_down,run_scenario_jellyfish_widest_path_switch_down_20260607_084642,h0,jellyfish/widest_path/switch_down/run_scenario_jellyfish_widest_path_switch_down_20260607_084642/h0.pcap,00:00:00:00:00:01,00:00:00:00:02:01,10.0.0.1,10.0.0.3,TCP,44836,5201,96
2026-06-07T08:59:09.126292+00:00,jellyfish,widest_path,switch_down,run_scenario_jellyfish_widest_path_switch_down_20260607_084642,h0,jellyfish/widest_path/switch_down/run_scenario_jellyfish_widest_path_switch_down_20260607_084642/h0.pcap,00:00:00:00:02:01,00:00:00:00:00:01,10.0.0.3,10.0.0.1,TCP,5201,44836,66
2026-06-07T08:59:09.126602+00:00,jellyfish,widest_path,switch_down,run_scenario_jellyfish_widest_path_switch_down_20260607_084642,h0,jellyfish/widest_path/switch_down/run_scenario_jellyfish_widest_path_switch_down_20260607_084642/h0.pcap,00:00:00:00:02:01,00:00:00:00:00:01,10.0.0.3,10.0.0.1,TCP,5201,44836,67
2026-06-07T08:59:09.130069+00:00,jellyfish,widest_path,switch_down,run_scenario_jellyfish_widest_path_switch_down_20260607_084642,h0,jellyfish/widest_path/switch_down/run_scenario_jellyfish_widest_path_switch_down_20260607_084642/h0.pcap,00:00:00:00:00:01,00:00:00:00:02:01,10.0.0.1,10.0.0.3,TCP,44850,5201,74
2026-06-07T08:59:09.130195+00:00,jellyfish,widest_path,switch_down,run_scenario_jellyfish_widest_path_switch_down_20260607_084642,h0,jellyfish/widest_path/switch_down/run_scenario_jellyfish_widest_path_switch_down_20260607_084642/h0.pcap,00:00:00:00:02:01,00:00:00:00:00:01,10.0.0.3,10.0.0.1,TCP,5201,44850,74
2026-06-07T08:59:09.130219+00:00,jellyfish,widest_path,switch_down,run_scenario_jellyfish_widest_path_switch_down_20260607_084642,h0,jellyfish/widest_path/switch_down/run_scenario_jellyfish_widest_path_switch_down_20260607_084642/h0.pcap,00:00:00:00:00:01,00:00:00:00:02:01,10.0.0.1,10.0.0.3,TCP,44850,5201,66
2026-06-07T08:59:09.130321+00:00,jellyfish,widest_path,switch_down,run_scenario_jellyfish_widest_path_switch_down_20260607_084642,h0,jellyfish/widest_path/switch_down/run_scenario_jellyfish_widest_path_switch_down_20260607_084642/h0.pcap,00:00:00:00:00:01,00:00:00:00:02:01,10.0.0.1,10.0.0.3,TCP,44850,5201,96
2026-06-07T08:59:09.130348+00:00,jellyfish,widest_path,switch_down,run_scenario_jellyfish_widest_path_switch_down_20260607_084642,h0,jellyfish/widest_path/switch_down/run_scenario_jellyfish_widest_path_switch_down_20260607_084642/h0.pcap,00:00:00:00:02:01,00:00:00:00:00:01,10.0.0.3,10.0.0.1,TCP,5201,44850,66
2026-06-07T08:59:09.144272+00:00,jellyfish,widest_path,switch_down,run_scenario_jellyfish_widest_path_switch_down_20260607_084642,h0,jellyfish/widest_path/switch_down/run_scenario_jellyfish_widest_path_switch_down_20260607_084642/h0.pcap,00:00:00:00:02:01,00:00:00:00:00:01,10.0.0.3,10.0.0.1,TCP,5201,44836,67
2026-06-07T08:59:09.144326+00:00,jellyfish,widest_path,switch_down,run_scenario_jellyfish_widest_path_switch_down_20260607_084642,h0,jellyfish/widest_path/switch_down/run_scenario_jellyfish_widest_path_switch_down_20260607_084642/h0.pcap,00:00:00:00:02:01,00:00:00:00:00:01,10.0.0.3,10.0.0.1,TCP,5201,44836,67
2026-06-07T08:59:09.144418+00:00,jellyfish,widest_path,switch_down,run_scenario_jellyfish_widest_path_switch_down_20260607_084642,h0,jellyfish/widest_path/switch_down/run_scenario_jellyfish_widest_path_switch_down_20260607_084642/h0.pcap,00:00:00:00:00:01,00:00:00:00:02:01,10.0.0.1,10.0.0.3,TCP,44836,5201,66
2026-06-07T08:59:09.144587+00:00,jellyfish,widest_path,switch_down,run_scenario_jellyfish_widest_path_switch_down_20260607_084642,h0,jellyfish/widest_path/switch_down/run_scenario_jellyfish_widest_path_switch_down_20260607_084642/h0.pcap,00:00:00:00:00:01,00:00:00:00:02:01,10.0.0.1,10.0.0.3,TCP,44850,5201,96
2026-06-07T08:59:09.144690+00:00,jellyfish,widest_path,switch_down,run_scenario_jellyfish_widest_path_switch_down_20260607_084642,h0,jellyfish/widest_path/switch_down/run_scenario_jellyfish_widest_path_switch_down_20260607_084642/h0.pcap,00:00:00:00:02:01,00:00:00:00:00:01,10.0.0.3,10.0.0.1,TCP,5201,44850,66
2026-06-07T08:59:09.146959+00:00,jellyfish,widest_path,switch_down,run_scenario_jellyfish_widest_path_switch_down_20260607_084642,h0,jellyfish/widest_path/switch_down/run_scenario_jellyfish_widest_path_switch_down_20260607_084642/h0.pcap,00:00:00:00:00:01,00:00:00:00:02:01,10.0.0.1,10.0.0.3,TCP,44850,5201,96
2026-06-07T08:59:09.147396+00:00,jellyfish,widest_path,switch_down,run_scenario_jellyfish_widest_path_switch_down_20260607_084642,h0,jellyfish/widest_path/switch_down/run_scenario_jellyfish_widest_path_switch_down_20260607_084642/h0.pcap,00:00:00:00:02:01,00:00:00:00:00:01,10.0.0.3,10.0.0.1,TCP,5201,44850,66
2026-06-07T08:59:09.147527+00:00,jellyfish,widest_path,switch_down,run_scenario_jellyfish_widest_path_switch_down_20260607_084642,h0,jellyfish/widest_path/switch_down/run_scenario_jellyfish_widest_path_switch_down_20260607_084642/h0.pcap,00:00:00:00:00:01,00:00:00:00:02:01,10.0.0.1,10.0.0.3,TCP,44850,5201,96
2026-06-07T08:59:09.147677+00:00,jellyfish,widest_path,switch_down,run_scenario_jellyfish_widest_path_switch_down_20260607_084642,h0,jellyfish/widest_path/switch_down/run_scenario_jellyfish_widest_path_switch_down_20260607_084642/h0.pcap,00:00:00:00:02:01,00:00:00:00:00:01,10.0.0.3,10.0.0.1,TCP,5201,44850,66
2026-06-07T08:59:09.148277+00:00,jellyfish,widest_path,switch_down,run_scenario_jellyfish_widest_path_switch_down_20260607_084642,h0,jellyfish/widest_path/switch_down/run_scenario_jellyfish_widest_path_switch_down_20260607_084642/h0.pcap,00:00:00:00:00:01,00:00:00:00:02:01,10.0.0.1,10.0.0.3,TCP,44850,5201,96
2026-06-07T08:59:09.148568+00:00,jellyfish,widest_path,switch_down,run_scenario_jellyfish_widest_path_switch_down_20260607_084642,h0,jellyfish/widest_path/switch_down/run_scenario_jellyfish_widest_path_switch_down_20260607_084642/h0.pcap,00:00:00:00:02:01,00:00:00:00:00:01,10.0.0.3,10.0.0.1,TCP,5201,44850,66
2026-06-07T08:59:09.149521+00:00,jellyfish,widest_path,switch_down,run_scenario_jellyfish_widest_path_switch_down_20260607_084642,h0,jellyfish/widest_path/switch_down/run_scenario_jellyfish_widest_path_switch_down_20260607_084642/h0.pcap,00:00:00:00:00:01,00:00:00:00:02:01,10.0.0.1,10.0.0.3,TCP,44850,5201,96
2026-06-07T08:59:09.149744+00:00,jellyfish,widest_path,switch_down,run_scenario_jellyfish_widest_path_switch_down_20260607_084642,h0,jellyfish/widest_path/switch_down/run_scenario_jellyfish_widest_path_switch_down_20260607_084642/h0.pcap,00:00:00:00:02:01,00:00:00:00:00:01,10.0.0.3,10.0.0.1,TCP,5201,44850,66
2026-06-07T08:59:09.149849+00:00,jellyfish,widest_path,switch_down,run_scenario_jellyfish_widest_path_switch_down_20260607_084642,h0,jellyfish/widest_path/switch_down/run_scenario_jellyfish_widest_path_switch_down_20260607_084642/h0.pcap,00:00:00:00:00:01,00:00:00:00:02:01,10.0.0.1,10.0.0.3,TCP,44850,5201,96
2026-06-07T08:59:09.150020+00:00,jellyfish,widest_path,switch_down,run_scenario_jellyfish_widest_path_switch_down_20260607_084642,h0,jellyfish/widest_path/switch_down/run_scenario_jellyfish_widest_path_switch_down_20260607_084642/h0.pcap,00:00:00:00:02:01,00:00:00:00:00:01,10.0.0.3,10.0.0.1,TCP,5201,44850,66
2026-06-07T08:59:09.150109+00:00,jellyfish,widest_path,switch_down,run_scenario_jellyfish_widest_path_switch_down_20260607_084642,h0,jellyfish/widest_path/switch_down/run_scenario_jellyfish_widest_path_switch_down_20260607_084642/h0.pcap,00:00:00:00:00:01,00:00:00:00:02:01,10.0.0.1,10.0.0.3,TCP,44850,5201,96
2026-06-07T08:59:09.150289+00:00,jellyfish,widest_path,switch_down,run_scenario_jellyfish_widest_path_switch_down_20260607_084642,h0,jellyfish/widest_path/switch_down/run_scenario_jellyfish_widest_path_switch_down_20260607_084642/h0.pcap,00:00:00:00:02:01,00:00:00:00:00:01,10.0.0.3,10.0.0.1,TCP,5201,44850,66
2026-06-07T08:59:09.151655+00:00,jellyfish,widest_path,switch_down,run_scenario_jellyfish_widest_path_switch_down_20260607_084642,h0,jellyfish/widest_path/switch_down/run_scenario_jellyfish_widest_path_switch_down_20260607_084642/h0.pcap,00:00:00:00:00:01,00:00:00:00:02:01,10.0.0.1,10.0.0.3,TCP,44850,5201,96
2026-06-07T08:59:09.151835+00:00,jellyfish,widest_path,switch_down,run_scenario_jellyfish_widest_path_switch_down_20260607_084642,h0,jellyfish/widest_path/switch_down/run_scenario_jellyfish_widest_path_switch_down_20260607_084642/h0.pcap,00:00:00:00:02:01,00:00:00:00:00:01,10.0.0.3,10.0.0.1,TCP,5201,44850,66
2026-06-07T08:59:09.152777+00:00,jellyfish,widest_path,switch_down,run_scenario_jellyfish_widest_path_switch_down_20260607_084642,h0,jellyfish/widest_path/switch_down/run_scenario_jellyfish_widest_path_switch_down_20260607_084642/h0.pcap,00:00:00:00:00:01,00:00:00:00:02:01,10.0.0.1,10.0.0.3,TCP,44850,5201,96
2026-06-07T08:59:09.152948+00:00,jellyfish,widest_path,switch_down,run_scenario_jellyfish_widest_path_switch_down_20260607_084642,h0,jellyfish/widest_path/switch_down/run_scenario_jellyfish_widest_path_switch_down_20260607_084642/h0.pcap,00:00:00:00:02:01,00:00:00:00:00:01,10.0.0.3,10.0.0.1,TCP,5201,44850,66
2026-06-07T08:59:09.153354+00:00,jellyfish,widest_path,switch_down,run_scenario_jellyfish_widest_path_switch_down_20260607_084642,h0,jellyfish/widest_path/switch_down/run_scenario_jellyfish_widest_path_switch_down_20260607_084642/h0.pcap,00:00:00:00:00:01,00:00:00:00:02:01,10.0.0.1,10.0.0.3,TCP,44850,5201,96
2026-06-07T08:59:09.153564+00:00,jellyfish,widest_path,switch_down,run_scenario_jellyfish_widest_path_switch_down_20260607_084642,h0,jellyfish/widest_path/switch_down/run_scenario_jellyfish_widest_path_switch_down_20260607_084642/h0.pcap,00:00:00:00:02:01,00:00:00:00:00:01,10.0.0.3,10.0.0.1,TCP,5201,44850,66
2026-06-07T08:59:09.154997+00:00,jellyfish,widest_path,switch_down,run_scenario_jellyfish_widest_path_switch_down_20260607_084642,h0,jellyfish/widest_path/switch_down/run_scenario_jellyfish_widest_path_switch_down_20260607_084642/h0.pcap,00:00:00:00:00:01,00:00:00:00:02:01,10.0.0.1,10.0.0.3,TCP,44850,5201,96
2026-06-07T08:59:09.155186+00:00,jellyfish,widest_path,switch_down,run_scenario_jellyfish_widest_path_switch_down_20260607_084642,h0,jellyfish/widest_path/switch_down/run_scenario_jellyfish_widest_path_switch_down_20260607_084642/h0.pcap,00:00:00:00:02:01,00:00:00:00:00:01,10.0.0.3,10.0.0.1,TCP,5201,44850,66
2026-06-07T08:59:09.156157+00:00,jellyfish,widest_path,switch_down,run_scenario_jellyfish_widest_path_switch_down_20260607_084642,h0,jellyfish/widest_path/switch_down/run_scenario_jellyfish_widest_path_switch_down_20260607_084642/h0.pcap,00:00:00:00:00:01,00:00:00:00:02:01,10.0.0.1,10.0.0.3,TCP,44850,5201,96
2026-06-07T08:59:09.156461+00:00,jellyfish,widest_path,switch_down,run_scenario_jellyfish_widest_path_switch_down_20260607_084642,h0,jellyfish/widest_path/switch_down/run_scenario_jellyfish_widest_path_switch_down_20260607_084642/h0.pcap,00:00:00:00:02:01,00:00:00:00:00:01,10.0.0.3,10.0.0.1,TCP,5201,44850,66
2026-06-07T08:59:09.156893+00:00,jellyfish,widest_path,switch_down,run_scenario_jellyfish_widest_path_switch_down_20260607_084642,h0,jellyfish/widest_path/switch_down/run_scenario_jellyfish_widest_path_switch_down_20260607_084642/h0.pcap,00:00:00:00:00:01,00:00:00:00:02:01,10.0.0.1,10.0.0.3,TCP,44850,5201,96
2026-06-07T08:59:09.157081+00:00,jellyfish,widest_path,switch_down,run_scenario_jellyfish_widest_path_switch_down_20260607_084642,h0,jellyfish/widest_path/switch_down/run_scenario_jellyfish_widest_path_switch_down_20260607_084642/h0.pcap,00:00:00:00:02:01,00:00:00:00:00:01,10.0.0.3,10.0.0.1,TCP,5201,44850,66
2026-06-07T08:59:09.157116+00:00,jellyfish,widest_path,switch_down,run_scenario_jellyfish_widest_path_switch_down_20260607_084642,h0,jellyfish/widest_path/switch_down/run_scenario_jellyfish_widest_path_switch_down_20260607_084642/h0.pcap,00:00:00:00:00:01,00:00:00:00:02:01,10.0.0.1,10.0.0.3,TCP,44850,5201,96
2026-06-07T08:59:09.157253+00:00,jellyfish,widest_path,switch_down,run_scenario_jellyfish_widest_path_switch_down_20260607_084642,h0,jellyfish/widest_path/switch_down/run_scenario_jellyfish_widest_path_switch_down_20260607_084642/h0.pcap,00:00:00:00:02:01,00:00:00:00:00:01,10.0.0.3,10.0.0.1,TCP,5201,44850,66
2026-06-07T08:59:09.158522+00:00,jellyfish,widest_path,switch_down,run_scenario_jellyfish_widest_path_switch_down_20260607_084642,h0,jellyfish/widest_path/switch_down/run_scenario_jellyfish_widest_path_switch_down_20260607_084642/h0.pcap,00:00:00:00:00:01,00:00:00:00:02:01,10.0.0.1,10.0.0.3,TCP,44850,5201,96
2026-06-07T08:59:09.158675+00:00,jellyfish,widest_path,switch_down,run_scenario_jellyfish_widest_path_switch_down_20260607_084642,h0,jellyfish/widest_path/switch_down/run_scenario_jellyfish_widest_path_switch_down_20260607_084642/h0.pcap,00:00:00:00:02:01,00:00:00:00:00:01,10.0.0.3,10.0.0.1,TCP,5201,44850,66
2026-06-07T08:59:09.159829+00:00,jellyfish,widest_path,switch_down,run_scenario_jellyfish_widest_path_switch_down_20260607_084642,h0,jellyfish/widest_path/switch_down/run_scenario_jellyfish_widest_path_switch_down_20260607_084642/h0.pcap,00:00:00:00:00:01,00:00:00:00:02:01,10.0.0.1,10.0.0.3,TCP,44850,5201,96
2026-06-07T08:59:09.159958+00:00,jellyfish,widest_path,switch_down,run_scenario_jellyfish_widest_path_switch_down_20260607_084642,h0,jellyfish/widest_path/switch_down/run_scenario_jellyfish_widest_path_switch_down_20260607_084642/h0.pcap,00:00:00:00:02:01,00:00:00:00:00:01,10.0.0.3,10.0.0.1,TCP,5201,44850,66
2026-06-07T08:59:09.160626+00:00,jellyfish,widest_path,switch_down,run_scenario_jellyfish_widest_path_switch_down_20260607_084642,h0,jellyfish/widest_path/switch_down/run_scenario_jellyfish_widest_path_switch_down_20260607_084642/h0.pcap,00:00:00:00:00:01,00:00:00:00:02:01,10.0.0.1,10.0.0.3,TCP,44850,5201,96
2026-06-07T08:59:09.160855+00:00,jellyfish,widest_path,switch_down,run_scenario_jellyfish_widest_path_switch_down_20260607_084642,h0,jellyfish/widest_path/switch_down/run_scenario_jellyfish_widest_path_switch_down_20260607_084642/h0.pcap,00:00:00:00:02:01,00:00:00:00:00:01,10.0.0.3,10.0.0.1,TCP,5201,44850,66
2026-06-07T08:59:09.161511+00:00,jellyfish,widest_path,switch_down,run_scenario_jellyfish_widest_path_switch_down_20260607_084642,h0,jellyfish/widest_path/switch_down/run_scenario_jellyfish_widest_path_switch_down_20260607_084642/h0.pcap,00:00:00:00:00:01,00:00:00:00:02:01,10.0.0.1,10.0.0.3,TCP,44850,5201,96
2026-06-07T08:59:09.161700+00:00,jellyfish,widest_path,switch_down,run_scenario_jellyfish_widest_path_switch_down_20260607_084642,h0,jellyfish/widest_path/switch_down/run_scenario_jellyfish_widest_path_switch_down_20260607_084642/h0.pcap,00:00:00:00:02:01,00:00:00:00:00:01,10.0.0.3,10.0.0.1,TCP,5201,44850,66
2026-06-07T08:59:09.163350+00:00,jellyfish,widest_path,switch_down,run_scenario_jellyfish_widest_path_switch_down_20260607_084642,h0,jellyfish/widest_path/switch_down/run_scenario_jellyfish_widest_path_switch_down_20260607_084642/h0.pcap,00:00:00:00:00:01,00:00:00:00:02:01,10.0.0.1,10.0.0.3,TCP,44850,5201,96
2026-06-07T08:59:09.163633+00:00,jellyfish,widest_path,switch_down,run_scenario_jellyfish_widest_path_switch_down_20260607_084642,h0,jellyfish/widest_path/switch_down/run_scenario_jellyfish_widest_path_switch_down_20260607_084642/h0.pcap,00:00:00:00:02:01,00:00:00:00:00:01,10.0.0.3,10.0.0.1,TCP,5201,44850,66
2026-06-07T08:59:09.163701+00:00,jellyfish,widest_path,switch_down,run_scenario_jellyfish_widest_path_switch_down_20260607_084642,h0,jellyfish/widest_path/switch_down/run_scenario_jellyfish_widest_path_switch_down_20260607_084642/h0.pcap,00:00:00:00:00:01,00:00:00:00:02:01,10.0.0.1,10.0.0.3,TCP,44850,5201,96
2026-06-07T08:59:09.163748+00:00,jellyfish,widest_path,switch_down,run_scenario_jellyfish_widest_path_switch_down_20260607_084642,h0,jellyfish/widest_path/switch_down/run_scenario_jellyfish_widest_path_switch_down_20260607_084642/h0.pcap,00:00:00:00:02:01,00:00:00:00:00:01,10.0.0.3,10.0.0.1,TCP,5201,44850,66
2026-06-07T08:59:09.165340+00:00,jellyfish,widest_path,switch_down,run_scenario_jellyfish_widest_path_switch_down_20260607_084642,h0,jellyfish/widest_path/switch_down/run_scenario_jellyfish_widest_path_switch_down_20260607_084642/h0.pcap,00:00:00:00:00:01,00:00:00:00:02:01,10.0.0.1,10.0.0.3,TCP,44850,5201,96
2026-06-07T08:59:09.165978+00:00,jellyfish,widest_path,switch_down,run_scenario_jellyfish_widest_path_switch_down_20260607_084642,h0,jellyfish/widest_path/switch_down/run_scenario_jellyfish_widest_path_switch_down_20260607_084642/h0.pcap,00:00:00:00:02:01,00:00:00:00:00:01,10.0.0.3,10.0.0.1,TCP,5201,44850,66
2026-06-07T08:59:09.167011+00:00,jellyfish,widest_path,switch_down,run_scenario_jellyfish_widest_path_switch_down_20260607_084642,h0,jellyfish/widest_path/switch_down/run_scenario_jellyfish_widest_path_switch_down_20260607_084642/h0.pcap,00:00:00:00:00:01,00:00:00:00:02:01,10.0.0.1,10.0.0.3,TCP,44850,5201,96
2026-06-07T08:59:09.167212+00:00,jellyfish,widest_path,switch_down,run_scenario_jellyfish_widest_path_switch_down_20260607_084642,h0,jellyfish/widest_path/switch_down/run_scenario_jellyfish_widest_path_switch_down_20260607_084642/h0.pcap,00:00:00:00:00:01,00:00:00:00:02:01,10.0.0.1,10.0.0.3,TCP,44850,5201,96
2026-06-07T08:59:09.167576+00:00,jellyfish,widest_path,switch_down,run_scenario_jellyfish_widest_path_switch_down_20260607_084642,h0,jellyfish/widest_path/switch_down/run_scenario_jellyfish_widest_path_switch_down_20260607_084642/h0.pcap,00:00:00:00:02:01,00:00:00:00:00:01,10.0.0.3,10.0.0.1,TCP,5201,44850,66
2026-06-07T08:59:09.167690+00:00,jellyfish,widest_path,switch_down,run_scenario_jellyfish_widest_path_switch_down_20260607_084642,h0,jellyfish/widest_path/switch_down/run_scenario_jellyfish_widest_path_switch_down_20260607_084642/h0.pcap,00:00:00:00:02:01,00:00:00:00:00:01,10.0.0.3,10.0.0.1,TCP,5201,44850,66
2026-06-07T08:59:09.169195+00:00,jellyfish,widest_path,switch_down,run_scenario_jellyfish_widest_path_switch_down_20260607_084642,h0,jellyfish/widest_path/switch_down/run_scenario_jellyfish_widest_path_switch_down_20260607_084642/h0.pcap,00:00:00:00:00:01,00:00:00:00:02:01,10.0.0.1,10.0.0.3,TCP,44850,5201,96
2026-06-07T08:59:09.169827+00:00,jellyfish,widest_path,switch_down,run_scenario_jellyfish_widest_path_switch_down_20260607_084642,h0,jellyfish/widest_path/switch_down/run_scenario_jellyfish_widest_path_switch_down_20260607_084642/h0.pcap,00:00:00:00:02:01,00:00:00:00:00:01,10.0.0.3,10.0.0.1,TCP,5201,44850,66
2026-06-07T08:59:09.171119+00:00,jellyfish,widest_path,switch_down,run_scenario_jellyfish_widest_path_switch_down_20260607_084642,h0,jellyfish/widest_path/switch_down/run_scenario_jellyfish_widest_path_switch_down_20260607_084642/h0.pcap,00:00:00:00:00:01,00:00:00:00:02:01,10.0.0.1,10.0.0.3,TCP,44850,5201,96
2026-06-07T08:59:09.171397+00:00,jellyfish,widest_path,switch_down,run_scenario_jellyfish_widest_path_switch_down_20260607_084642,h0,jellyfish/widest_path/switch_down/run_scenario_jellyfish_widest_path_switch_down_20260607_084642/h0.pcap,00:00:00:00:00:01,00:00:00:00:02:01,10.0.0.1,10.0.0.3,TCP,44850,5201,96
2026-06-07T08:59:09.171658+00:00,jellyfish,widest_path,switch_down,run_scenario_jellyfish_widest_path_switch_down_20260607_084642,h0,jellyfish/widest_path/switch_down/run_scenario_jellyfish_widest_path_switch_down_20260607_084642/h0.pcap,00:00:00:00:02:01,00:00:00:00:00:01,10.0.0.3,10.0.0.1,TCP,5201,44850,66
2026-06-07T08:59:09.171921+00:00,jellyfish,widest_path,switch_down,run_scenario_jellyfish_widest_path_switch_down_20260607_084642,h0,jellyfish/widest_path/switch_down/run_scenario_jellyfish_widest_path_switch_down_20260607_084642/h0.pcap,00:00:00:00:02:01,00:00:00:00:00:01,10.0.0.3,10.0.0.1,TCP,5201,44850,66
2026-06-07T08:59:09.172525+00:00,jellyfish,widest_path,switch_down,run_scenario_jellyfish_widest_path_switch_down_20260607_084642,h0,jellyfish/widest_path/switch_down/run_scenario_jellyfish_widest_path_switch_down_20260607_084642/h0.pcap,00:00:00:00:00:01,00:00:00:00:02:01,10.0.0.1,10.0.0.3,TCP,44850,5201,96
2026-06-07T08:59:09.173286+00:00,jellyfish,widest_path,switch_down,run_scenario_jellyfish_widest_path_switch_down_20260607_084642,h0,jellyfish/widest_path/switch_down/run_scenario_jellyfish_widest_path_switch_down_20260607_084642/h0.pcap,00:00:00:00:02:01,00:00:00:00:00:01,10.0.0.3,10.0.0.1,TCP,5201,44850,66
2026-06-07T08:59:09.174505+00:00,jellyfish,widest_path,switch_down,run_scenario_jellyfish_widest_path_switch_down_20260607_084642,h0,jellyfish/widest_path/switch_down/run_scenario_jellyfish_widest_path_switch_down_20260607_084642/h0.pcap,00:00:00:00:00:01,00:00:00:00:02:01,10.0.0.1,10.0.0.3,TCP,44850,5201,96
2026-06-07T08:59:09.175340+00:00,jellyfish,widest_path,switch_down,run_scenario_jellyfish_widest_path_switch_down_20260607_084642,h0,jellyfish/widest_path/switch_down/run_scenario_jellyfish_widest_path_switch_down_20260607_084642/h0.pcap,00:00:00:00:00:01,00:00:00:00:02:01,10.0.0.1,10.0.0.3,TCP,44850,5201,96
2026-06-07T08:59:09.175380+00:00,jellyfish,widest_path,switch_down,run_scenario_jellyfish_widest_path_switch_down_20260607_084642,h0,jellyfish/widest_path/switch_down/run_scenario_jellyfish_widest_path_switch_down_20260607_084642/h0.pcap,00:00:00:00:02:01,00:00:00:00:00:01,10.0.0.3,10.0.0.1,TCP,5201,44850,66
2026-06-07T08:59:09.176099+00:00,jellyfish,widest_path,switch_down,run_scenario_jellyfish_widest_path_switch_down_20260607_084642,h0,jellyfish/widest_path/switch_down/run_scenario_jellyfish_widest_path_switch_down_20260607_084642/h0.pcap,00:00:00:00:02:01,00:00:00:00:00:01,10.0.0.3,10.0.0.1,TCP,5201,44850,66
2026-06-07T08:59:09.176695+00:00,jellyfish,widest_path,switch_down,run_scenario_jellyfish_widest_path_switch_down_20260607_084642,h0,jellyfish/widest_path/switch_down/run_scenario_jellyfish_widest_path_switch_down_20260607_084642/h0.pcap,00:00:00:00:00:01,00:00:00:00:02:01,10.0.0.1,10.0.0.3,TCP,44850,5201,96
2026-06-07T08:59:09.177425+00:00,jellyfish,widest_path,switch_down,run_scenario_jellyfish_widest_path_switch_down_20260607_084642,h0,jellyfish/widest_path/switch_down/run_scenario_jellyfish_widest_path_switch_down_20260607_084642/h0.pcap,00:00:00:00:02:01,00:00:00:00:00:01,10.0.0.3,10.0.0.1,TCP,5201,44850,66
2026-06-07T08:59:09.177895+00:00,jellyfish,widest_path,switch_down,run_scenario_jellyfish_widest_path_switch_down_20260607_084642,h0,jellyfish/widest_path/switch_down/run_scenario_jellyfish_widest_path_switch_down_20260607_084642/h0.pcap,00:00:00:00:00:01,00:00:00:00:02:01,10.0.0.1,10.0.0.3,TCP,44850,5201,96
2026-06-07T08:59:09.178628+00:00,jellyfish,widest_path,switch_down,run_scenario_jellyfish_widest_path_switch_down_20260607_084642,h0,jellyfish/widest_path/switch_down/run_scenario_jellyfish_widest_path_switch_down_20260607_084642/h0.pcap,00:00:00:00:02:01,00:00:00:00:00:01,10.0.0.3,10.0.0.1,TCP,5201,44850,66
2026-06-07T08:59:09.178903+00:00,jellyfish,widest_path,switch_down,run_scenario_jellyfish_widest_path_switch_down_20260607_084642,h0,jellyfish/widest_path/switch_down/run_scenario_jellyfish_widest_path_switch_down_20260607_084642/h0.pcap,00:00:00:00:00:01,00:00:00:00:02:01,10.0.0.1,10.0.0.3,TCP,44850,5201,96
2026-06-07T08:59:09.179753+00:00,jellyfish,widest_path,switch_down,run_scenario_jellyfish_widest_path_switch_down_20260607_084642,h0,jellyfish/widest_path/switch_down/run_scenario_jellyfish_widest_path_switch_down_20260607_084642/h0.pcap,00:00:00:00:02:01,00:00:00:00:00:01,10.0.0.3,10.0.0.1,TCP,5201,44850,66
2026-06-07T08:59:09.181057+00:00,jellyfish,widest_path,switch_down,run_scenario_jellyfish_widest_path_switch_down_20260607_084642,h0,jellyfish/widest_path/switch_down/run_scenario_jellyfish_widest_path_switch_down_20260607_084642/h0.pcap,00:00:00:00:00:01,00:00:00:00:02:01,10.0.0.1,10.0.0.3,TCP,44850,5201,96
2026-06-07T08:59:09.181818+00:00,jellyfish,widest_path,switch_down,run_scenario_jellyfish_widest_path_switch_down_20260607_084642,h0,jellyfish/widest_path/switch_down/run_scenario_jellyfish_widest_path_switch_down_20260607_084642/h0.pcap,00:00:00:00:02:01,00:00:00:00:00:01,10.0.0.3,10.0.0.1,TCP,5201,44850,66
2026-06-07T08:59:09.182399+00:00,jellyfish,widest_path,switch_down,run_scenario_jellyfish_widest_path_switch_down_20260607_084642,h0,jellyfish/widest_path/switch_down/run_scenario_jellyfish_widest_path_switch_down_20260607_084642/h0.pcap,00:00:00:00:00:01,00:00:00:00:02:01,10.0.0.1,10.0.0.3,TCP,44850,5201,96
2026-06-07T08:59:09.183177+00:00,jellyfish,widest_path,switch_down,run_scenario_jellyfish_widest_path_switch_down_20260607_084642,h0,jellyfish/widest_path/switch_down/run_scenario_jellyfish_widest_path_switch_down_20260607_084642/h0.pcap,00:00:00:00:02:01,00:00:00:00:00:01,10.0.0.3,10.0.0.1,TCP,5201,44850,66
2026-06-07T08:59:09.183353+00:00,jellyfish,widest_path,switch_down,run_scenario_jellyfish_widest_path_switch_down_20260607_084642,h0,jellyfish/widest_path/switch_down/run_scenario_jellyfish_widest_path_switch_down_20260607_084642/h0.pcap,00:00:00:00:00:01,00:00:00:00:02:01,10.0.0.1,10.0.0.3,TCP,44850,5201,96
2026-06-07T08:59:09.184093+00:00,jellyfish,widest_path,switch_down,run_scenario_jellyfish_widest_path_switch_down_20260607_084642,h0,jellyfish/widest_path/switch_down/run_scenario_jellyfish_widest_path_switch_down_20260607_084642/h0.pcap,00:00:00:00:02:01,00:00:00:00:00:01,10.0.0.3,10.0.0.1,TCP,5201,44850,66
2026-06-07T08:59:09.185662+00:00,jellyfish,widest_path,switch_down,run_scenario_jellyfish_widest_path_switch_down_20260607_084642,h0,jellyfish/widest_path/switch_down/run_scenario_jellyfish_widest_path_switch_down_20260607_084642/h0.pcap,00:00:00:00:00:01,00:00:00:00:02:01,10.0.0.1,10.0.0.3,TCP,44850,5201,96
2026-06-07T08:59:09.185749+00:00,jellyfish,widest_path,switch_down,run_scenario_jellyfish_widest_path_switch_down_20260607_084642,h0,jellyfish/widest_path/switch_down/run_scenario_jellyfish_widest_path_switch_down_20260607_084642/h0.pcap,00:00:00:00:00:01,00:00:00:00:02:01,10.0.0.1,10.0.0.3,TCP,44850,5201,96
2026-06-07T08:59:09.186311+00:00,jellyfish,widest_path,switch_down,run_scenario_jellyfish_widest_path_switch_down_20260607_084642,h0,jellyfish/widest_path/switch_down/run_scenario_jellyfish_widest_path_switch_down_20260607_084642/h0.pcap,00:00:00:00:02:01,00:00:00:00:00:01,10.0.0.3,10.0.0.1,TCP,5201,44850,66
2026-06-07T08:59:09.186498+00:00,jellyfish,widest_path,switch_down,run_scenario_jellyfish_widest_path_switch_down_20260607_084642,h0,jellyfish/widest_path/switch_down/run_scenario_jellyfish_widest_path_switch_down_20260607_084642/h0.pcap,00:00:00:00:02:01,00:00:00:00:00:01,10.0.0.3,10.0.0.1,TCP,5201,44850,66
2026-06-07T08:59:09.188225+00:00,jellyfish,widest_path,switch_down,run_scenario_jellyfish_widest_path_switch_down_20260607_084642,h0,jellyfish/widest_path/switch_down/run_scenario_jellyfish_widest_path_switch_down_20260607_084642/h0.pcap,00:00:00:00:00:01,00:00:00:00:02:01,10.0.0.1,10.0.0.3,TCP,44850,5201,96
2026-06-07T08:59:09.188810+00:00,jellyfish,widest_path,switch_down,run_scenario_jellyfish_widest_path_switch_down_20260607_084642,h0,jellyfish/widest_path/switch_down/run_scenario_jellyfish_widest_path_switch_down_20260607_084642/h0.pcap,00:00:00:00:00:01,00:00:00:00:02:01,10.0.0.1,10.0.0.3,TCP,44850,5201,96
2026-06-07T08:59:09.189161+00:00,jellyfish,widest_path,switch_down,run_scenario_jellyfish_widest_path_switch_down_20260607_084642,h0,jellyfish/widest_path/switch_down/run_scenario_jellyfish_widest_path_switch_down_20260607_084642/h0.pcap,00:00:00:00:02:01,00:00:00:00:00:01,10.0.0.3,10.0.0.1,TCP,5201,44850,66
2026-06-07T08:59:09.189681+00:00,jellyfish,widest_path,switch_down,run_scenario_jellyfish_widest_path_switch_down_20260607_084642,h0,jellyfish/widest_path/switch_down/run_scenario_jellyfish_widest_path_switch_down_20260607_084642/h0.pcap,00:00:00:00:02:01,00:00:00:00:00:01,10.0.0.3,10.0.0.1,TCP,5201,44850,66
2026-06-07T08:59:09.190745+00:00,jellyfish,widest_path,switch_down,run_scenario_jellyfish_widest_path_switch_down_20260607_084642,h0,jellyfish/widest_path/switch_down/run_scenario_jellyfish_widest_path_switch_down_20260607_084642/h0.pcap,00:00:00:00:00:01,00:00:00:00:02:01,10.0.0.1,10.0.0.3,TCP,44850,5201,96
2026-06-07T08:59:09.191512+00:00,jellyfish,widest_path,switch_down,run_scenario_jellyfish_widest_path_switch_down_20260607_084642,h0,jellyfish/widest_path/switch_down/run_scenario_jellyfish_widest_path_switch_down_20260607_084642/h0.pcap,00:00:00:00:02:01,00:00:00:00:00:01,10.0.0.3,10.0.0.1,TCP,5201,44850,66
2026-06-07T08:59:09.193296+00:00,jellyfish,widest_path,switch_down,run_scenario_jellyfish_widest_path_switch_down_20260607_084642,h0,jellyfish/widest_path/switch_down/run_scenario_jellyfish_widest_path_switch_down_20260607_084642/h0.pcap,00:00:00:00:00:01,00:00:00:00:02:01,10.0.0.1,10.0.0.3,TCP,44836,5201,66
2026-06-07T08:59:09.193306+00:00,jellyfish,widest_path,switch_down,run_scenario_jellyfish_widest_path_switch_down_20260607_084642,h0,jellyfish/widest_path/switch_down/run_scenario_jellyfish_widest_path_switch_down_20260607_084642/h0.pcap,00:00:00:00:00:01,00:00:00:00:02:01,10.0.0.1,10.0.0.3,TCP,44850,5201,96
2026-06-07T08:59:09.193961+00:00,jellyfish,widest_path,switch_down,run_scenario_jellyfish_widest_path_switch_down_20260607_084642,h0,jellyfish/widest_path/switch_down/run_scenario_jellyfish_widest_path_switch_down_20260607_084642/h0.pcap,00:00:00:00:02:01,00:00:00:00:00:01,10.0.0.3,10.0.0.1,TCP,5201,44850,66
2026-06-07T08:59:09.194006+00:00,jellyfish,widest_path,switch_down,run_scenario_jellyfish_widest_path_switch_down_20260607_084642,h0,jellyfish/widest_path/switch_down/run_scenario_jellyfish_widest_path_switch_down_20260607_084642/h0.pcap,00:00:00:00:00:01,00:00:00:00:02:01,10.0.0.1,10.0.0.3,TCP,44850,5201,96
2026-06-07T08:59:09.194299+00:00,jellyfish,widest_path,switch_down,run_scenario_jellyfish_widest_path_switch_down_20260607_084642,h0,jellyfish/widest_path/switch_down/run_scenario_jellyfish_widest_path_switch_down_20260607_084642/h0.pcap,00:00:00:00:00:01,00:00:00:00:02:01,10.0.0.1,10.0.0.3,TCP,44850,5201,96
2026-06-07T08:59:09.194508+00:00,jellyfish,widest_path,switch_down,run_scenario_jellyfish_widest_path_switch_down_20260607_084642,h0,jellyfish/widest_path/switch_down/run_scenario_jellyfish_widest_path_switch_down_20260607_084642/h0.pcap,00:00:00:00:02:01,00:00:00:00:00:01,10.0.0.3,10.0.0.1,TCP,5201,44850,66
2026-06-07T08:59:09.194922+00:00,jellyfish,widest_path,switch_down,run_scenario_jellyfish_widest_path_switch_down_20260607_084642,h0,jellyfish/widest_path/switch_down/run_scenario_jellyfish_widest_path_switch_down_20260607_084642/h0.pcap,00:00:00:00:02:01,00:00:00:00:00:01,10.0.0.3,10.0.0.1,TCP,5201,44850,66
2026-06-07T08:59:09.196984+00:00,jellyfish,widest_path,switch_down,run_scenario_jellyfish_widest_path_switch_down_20260607_084642,h0,jellyfish/widest_path/switch_down/run_scenario_jellyfish_widest_path_switch_down_20260607_084642/h0.pcap,00:00:00:00:00:01,00:00:00:00:02:01,10.0.0.1,10.0.0.3,TCP,44850,5201,96
2026-06-07T08:59:09.197872+00:00,jellyfish,widest_path,switch_down,run_scenario_jellyfish_widest_path_switch_down_20260607_084642,h0,jellyfish/widest_path/switch_down/run_scenario_jellyfish_widest_path_switch_down_20260607_084642/h0.pcap,00:00:00:00:02:01,00:00:00:00:00:01,10.0.0.3,10.0.0.1,TCP,5201,44850,66
2026-06-07T08:59:09.198659+00:00,jellyfish,widest_path,switch_down,run_scenario_jellyfish_widest_path_switch_down_20260607_084642,h0,jellyfish/widest_path/switch_down/run_scenario_jellyfish_widest_path_switch_down_20260607_084642/h0.pcap,00:00:00:00:00:01,00:00:00:00:02:01,10.0.0.1,10.0.0.3,TCP,44850,5201,96
2026-06-07T08:59:09.199283+00:00,jellyfish,widest_path,switch_down,run_scenario_jellyfish_widest_path_switch_down_20260607_084642,h0,jellyfish/widest_path/switch_down/run_scenario_jellyfish_widest_path_switch_down_20260607_084642/h0.pcap,00:00:00:00:00:01,00:00:00:00:02:01,10.0.0.1,10.0.0.3,TCP,44850,5201,96
2026-06-07T08:59:09.199480+00:00,jellyfish,widest_path,switch_down,run_scenario_jellyfish_widest_path_switch_down_20260607_084642,h0,jellyfish/widest_path/switch_down/run_scenario_jellyfish_widest_path_switch_down_20260607_084642/h0.pcap,00:00:00:00:02:01,00:00:00:00:00:01,10.0.0.3,10.0.0.1,TCP,5201,44850,66
2026-06-07T08:59:09.199728+00:00,jellyfish,widest_path,switch_down,run_scenario_jellyfish_widest_path_switch_down_20260607_084642,h0,jellyfish/widest_path/switch_down/run_scenario_jellyfish_widest_path_switch_down_20260607_084642/h0.pcap,00:00:00:00:00:01,00:00:00:00:02:01,10.0.0.1,10.0.0.3,TCP,44850,5201,96
2026-06-07T08:59:09.199900+00:00,jellyfish,widest_path,switch_down,run_scenario_jellyfish_widest_path_switch_down_20260607_084642,h0,jellyfish/widest_path/switch_down/run_scenario_jellyfish_widest_path_switch_down_20260607_084642/h0.pcap,00:00:00:00:02:01,00:00:00:00:00:01,10.0.0.3,10.0.0.1,TCP,5201,44850,66
2026-06-07T08:59:09.200392+00:00,jellyfish,widest_path,switch_down,run_scenario_jellyfish_widest_path_switch_down_20260607_084642,h0,jellyfish/widest_path/switch_down/run_scenario_jellyfish_widest_path_switch_down_20260607_084642/h0.pcap,00:00:00:00:02:01,00:00:00:00:00:01,10.0.0.3,10.0.0.1,TCP,5201,44850,66
2026-06-07T08:59:09.202390+00:00,jellyfish,widest_path,switch_down,run_scenario_jellyfish_widest_path_switch_down_20260607_084642,h0,jellyfish/widest_path/switch_down/run_scenario_jellyfish_widest_path_switch_down_20260607_084642/h0.pcap,00:00:00:00:00:01,00:00:00:00:02:01,10.0.0.1,10.0.0.3,TCP,44850,5201,96
2026-06-07T08:59:09.203122+00:00,jellyfish,widest_path,switch_down,run_scenario_jellyfish_widest_path_switch_down_20260607_084642,h0,jellyfish/widest_path/switch_down/run_scenario_jellyfish_widest_path_switch_down_20260607_084642/h0.pcap,00:00:00:00:02:01,00:00:00:00:00:01,10.0.0.3,10.0.0.1,TCP,5201,44850,66
2026-06-07T08:59:09.204116+00:00,jellyfish,widest_path,switch_down,run_scenario_jellyfish_widest_path_switch_down_20260607_084642,h0,jellyfish/widest_path/switch_down/run_scenario_jellyfish_widest_path_switch_down_20260607_084642/h0.pcap,00:00:00:00:00:01,00:00:00:00:02:01,10.0.0.1,10.0.0.3,TCP,44850,5201,96
2026-06-07T08:59:09.204696+00:00,jellyfish,widest_path,switch_down,run_scenario_jellyfish_widest_path_switch_down_20260607_084642,h0,jellyfish/widest_path/switch_down/run_scenario_jellyfish_widest_path_switch_down_20260607_084642/h0.pcap,00:00:00:00:00:01,00:00:00:00:02:01,10.0.0.1,10.0.0.3,TCP,44850,5201,96
2026-06-07T08:59:09.204943+00:00,jellyfish,widest_path,switch_down,run_scenario_jellyfish_widest_path_switch_down_20260607_084642,h0,jellyfish/widest_path/switch_down/run_scenario_jellyfish_widest_path_switch_down_20260607_084642/h0.pcap,00:00:00:00:02:01,00:00:00:00:00:01,10.0.0.3,10.0.0.1,TCP,5201,44850,66
2026-06-07T08:59:09.205183+00:00,jellyfish,widest_path,switch_down,run_scenario_jellyfish_widest_path_switch_down_20260607_084642,h0,jellyfish/widest_path/switch_down/run_scenario_jellyfish_widest_path_switch_down_20260607_084642/h0.pcap,00:00:00:00:00:01,00:00:00:00:02:01,10.0.0.1,10.0.0.3,TCP,44850,5201,96
2026-06-07T08:59:09.205447+00:00,jellyfish,widest_path,switch_down,run_scenario_jellyfish_widest_path_switch_down_20260607_084642,h0,jellyfish/widest_path/switch_down/run_scenario_jellyfish_widest_path_switch_down_20260607_084642/h0.pcap,00:00:00:00:02:01,00:00:00:00:00:01,10.0.0.3,10.0.0.1,TCP,5201,44850,66
2026-06-07T08:59:09.205886+00:00,jellyfish,widest_path,switch_down,run_scenario_jellyfish_widest_path_switch_down_20260607_084642,h0,jellyfish/widest_path/switch_down/run_scenario_jellyfish_widest_path_switch_down_20260607_084642/h0.pcap,00:00:00:00:02:01,00:00:00:00:00:01,10.0.0.3,10.0.0.1,TCP,5201,44850,66
2026-06-07T08:59:09.207859+00:00,jellyfish,widest_path,switch_down,run_scenario_jellyfish_widest_path_switch_down_20260607_084642,h0,jellyfish/widest_path/switch_down/run_scenario_jellyfish_widest_path_switch_down_20260607_084642/h0.pcap,00:00:00:00:00:01,00:00:00:00:02:01,10.0.0.1,10.0.0.3,TCP,44850,5201,96
2026-06-07T08:59:09.208647+00:00,jellyfish,widest_path,switch_down,run_scenario_jellyfish_widest_path_switch_down_20260607_084642,h0,jellyfish/widest_path/switch_down/run_scenario_jellyfish_widest_path_switch_down_20260607_084642/h0.pcap,00:00:00:00:02:01,00:00:00:00:00:01,10.0.0.3,10.0.0.1,TCP,5201,44850,66
2026-06-07T08:59:09.209790+00:00,jellyfish,widest_path,switch_down,run_scenario_jellyfish_widest_path_switch_down_20260607_084642,h0,jellyfish/widest_path/switch_down/run_scenario_jellyfish_widest_path_switch_down_20260607_084642/h0.pcap,00:00:00:00:00:01,00:00:00:00:02:01,10.0.0.1,10.0.0.3,TCP,44850,5201,96
2026-06-07T08:59:09.210468+00:00,jellyfish,widest_path,switch_down,run_scenario_jellyfish_widest_path_switch_down_20260607_084642,h0,jellyfish/widest_path/switch_down/run_scenario_jellyfish_widest_path_switch_down_20260607_084642/h0.pcap,00:00:00:00:00:01,00:00:00:00:02:01,10.0.0.1,10.0.0.3,TCP,44850,5201,96
2026-06-07T08:59:09.210606+00:00,jellyfish,widest_path,switch_down,run_scenario_jellyfish_widest_path_switch_down_20260607_084642,h0,jellyfish/widest_path/switch_down/run_scenario_jellyfish_widest_path_switch_down_20260607_084642/h0.pcap,00:00:00:00:00:01,00:00:00:00:02:01,10.0.0.1,10.0.0.3,TCP,44850,5201,96
2026-06-07T08:59:09.210646+00:00,jellyfish,widest_path,switch_down,run_scenario_jellyfish_widest_path_switch_down_20260607_084642,h0,jellyfish/widest_path/switch_down/run_scenario_jellyfish_widest_path_switch_down_20260607_084642/h0.pcap,00:00:00:00:02:01,00:00:00:00:00:01,10.0.0.3,10.0.0.1,TCP,5201,44850,66
2026-06-07T08:59:09.210928+00:00,jellyfish,widest_path,switch_down,run_scenario_jellyfish_widest_path_switch_down_20260607_084642,h0,jellyfish/widest_path/switch_down/run_scenario_jellyfish_widest_path_switch_down_20260607_084642/h0.pcap,00:00:00:00:02:01,00:00:00:00:00:01,10.0.0.3,10.0.0.1,TCP,5201,44850,66
2026-06-07T08:59:09.211276+00:00,jellyfish,widest_path,switch_down,run_scenario_jellyfish_widest_path_switch_down_20260607_084642,h0,jellyfish/widest_path/switch_down/run_scenario_jellyfish_widest_path_switch_down_20260607_084642/h0.pcap,00:00:00:00:02:01,00:00:00:00:00:01,10.0.0.3,10.0.0.1,TCP,5201,44850,66
2026-06-07T08:59:09.213589+00:00,jellyfish,widest_path,switch_down,run_scenario_jellyfish_widest_path_switch_down_20260607_084642,h0,jellyfish/widest_path/switch_down/run_scenario_jellyfish_widest_path_switch_down_20260607_084642/h0.pcap,00:00:00:00:00:01,00:00:00:00:02:01,10.0.0.1,10.0.0.3,TCP,44850,5201,96
2026-06-07T08:59:09.214411+00:00,jellyfish,widest_path,switch_down,run_scenario_jellyfish_widest_path_switch_down_20260607_084642,h0,jellyfish/widest_path/switch_down/run_scenario_jellyfish_widest_path_switch_down_20260607_084642/h0.pcap,00:00:00:00:02:01,00:00:00:00:00:01,10.0.0.3,10.0.0.1,TCP,5201,44850,66
2026-06-07T08:59:09.215705+00:00,jellyfish,widest_path,switch_down,run_scenario_jellyfish_widest_path_switch_down_20260607_084642,h0,jellyfish/widest_path/switch_down/run_scenario_jellyfish_widest_path_switch_down_20260607_084642/h0.pcap,00:00:00:00:00:01,00:00:00:00:02:01,10.0.0.1,10.0.0.3,TCP,44850,5201,96
2026-06-07T08:59:09.216062+00:00,jellyfish,widest_path,switch_down,run_scenario_jellyfish_widest_path_switch_down_20260607_084642,h0,jellyfish/widest_path/switch_down/run_scenario_jellyfish_widest_path_switch_down_20260607_084642/h0.pcap,00:00:00:00:00:01,00:00:00:00:02:01,10.0.0.1,10.0.0.3,TCP,44850,5201,96
2026-06-07T08:59:09.216528+00:00,jellyfish,widest_path,switch_down,run_scenario_jellyfish_widest_path_switch_down_20260607_084642,h0,jellyfish/widest_path/switch_down/run_scenario_jellyfish_widest_path_switch_down_20260607_084642/h0.pcap,00:00:00:00:02:01,00:00:00:00:00:01,10.0.0.3,10.0.0.1,TCP,5201,44850,66
2026-06-07T08:59:09.216611+00:00,jellyfish,widest_path,switch_down,run_scenario_jellyfish_widest_path_switch_down_20260607_084642,h0,jellyfish/widest_path/switch_down/run_scenario_jellyfish_widest_path_switch_down_20260607_084642/h0.pcap,00:00:00:00:02:01,00:00:00:00:00:01,10.0.0.3,10.0.0.1,TCP,5201,44850,66
2026-06-07T08:59:09.219155+00:00,jellyfish,widest_path,switch_down,run_scenario_jellyfish_widest_path_switch_down_20260607_084642,h0,jellyfish/widest_path/switch_down/run_scenario_jellyfish_widest_path_switch_down_20260607_084642/h0.pcap,00:00:00:00:00:01,00:00:00:00:02:01,10.0.0.1,10.0.0.3,TCP,44850,5201,96
2026-06-07T08:59:09.219680+00:00,jellyfish,widest_path,switch_down,run_scenario_jellyfish_widest_path_switch_down_20260607_084642,h0,jellyfish/widest_path/switch_down/run_scenario_jellyfish_widest_path_switch_down_20260607_084642/h0.pcap,00:00:00:00:00:01,00:00:00:00:02:01,10.0.0.1,10.0.0.3,TCP,44850,5201,96
2026-06-07T08:59:09.219780+00:00,jellyfish,widest_path,switch_down,run_scenario_jellyfish_widest_path_switch_down_20260607_084642,h0,jellyfish/widest_path/switch_down/run_scenario_jellyfish_widest_path_switch_down_20260607_084642/h0.pcap,00:00:00:00:02:01,00:00:00:00:00:01,10.0.0.3,10.0.0.1,TCP,5201,44850,66
2026-06-07T08:59:09.220252+00:00,jellyfish,widest_path,switch_down,run_scenario_jellyfish_widest_path_switch_down_20260607_084642,h0,jellyfish/widest_path/switch_down/run_scenario_jellyfish_widest_path_switch_down_20260607_084642/h0.pcap,00:00:00:00:02:01,00:00:00:00:00:01,10.0.0.3,10.0.0.1,TCP,5201,44850,66
2026-06-07T08:59:09.221551+00:00,jellyfish,widest_path,switch_down,run_scenario_jellyfish_widest_path_switch_down_20260607_084642,h0,jellyfish/widest_path/switch_down/run_scenario_jellyfish_widest_path_switch_down_20260607_084642/h0.pcap,00:00:00:00:00:01,00:00:00:00:02:01,10.0.0.1,10.0.0.3,TCP,44850,5201,96
2026-06-07T08:59:09.222188+00:00,jellyfish,widest_path,switch_down,run_scenario_jellyfish_widest_path_switch_down_20260607_084642,h0,jellyfish/widest_path/switch_down/run_scenario_jellyfish_widest_path_switch_down_20260607_084642/h0.pcap,00:00:00:00:02:01,00:00:00:00:00:01,10.0.0.3,10.0.0.1,TCP,5201,44850,66
2026-06-07T08:59:09.224747+00:00,jellyfish,widest_path,switch_down,run_scenario_jellyfish_widest_path_switch_down_20260607_084642,h0,jellyfish/widest_path/switch_down/run_scenario_jellyfish_widest_path_switch_down_20260607_084642/h0.pcap,00:00:00:00:00:01,00:00:00:00:02:01,10.0.0.1,10.0.0.3,TCP,44850,5201,96
2026-06-07T08:59:09.225478+00:00,jellyfish,widest_path,switch_down,run_scenario_jellyfish_widest_path_switch_down_20260607_084642,h0,jellyfish/widest_path/switch_down/run_scenario_jellyfish_widest_path_switch_down_20260607_084642/h0.pcap,00:00:00:00:02:01,00:00:00:00:00:01,10.0.0.3,10.0.0.1,TCP,5201,44850,66
2026-06-07T08:59:09.225648+00:00,jellyfish,widest_path,switch_down,run_scenario_jellyfish_widest_path_switch_down_20260607_084642,h0,jellyfish/widest_path/switch_down/run_scenario_jellyfish_widest_path_switch_down_20260607_084642/h0.pcap,00:00:00:00:00:01,00:00:00:00:02:01,10.0.0.1,10.0.0.3,TCP,44850,5201,96
2026-06-07T08:59:09.226345+00:00,jellyfish,widest_path,switch_down,run_scenario_jellyfish_widest_path_switch_down_20260607_084642,h0,jellyfish/widest_path/switch_down/run_scenario_jellyfish_widest_path_switch_down_20260607_084642/h0.pcap,00:00:00:00:02:01,00:00:00:00:00:01,10.0.0.3,10.0.0.1,TCP,5201,44850,66
2026-06-07T08:59:09.226986+00:00,jellyfish,widest_path,switch_down,run_scenario_jellyfish_widest_path_switch_down_20260607_084642,h0,jellyfish/widest_path/switch_down/run_scenario_jellyfish_widest_path_switch_down_20260607_084642/h0.pcap,00:00:00:00:00:01,00:00:00:00:02:01,10.0.0.1,10.0.0.3,TCP,44850,5201,96
2026-06-07T08:59:09.227804+00:00,jellyfish,widest_path,switch_down,run_scenario_jellyfish_widest_path_switch_down_20260607_084642,h0,jellyfish/widest_path/switch_down/run_scenario_jellyfish_widest_path_switch_down_20260607_084642/h0.pcap,00:00:00:00:02:01,00:00:00:00:00:01,10.0.0.3,10.0.0.1,TCP,5201,44850,66
2026-06-07T08:59:09.230246+00:00,jellyfish,widest_path,switch_down,run_scenario_jellyfish_widest_path_switch_down_20260607_084642,h0,jellyfish/widest_path/switch_down/run_scenario_jellyfish_widest_path_switch_down_20260607_084642/h0.pcap,00:00:00:00:00:01,00:00:00:00:02:01,10.0.0.1,10.0.0.3,TCP,44850,5201,96
2026-06-07T08:59:09.230884+00:00,jellyfish,widest_path,switch_down,run_scenario_jellyfish_widest_path_switch_down_20260607_084642,h0,jellyfish/widest_path/switch_down/run_scenario_jellyfish_widest_path_switch_down_20260607_084642/h0.pcap,00:00:00:00:02:01,00:00:00:00:00:01,10.0.0.3,10.0.0.1,TCP,5201,44850,66
2026-06-07T08:59:09.231371+00:00,jellyfish,widest_path,switch_down,run_scenario_jellyfish_widest_path_switch_down_20260607_084642,h0,jellyfish/widest_path/switch_down/run_scenario_jellyfish_widest_path_switch_down_20260607_084642/h0.pcap,00:00:00:00:00:01,00:00:00:00:02:01,10.0.0.1,10.0.0.3,TCP,44850,5201,96
2026-06-07T08:59:09.231950+00:00,jellyfish,widest_path,switch_down,run_scenario_jellyfish_widest_path_switch_down_20260607_084642,h0,jellyfish/widest_path/switch_down/run_scenario_jellyfish_widest_path_switch_down_20260607_084642/h0.pcap,00:00:00:00:02:01,00:00:00:00:00:01,10.0.0.3,10.0.0.1,TCP,5201,44850,66
2026-06-07T08:59:09.232422+00:00,jellyfish,widest_path,switch_down,run_scenario_jellyfish_widest_path_switch_down_20260607_084642,h0,jellyfish/widest_path/switch_down/run_scenario_jellyfish_widest_path_switch_down_20260607_084642/h0.pcap,00:00:00:00:00:01,00:00:00:00:02:01,10.0.0.1,10.0.0.3,TCP,44850,5201,96
2026-06-07T08:59:09.233126+00:00,jellyfish,widest_path,switch_down,run_scenario_jellyfish_widest_path_switch_down_20260607_084642,h0,jellyfish/widest_path/switch_down/run_scenario_jellyfish_widest_path_switch_down_20260607_084642/h0.pcap,00:00:00:00:02:01,00:00:00:00:00:01,10.0.0.3,10.0.0.1,TCP,5201,44850,66
2026-06-07T08:59:09.235948+00:00,jellyfish,widest_path,switch_down,run_scenario_jellyfish_widest_path_switch_down_20260607_084642,h0,jellyfish/widest_path/switch_down/run_scenario_jellyfish_widest_path_switch_down_20260607_084642/h0.pcap,00:00:00:00:00:01,00:00:00:00:02:01,10.0.0.1,10.0.0.3,TCP,44850,5201,96
2026-06-07T08:59:09.236567+00:00,jellyfish,widest_path,switch_down,run_scenario_jellyfish_widest_path_switch_down_20260607_084642,h0,jellyfish/widest_path/switch_down/run_scenario_jellyfish_widest_path_switch_down_20260607_084642/h0.pcap,00:00:00:00:02:01,00:00:00:00:00:01,10.0.0.3,10.0.0.1,TCP,5201,44850,66
2026-06-07T08:59:09.237325+00:00,jellyfish,widest_path,switch_down,run_scenario_jellyfish_widest_path_switch_down_20260607_084642,h0,jellyfish/widest_path/switch_down/run_scenario_jellyfish_widest_path_switch_down_20260607_084642/h0.pcap,00:00:00:00:00:01,00:00:00:00:02:01,10.0.0.1,10.0.0.3,TCP,44850,5201,96
2026-06-07T08:59:09.237921+00:00,jellyfish,widest_path,switch_down,run_scenario_jellyfish_widest_path_switch_down_20260607_084642,h0,jellyfish/widest_path/switch_down/run_scenario_jellyfish_widest_path_switch_down_20260607_084642/h0.pcap,00:00:00:00:00:01,00:00:00:00:02:01,10.0.0.1,10.0.0.3,TCP,44850,5201,96
2026-06-07T08:59:09.238004+00:00,jellyfish,widest_path,switch_down,run_scenario_jellyfish_widest_path_switch_down_20260607_084642,h0,jellyfish/widest_path/switch_down/run_scenario_jellyfish_widest_path_switch_down_20260607_084642/h0.pcap,00:00:00:00:02:01,00:00:00:00:00:01,10.0.0.3,10.0.0.1,TCP,5201,44850,66
2026-06-07T08:59:09.238413+00:00,jellyfish,widest_path,switch_down,run_scenario_jellyfish_widest_path_switch_down_20260607_084642,h0,jellyfish/widest_path/switch_down/run_scenario_jellyfish_widest_path_switch_down_20260607_084642/h0.pcap,00:00:00:00:02:01,00:00:00:00:00:01,10.0.0.3,10.0.0.1,TCP,5201,44850,66
2026-06-07T08:59:09.241551+00:00,jellyfish,widest_path,switch_down,run_scenario_jellyfish_widest_path_switch_down_20260607_084642,h0,jellyfish/widest_path/switch_down/run_scenario_jellyfish_widest_path_switch_down_20260607_084642/h0.pcap,00:00:00:00:00:01,00:00:00:00:02:01,10.0.0.1,10.0.0.3,TCP,44850,5201,96
2026-06-07T08:59:09.242315+00:00,jellyfish,widest_path,switch_down,run_scenario_jellyfish_widest_path_switch_down_20260607_084642,h0,jellyfish/widest_path/switch_down/run_scenario_jellyfish_widest_path_switch_down_20260607_084642/h0.pcap,00:00:00:00:02:01,00:00:00:00:00:01,10.0.0.3,10.0.0.1,TCP,5201,44850,66
2026-06-07T08:59:09.243218+00:00,jellyfish,widest_path,switch_down,run_scenario_jellyfish_widest_path_switch_down_20260607_084642,h0,jellyfish/widest_path/switch_down/run_scenario_jellyfish_widest_path_switch_down_20260607_084642/h0.pcap,00:00:00:00:00:01,00:00:00:00:02:01,10.0.0.1,10.0.0.3,TCP,44850,5201,96
2026-06-07T08:59:09.243310+00:00,jellyfish,widest_path,switch_down,run_scenario_jellyfish_widest_path_switch_down_20260607_084642,h0,jellyfish/widest_path/switch_down/run_scenario_jellyfish_widest_path_switch_down_20260607_084642/h0.pcap,00:00:00:00:00:01,00:00:00:00:02:01,10.0.0.1,10.0.0.3,TCP,44850,5201,96
2026-06-07T08:59:09.243818+00:00,jellyfish,widest_path,switch_down,run_scenario_jellyfish_widest_path_switch_down_20260607_084642,h0,jellyfish/widest_path/switch_down/run_scenario_jellyfish_widest_path_switch_down_20260607_084642/h0.pcap,00:00:00:00:02:01,00:00:00:00:00:01,10.0.0.3,10.0.0.1,TCP,5201,44850,66
2026-06-07T08:59:09.244031+00:00,jellyfish,widest_path,switch_down,run_scenario_jellyfish_widest_path_switch_down_20260607_084642,h0,jellyfish/widest_path/switch_down/run_scenario_jellyfish_widest_path_switch_down_20260607_084642/h0.pcap,00:00:00:00:02:01,00:00:00:00:00:01,10.0.0.3,10.0.0.1,TCP,5201,44850,66
2026-06-07T08:59:09.247095+00:00,jellyfish,widest_path,switch_down,run_scenario_jellyfish_widest_path_switch_down_20260607_084642,h0,jellyfish/widest_path/switch_down/run_scenario_jellyfish_widest_path_switch_down_20260607_084642/h0.pcap,00:00:00:00:00:01,00:00:00:00:02:01,10.0.0.1,10.0.0.3,TCP,44850,5201,96
2026-06-07T08:59:09.247775+00:00,jellyfish,widest_path,switch_down,run_scenario_jellyfish_widest_path_switch_down_20260607_084642,h0,jellyfish/widest_path/switch_down/run_scenario_jellyfish_widest_path_switch_down_20260607_084642/h0.pcap,00:00:00:00:02:01,00:00:00:00:00:01,10.0.0.3,10.0.0.1,TCP,5201,44850,66
2026-06-07T08:59:09.248777+00:00,jellyfish,widest_path,switch_down,run_scenario_jellyfish_widest_path_switch_down_20260607_084642,h0,jellyfish/widest_path/switch_down/run_scenario_jellyfish_widest_path_switch_down_20260607_084642/h0.pcap,00:00:00:00:00:01,00:00:00:00:02:01,10.0.0.1,10.0.0.3,TCP,44850,5201,96
2026-06-07T08:59:09.249602+00:00,jellyfish,widest_path,switch_down,run_scenario_jellyfish_widest_path_switch_down_20260607_084642,h0,jellyfish/widest_path/switch_down/run_scenario_jellyfish_widest_path_switch_down_20260607_084642/h0.pcap,00:00:00:00:02:01,00:00:00:00:00:01,10.0.0.3,10.0.0.1,TCP,5201,44850,66
2026-06-07T08:59:09.252645+00:00,jellyfish,widest_path,switch_down,run_scenario_jellyfish_widest_path_switch_down_20260607_084642,h0,jellyfish/widest_path/switch_down/run_scenario_jellyfish_widest_path_switch_down_20260607_084642/h0.pcap,00:00:00:00:00:01,00:00:00:00:02:01,10.0.0.1,10.0.0.3,TCP,44850,5201,96
2026-06-07T08:59:09.253313+00:00,jellyfish,widest_path,switch_down,run_scenario_jellyfish_widest_path_switch_down_20260607_084642,h0,jellyfish/widest_path/switch_down/run_scenario_jellyfish_widest_path_switch_down_20260607_084642/h0.pcap,00:00:00:00:02:01,00:00:00:00:00:01,10.0.0.3,10.0.0.1,TCP,5201,44850,66
2026-06-07T08:59:09.254215+00:00,jellyfish,widest_path,switch_down,run_scenario_jellyfish_widest_path_switch_down_20260607_084642,h0,jellyfish/widest_path/switch_down/run_scenario_jellyfish_widest_path_switch_down_20260607_084642/h0.pcap,00:00:00:00:00:01,00:00:00:00:02:01,10.0.0.1,10.0.0.3,TCP,44850,5201,96
2026-06-07T08:59:09.254862+00:00,jellyfish,widest_path,switch_down,run_scenario_jellyfish_widest_path_switch_down_20260607_084642,h0,jellyfish/widest_path/switch_down/run_scenario_jellyfish_widest_path_switch_down_20260607_084642/h0.pcap,00:00:00:00:02:01,00:00:00:00:00:01,10.0.0.3,10.0.0.1,TCP,5201,44850,66
2026-06-07T08:59:09.256677+00:00,jellyfish,widest_path,switch_down,run_scenario_jellyfish_widest_path_switch_down_20260607_084642,h0,jellyfish/widest_path/switch_down/run_scenario_jellyfish_widest_path_switch_down_20260607_084642/h0.pcap,00:00:00:00:00:01,00:00:00:00:02:01,10.0.0.1,10.0.0.3,TCP,44850,5201,96
2026-06-07T08:59:09.257409+00:00,jellyfish,widest_path,switch_down,run_scenario_jellyfish_widest_path_switch_down_20260607_084642,h0,jellyfish/widest_path/switch_down/run_scenario_jellyfish_widest_path_switch_down_20260607_084642/h0.pcap,00:00:00:00:02:01,00:00:00:00:00:01,10.0.0.3,10.0.0.1,TCP,5201,44850,66
2026-06-07T08:59:09.259689+00:00,jellyfish,widest_path,switch_down,run_scenario_jellyfish_widest_path_switch_down_20260607_084642,h0,jellyfish/widest_path/switch_down/run_scenario_jellyfish_widest_path_switch_down_20260607_084642/h0.pcap,00:00:00:00:00:01,00:00:00:00:02:01,10.0.0.1,10.0.0.3,TCP,44850,5201,96
2026-06-07T08:59:09.260335+00:00,jellyfish,widest_path,switch_down,run_scenario_jellyfish_widest_path_switch_down_20260607_084642,h0,jellyfish/widest_path/switch_down/run_scenario_jellyfish_widest_path_switch_down_20260607_084642/h0.pcap,00:00:00:00:02:01,00:00:00:00:00:01,10.0.0.3,10.0.0.1,TCP,5201,44850,66
2026-06-07T08:59:09.260760+00:00,jellyfish,widest_path,switch_down,run_scenario_jellyfish_widest_path_switch_down_20260607_084642,h0,jellyfish/widest_path/switch_down/run_scenario_jellyfish_widest_path_switch_down_20260607_084642/h0.pcap,00:00:00:00:00:01,00:00:00:00:02:01,10.0.0.1,10.0.0.3,TCP,44850,5201,96
2026-06-07T08:59:09.261464+00:00,jellyfish,widest_path,switch_down,run_scenario_jellyfish_widest_path_switch_down_20260607_084642,h0,jellyfish/widest_path/switch_down/run_scenario_jellyfish_widest_path_switch_down_20260607_084642/h0.pcap,00:00:00:00:02:01,00:00:00:00:00:01,10.0.0.3,10.0.0.1,TCP,5201,44850,66
2026-06-07T08:59:09.264873+00:00,jellyfish,widest_path,switch_down,run_scenario_jellyfish_widest_path_switch_down_20260607_084642,h0,jellyfish/widest_path/switch_down/run_scenario_jellyfish_widest_path_switch_down_20260607_084642/h0.pcap,00:00:00:00:00:01,00:00:00:00:02:01,10.0.0.1,10.0.0.3,TCP,44850,5201,96
2026-06-07T08:59:09.265099+00:00,jellyfish,widest_path,switch_down,run_scenario_jellyfish_widest_path_switch_down_20260607_084642,h0,jellyfish/widest_path/switch_down/run_scenario_jellyfish_widest_path_switch_down_20260607_084642/h0.pcap,00:00:00:00:00:01,00:00:00:00:02:01,10.0.0.1,10.0.0.3,TCP,44850,5201,96
2026-06-07T08:59:09.265593+00:00,jellyfish,widest_path,switch_down,run_scenario_jellyfish_widest_path_switch_down_20260607_084642,h0,jellyfish/widest_path/switch_down/run_scenario_jellyfish_widest_path_switch_down_20260607_084642/h0.pcap,00:00:00:00:02:01,00:00:00:00:00:01,10.0.0.3,10.0.0.1,TCP,5201,44850,66
2026-06-07T08:59:09.265635+00:00,jellyfish,widest_path,switch_down,run_scenario_jellyfish_widest_path_switch_down_20260607_084642,h0,jellyfish/widest_path/switch_down/run_scenario_jellyfish_widest_path_switch_down_20260607_084642/h0.pcap,00:00:00:00:02:01,00:00:00:00:00:01,10.0.0.3,10.0.0.1,TCP,5201,44850,66
2026-06-07T08:59:09.270650+00:00,jellyfish,widest_path,switch_down,run_scenario_jellyfish_widest_path_switch_down_20260607_084642,h0,jellyfish/widest_path/switch_down/run_scenario_jellyfish_widest_path_switch_down_20260607_084642/h0.pcap,00:00:00:00:00:01,00:00:00:00:02:01,10.0.0.1,10.0.0.3,TCP,44850,5201,96
2026-06-07T08:59:09.271074+00:00,jellyfish,widest_path,switch_down,run_scenario_jellyfish_widest_path_switch_down_20260607_084642,h0,jellyfish/widest_path/switch_down/run_scenario_jellyfish_widest_path_switch_down_20260607_084642/h0.pcap,00:00:00:00:02:01,00:00:00:00:00:01,10.0.0.3,10.0.0.1,TCP,5201,44850,66
2026-06-07T08:59:09.271884+00:00,jellyfish,widest_path,switch_down,run_scenario_jellyfish_widest_path_switch_down_20260607_084642,h0,jellyfish/widest_path/switch_down/run_scenario_jellyfish_widest_path_switch_down_20260607_084642/h0.pcap,00:00:00:00:00:01,00:00:00:00:02:01,10.0.0.1,10.0.0.3,TCP,44850,5201,96
2026-06-07T08:59:09.272130+00:00,jellyfish,widest_path,switch_down,run_scenario_jellyfish_widest_path_switch_down_20260607_084642,h0,jellyfish/widest_path/switch_down/run_scenario_jellyfish_widest_path_switch_down_20260607_084642/h0.pcap,00:00:00:00:02:01,00:00:00:00:00:01,10.0.0.3,10.0.0.1,TCP,5201,44850,66
2026-06-07T08:59:09.274941+00:00,jellyfish,widest_path,switch_down,run_scenario_jellyfish_widest_path_switch_down_20260607_084642,h0,jellyfish/widest_path/switch_down/run_scenario_jellyfish_widest_path_switch_down_20260607_084642/h0.pcap,00:00:00:00:00:01,00:00:00:00:02:01,10.0.0.1,10.0.0.3,TCP,44850,5201,96
2026-06-07T08:59:09.275310+00:00,jellyfish,widest_path,switch_down,run_scenario_jellyfish_widest_path_switch_down_20260607_084642,h0,jellyfish/widest_path/switch_down/run_scenario_jellyfish_widest_path_switch_down_20260607_084642/h0.pcap,00:00:00:00:02:01,00:00:00:00:00:01,10.0.0.3,10.0.0.1,TCP,5201,44850,66
2026-06-07T08:59:09.277317+00:00,jellyfish,widest_path,switch_down,run_scenario_jellyfish_widest_path_switch_down_20260607_084642,h0,jellyfish/widest_path/switch_down/run_scenario_jellyfish_widest_path_switch_down_20260607_084642/h0.pcap,00:00:00:00:00:01,00:00:00:00:02:01,10.0.0.1,10.0.0.3,TCP,44850,5201,96
2026-06-07T08:59:09.277594+00:00,jellyfish,widest_path,switch_down,run_scenario_jellyfish_widest_path_switch_down_20260607_084642,h0,jellyfish/widest_path/switch_down/run_scenario_jellyfish_widest_path_switch_down_20260607_084642/h0.pcap,00:00:00:00:02:01,00:00:00:00:00:01,10.0.0.3,10.0.0.1,TCP,5201,44850,66
2026-06-07T08:59:09.279491+00:00,jellyfish,widest_path,switch_down,run_scenario_jellyfish_widest_path_switch_down_20260607_084642,h0,jellyfish/widest_path/switch_down/run_scenario_jellyfish_widest_path_switch_down_20260607_084642/h0.pcap,00:00:00:00:00:01,00:00:00:00:02:01,10.0.0.1,10.0.0.3,TCP,44850,5201,96
2026-06-07T08:59:09.279754+00:00,jellyfish,widest_path,switch_down,run_scenario_jellyfish_widest_path_switch_down_20260607_084642,h0,jellyfish/widest_path/switch_down/run_scenario_jellyfish_widest_path_switch_down_20260607_084642/h0.pcap,00:00:00:00:02:01,00:00:00:00:00:01,10.0.0.3,10.0.0.1,TCP,5201,44850,66
2026-06-07T08:59:09.280821+00:00,jellyfish,widest_path,switch_down,run_scenario_jellyfish_widest_path_switch_down_20260607_084642,h0,jellyfish/widest_path/switch_down/run_scenario_jellyfish_widest_path_switch_down_20260607_084642/h0.pcap,00:00:00:00:00:01,00:00:00:00:02:01,10.0.0.1,10.0.0.3,TCP,44850,5201,96
2026-06-07T08:59:09.280941+00:00,jellyfish,widest_path,switch_down,run_scenario_jellyfish_widest_path_switch_down_20260607_084642,h0,jellyfish/widest_path/switch_down/run_scenario_jellyfish_widest_path_switch_down_20260607_084642/h0.pcap,00:00:00:00:02:01,00:00:00:00:00:01,10.0.0.3,10.0.0.1,TCP,5201,44850,66
2026-06-07T08:59:09.282775+00:00,jellyfish,widest_path,switch_down,run_scenario_jellyfish_widest_path_switch_down_20260607_084642,h0,jellyfish/widest_path/switch_down/run_scenario_jellyfish_widest_path_switch_down_20260607_084642/h0.pcap,00:00:00:00:00:01,00:00:00:00:02:01,10.0.0.1,10.0.0.3,TCP,44850,5201,96
2026-06-07T08:59:09.282931+00:00,jellyfish,widest_path,switch_down,run_scenario_jellyfish_widest_path_switch_down_20260607_084642,h0,jellyfish/widest_path/switch_down/run_scenario_jellyfish_widest_path_switch_down_20260607_084642/h0.pcap,00:00:00:00:02:01,00:00:00:00:00:01,10.0.0.3,10.0.0.1,TCP,5201,44850,66
2026-06-07T08:59:09.283976+00:00,jellyfish,widest_path,switch_down,run_scenario_jellyfish_widest_path_switch_down_20260607_084642,h0,jellyfish/widest_path/switch_down/run_scenario_jellyfish_widest_path_switch_down_20260607_084642/h0.pcap,00:00:00:00:00:01,00:00:00:00:02:01,10.0.0.1,10.0.0.3,TCP,44850,5201,96
2026-06-07T08:59:09.284249+00:00,jellyfish,widest_path,switch_down,run_scenario_jellyfish_widest_path_switch_down_20260607_084642,h0,jellyfish/widest_path/switch_down/run_scenario_jellyfish_widest_path_switch_down_20260607_084642/h0.pcap,00:00:00:00:02:01,00:00:00:00:00:01,10.0.0.3,10.0.0.1,TCP,5201,44850,66
2026-06-07T08:59:09.288251+00:00,jellyfish,widest_path,switch_down,run_scenario_jellyfish_widest_path_switch_down_20260607_084642,h0,jellyfish/widest_path/switch_down/run_scenario_jellyfish_widest_path_switch_down_20260607_084642/h0.pcap,00:00:00:00:00:01,00:00:00:00:02:01,10.0.0.1,10.0.0.3,TCP,44850,5201,96
2026-06-07T08:59:09.288584+00:00,jellyfish,widest_path,switch_down,run_scenario_jellyfish_widest_path_switch_down_20260607_084642,h0,jellyfish/widest_path/switch_down/run_scenario_jellyfish_widest_path_switch_down_20260607_084642/h0.pcap,00:00:00:00:02:01,00:00:00:00:00:01,10.0.0.3,10.0.0.1,TCP,5201,44850,66
2026-06-07T08:59:09.291980+00:00,jellyfish,widest_path,switch_down,run_scenario_jellyfish_widest_path_switch_down_20260607_084642,h0,jellyfish/widest_path/switch_down/run_scenario_jellyfish_widest_path_switch_down_20260607_084642/h0.pcap,00:00:00:00:00:01,00:00:00:00:02:01,10.0.0.1,10.0.0.3,TCP,44850,5201,96
2026-06-07T08:59:09.292151+00:00,jellyfish,widest_path,switch_down,run_scenario_jellyfish_widest_path_switch_down_20260607_084642,h0,jellyfish/widest_path/switch_down/run_scenario_jellyfish_widest_path_switch_down_20260607_084642/h0.pcap,00:00:00:00:02:01,00:00:00:00:00:01,10.0.0.3,10.0.0.1,TCP,5201,44850,66
2026-06-07T08:59:09.293328+00:00,jellyfish,widest_path,switch_down,run_scenario_jellyfish_widest_path_switch_down_20260607_084642,h0,jellyfish/widest_path/switch_down/run_scenario_jellyfish_widest_path_switch_down_20260607_084642/h0.pcap,00:00:00:00:00:01,00:00:00:00:02:01,10.0.0.1,10.0.0.3,TCP,44850,5201,96
2026-06-07T08:59:09.293442+00:00,jellyfish,widest_path,switch_down,run_scenario_jellyfish_widest_path_switch_down_20260607_084642,h0,jellyfish/widest_path/switch_down/run_scenario_jellyfish_widest_path_switch_down_20260607_084642/h0.pcap,00:00:00:00:02:01,00:00:00:00:00:01,10.0.0.3,10.0.0.1,TCP,5201,44850,66
2026-06-07T08:59:09.293663+00:00,jellyfish,widest_path,switch_down,run_scenario_jellyfish_widest_path_switch_down_20260607_084642,h0,jellyfish/widest_path/switch_down/run_scenario_jellyfish_widest_path_switch_down_20260607_084642/h0.pcap,00:00:00:00:00:01,00:00:00:00:02:01,10.0.0.1,10.0.0.3,TCP,44850,5201,96
2026-06-07T08:59:09.293969+00:00,jellyfish,widest_path,switch_down,run_scenario_jellyfish_widest_path_switch_down_20260607_084642,h0,jellyfish/widest_path/switch_down/run_scenario_jellyfish_widest_path_switch_down_20260607_084642/h0.pcap,00:00:00:00:02:01,00:00:00:00:00:01,10.0.0.3,10.0.0.1,TCP,5201,44850,66
2026-06-07T08:59:09.297806+00:00,jellyfish,widest_path,switch_down,run_scenario_jellyfish_widest_path_switch_down_20260607_084642,h0,jellyfish/widest_path/switch_down/run_scenario_jellyfish_widest_path_switch_down_20260607_084642/h0.pcap,00:00:00:00:00:01,00:00:00:00:02:01,10.0.0.1,10.0.0.3,TCP,44850,5201,96
2026-06-07T08:59:09.298190+00:00,jellyfish,widest_path,switch_down,run_scenario_jellyfish_widest_path_switch_down_20260607_084642,h0,jellyfish/widest_path/switch_down/run_scenario_jellyfish_widest_path_switch_down_20260607_084642/h0.pcap,00:00:00:00:02:01,00:00:00:00:00:01,10.0.0.3,10.0.0.1,TCP,5201,44850,66
2026-06-07T08:59:09.299116+00:00,jellyfish,widest_path,switch_down,run_scenario_jellyfish_widest_path_switch_down_20260607_084642,h0,jellyfish/widest_path/switch_down/run_scenario_jellyfish_widest_path_switch_down_20260607_084642/h0.pcap,00:00:00:00:00:01,00:00:00:00:02:01,10.0.0.1,10.0.0.3,TCP,44850,5201,96
2026-06-07T08:59:09.299360+00:00,jellyfish,widest_path,switch_down,run_scenario_jellyfish_widest_path_switch_down_20260607_084642,h0,jellyfish/widest_path/switch_down/run_scenario_jellyfish_widest_path_switch_down_20260607_084642/h0.pcap,00:00:00:00:02:01,00:00:00:00:00:01,10.0.0.3,10.0.0.1,TCP,5201,44850,66
2026-06-07T08:59:09.303512+00:00,jellyfish,widest_path,switch_down,run_scenario_jellyfish_widest_path_switch_down_20260607_084642,h0,jellyfish/widest_path/switch_down/run_scenario_jellyfish_widest_path_switch_down_20260607_084642/h0.pcap,00:00:00:00:00:01,00:00:00:00:02:01,10.0.0.1,10.0.0.3,TCP,44850,5201,96
2026-06-07T08:59:09.303764+00:00,jellyfish,widest_path,switch_down,run_scenario_jellyfish_widest_path_switch_down_20260607_084642,h0,jellyfish/widest_path/switch_down/run_scenario_jellyfish_widest_path_switch_down_20260607_084642/h0.pcap,00:00:00:00:02:01,00:00:00:00:00:01,10.0.0.3,10.0.0.1,TCP,5201,44850,66
2026-06-07T08:59:09.304575+00:00,jellyfish,widest_path,switch_down,run_scenario_jellyfish_widest_path_switch_down_20260607_084642,h0,jellyfish/widest_path/switch_down/run_scenario_jellyfish_widest_path_switch_down_20260607_084642/h0.pcap,00:00:00:00:00:01,00:00:00:00:02:01,10.0.0.1,10.0.0.3,TCP,44850,5201,96
2026-06-07T08:59:09.304869+00:00,jellyfish,widest_path,switch_down,run_scenario_jellyfish_widest_path_switch_down_20260607_084642,h0,jellyfish/widest_path/switch_down/run_scenario_jellyfish_widest_path_switch_down_20260607_084642/h0.pcap,00:00:00:00:02:01,00:00:00:00:00:01,10.0.0.3,10.0.0.1,TCP,5201,44850,66
2026-06-07T08:59:09.309187+00:00,jellyfish,widest_path,switch_down,run_scenario_jellyfish_widest_path_switch_down_20260607_084642,h0,jellyfish/widest_path/switch_down/run_scenario_jellyfish_widest_path_switch_down_20260607_084642/h0.pcap,00:00:00:00:00:01,00:00:00:00:02:01,10.0.0.1,10.0.0.3,TCP,44850,5201,96
2026-06-07T08:59:09.309344+00:00,jellyfish,widest_path,switch_down,run_scenario_jellyfish_widest_path_switch_down_20260607_084642,h0,jellyfish/widest_path/switch_down/run_scenario_jellyfish_widest_path_switch_down_20260607_084642/h0.pcap,00:00:00:00:02:01,00:00:00:00:00:01,10.0.0.3,10.0.0.1,TCP,5201,44850,66
2026-06-07T08:59:09.310015+00:00,jellyfish,widest_path,switch_down,run_scenario_jellyfish_widest_path_switch_down_20260607_084642,h0,jellyfish/widest_path/switch_down/run_scenario_jellyfish_widest_path_switch_down_20260607_084642/h0.pcap,00:00:00:00:00:01,00:00:00:00:02:01,10.0.0.1,10.0.0.3,TCP,44850,5201,96
2026-06-07T08:59:09.310328+00:00,jellyfish,widest_path,switch_down,run_scenario_jellyfish_widest_path_switch_down_20260607_084642,h0,jellyfish/widest_path/switch_down/run_scenario_jellyfish_widest_path_switch_down_20260607_084642/h0.pcap,00:00:00:00:02:01,00:00:00:00:00:01,10.0.0.3,10.0.0.1,TCP,5201,44850,66
2026-06-07T08:59:09.314882+00:00,jellyfish,widest_path,switch_down,run_scenario_jellyfish_widest_path_switch_down_20260607_084642,h0,jellyfish/widest_path/switch_down/run_scenario_jellyfish_widest_path_switch_down_20260607_084642/h0.pcap,00:00:00:00:00:01,00:00:00:00:02:01,10.0.0.1,10.0.0.3,TCP,44850,5201,96
2026-06-07T08:59:09.315045+00:00,jellyfish,widest_path,switch_down,run_scenario_jellyfish_widest_path_switch_down_20260607_084642,h0,jellyfish/widest_path/switch_down/run_scenario_jellyfish_widest_path_switch_down_20260607_084642/h0.pcap,00:00:00:00:02:01,00:00:00:00:00:01,10.0.0.3,10.0.0.1,TCP,5201,44850,66
2026-06-07T08:59:09.315472+00:00,jellyfish,widest_path,switch_down,run_scenario_jellyfish_widest_path_switch_down_20260607_084642,h0,jellyfish/widest_path/switch_down/run_scenario_jellyfish_widest_path_switch_down_20260607_084642/h0.pcap,00:00:00:00:00:01,00:00:00:00:02:01,10.0.0.1,10.0.0.3,TCP,44850,5201,96
2026-06-07T08:59:09.315790+00:00,jellyfish,widest_path,switch_down,run_scenario_jellyfish_widest_path_switch_down_20260607_084642,h0,jellyfish/widest_path/switch_down/run_scenario_jellyfish_widest_path_switch_down_20260607_084642/h0.pcap,00:00:00:00:02:01,00:00:00:00:00:01,10.0.0.3,10.0.0.1,TCP,5201,44850,66
2026-06-07T08:59:09.320707+00:00,jellyfish,widest_path,switch_down,run_scenario_jellyfish_widest_path_switch_down_20260607_084642,h0,jellyfish/widest_path/switch_down/run_scenario_jellyfish_widest_path_switch_down_20260607_084642/h0.pcap,00:00:00:00:00:01,00:00:00:00:02:01,10.0.0.1,10.0.0.3,TCP,44850,5201,96
2026-06-07T08:59:09.320920+00:00,jellyfish,widest_path,switch_down,run_scenario_jellyfish_widest_path_switch_down_20260607_084642,h0,jellyfish/widest_path/switch_down/run_scenario_jellyfish_widest_path_switch_down_20260607_084642/h0.pcap,00:00:00:00:02:01,00:00:00:00:00:01,10.0.0.3,10.0.0.1,TCP,5201,44850,66
2026-06-07T08:59:09.320953+00:00,jellyfish,widest_path,switch_down,run_scenario_jellyfish_widest_path_switch_down_20260607_084642,h0,jellyfish/widest_path/switch_down/run_scenario_jellyfish_widest_path_switch_down_20260607_084642/h0.pcap,00:00:00:00:00:01,00:00:00:00:02:01,10.0.0.1,10.0.0.3,TCP,44850,5201,96
2026-06-07T08:59:09.321146+00:00,jellyfish,widest_path,switch_down,run_scenario_jellyfish_widest_path_switch_down_20260607_084642,h0,jellyfish/widest_path/switch_down/run_scenario_jellyfish_widest_path_switch_down_20260607_084642/h0.pcap,00:00:00:00:02:01,00:00:00:00:00:01,10.0.0.3,10.0.0.1,TCP,5201,44850,66
2026-06-07T08:59:09.326393+00:00,jellyfish,widest_path,switch_down,run_scenario_jellyfish_widest_path_switch_down_20260607_084642,h0,jellyfish/widest_path/switch_down/run_scenario_jellyfish_widest_path_switch_down_20260607_084642/h0.pcap,00:00:00:00:00:01,00:00:00:00:02:01,10.0.0.1,10.0.0.3,TCP,44850,5201,96
2026-06-07T08:59:09.326726+00:00,jellyfish,widest_path,switch_down,run_scenario_jellyfish_widest_path_switch_down_20260607_084642,h0,jellyfish/widest_path/switch_down/run_scenario_jellyfish_widest_path_switch_down_20260607_084642/h0.pcap,00:00:00:00:02:01,00:00:00:00:00:01,10.0.0.3,10.0.0.1,TCP,5201,44850,66
2026-06-07T08:59:09.331847+00:00,jellyfish,widest_path,switch_down,run_scenario_jellyfish_widest_path_switch_down_20260607_084642,h0,jellyfish/widest_path/switch_down/run_scenario_jellyfish_widest_path_switch_down_20260607_084642/h0.pcap,00:00:00:00:00:01,00:00:00:00:02:01,10.0.0.1,10.0.0.3,TCP,44850,5201,96
2026-06-07T08:59:09.332047+00:00,jellyfish,widest_path,switch_down,run_scenario_jellyfish_widest_path_switch_down_20260607_084642,h0,jellyfish/widest_path/switch_down/run_scenario_jellyfish_widest_path_switch_down_20260607_084642/h0.pcap,00:00:00:00:02:01,00:00:00:00:00:01,10.0.0.3,10.0.0.1,TCP,5201,44850,66
2026-06-07T08:59:09.332080+00:00,jellyfish,widest_path,switch_down,run_scenario_jellyfish_widest_path_switch_down_20260607_084642,h0,jellyfish/widest_path/switch_down/run_scenario_jellyfish_widest_path_switch_down_20260607_084642/h0.pcap,00:00:00:00:00:01,00:00:00:00:02:01,10.0.0.1,10.0.0.3,TCP,44850,5201,96
2026-06-07T08:59:09.332344+00:00,jellyfish,widest_path,switch_down,run_scenario_jellyfish_widest_path_switch_down_20260607_084642,h0,jellyfish/widest_path/switch_down/run_scenario_jellyfish_widest_path_switch_down_20260607_084642/h0.pcap,00:00:00:00:02:01,00:00:00:00:00:01,10.0.0.3,10.0.0.1,TCP,5201,44850,66
2026-06-07T08:59:09.337341+00:00,jellyfish,widest_path,switch_down,run_scenario_jellyfish_widest_path_switch_down_20260607_084642,h0,jellyfish/widest_path/switch_down/run_scenario_jellyfish_widest_path_switch_down_20260607_084642/h0.pcap,00:00:00:00:00:01,00:00:00:00:02:01,10.0.0.1,10.0.0.3,TCP,44850,5201,96
2026-06-07T08:59:09.337652+00:00,jellyfish,widest_path,switch_down,run_scenario_jellyfish_widest_path_switch_down_20260607_084642,h0,jellyfish/widest_path/switch_down/run_scenario_jellyfish_widest_path_switch_down_20260607_084642/h0.pcap,00:00:00:00:02:01,00:00:00:00:00:01,10.0.0.3,10.0.0.1,TCP,5201,44850,66
2026-06-07T08:59:09.337752+00:00,jellyfish,widest_path,switch_down,run_scenario_jellyfish_widest_path_switch_down_20260607_084642,h0,jellyfish/widest_path/switch_down/run_scenario_jellyfish_widest_path_switch_down_20260607_084642/h0.pcap,00:00:00:00:00:01,00:00:00:00:02:01,10.0.0.1,10.0.0.3,TCP,44850,5201,96
2026-06-07T08:59:09.338033+00:00,jellyfish,widest_path,switch_down,run_scenario_jellyfish_widest_path_switch_down_20260607_084642,h0,jellyfish/widest_path/switch_down/run_scenario_jellyfish_widest_path_switch_down_20260607_084642/h0.pcap,00:00:00:00:02:01,00:00:00:00:00:01,10.0.0.3,10.0.0.1,TCP,5201,44850,66
2026-06-07T08:59:09.342763+00:00,jellyfish,widest_path,switch_down,run_scenario_jellyfish_widest_path_switch_down_20260607_084642,h0,jellyfish/widest_path/switch_down/run_scenario_jellyfish_widest_path_switch_down_20260607_084642/h0.pcap,00:00:00:00:00:01,00:00:00:00:02:01,10.0.0.1,10.0.0.3,TCP,44850,5201,96
2026-06-07T08:59:09.343136+00:00,jellyfish,widest_path,switch_down,run_scenario_jellyfish_widest_path_switch_down_20260607_084642,h0,jellyfish/widest_path/switch_down/run_scenario_jellyfish_widest_path_switch_down_20260607_084642/h0.pcap,00:00:00:00:02:01,00:00:00:00:00:01,10.0.0.3,10.0.0.1,TCP,5201,44850,66
2026-06-07T08:59:09.348197+00:00,jellyfish,widest_path,switch_down,run_scenario_jellyfish_widest_path_switch_down_20260607_084642,h0,jellyfish/widest_path/switch_down/run_scenario_jellyfish_widest_path_switch_down_20260607_084642/h0.pcap,00:00:00:00:00:01,00:00:00:00:02:01,10.0.0.1,10.0.0.3,TCP,44850,5201,96
2026-06-07T08:59:09.348442+00:00,jellyfish,widest_path,switch_down,run_scenario_jellyfish_widest_path_switch_down_20260607_084642,h0,jellyfish/widest_path/switch_down/run_scenario_jellyfish_widest_path_switch_down_20260607_084642/h0.pcap,00:00:00:00:02:01,00:00:00:00:00:01,10.0.0.3,10.0.0.1,TCP,5201,44850,66
2026-06-07T08:59:09.349322+00:00,jellyfish,widest_path,switch_down,run_scenario_jellyfish_widest_path_switch_down_20260607_084642,h0,jellyfish/widest_path/switch_down/run_scenario_jellyfish_widest_path_switch_down_20260607_084642/h0.pcap,00:00:00:00:00:01,00:00:00:00:02:01,10.0.0.1,10.0.0.3,TCP,44850,5201,96
2026-06-07T08:59:09.349679+00:00,jellyfish,widest_path,switch_down,run_scenario_jellyfish_widest_path_switch_down_20260607_084642,h0,jellyfish/widest_path/switch_down/run_scenario_jellyfish_widest_path_switch_down_20260607_084642/h0.pcap,00:00:00:00:02:01,00:00:00:00:00:01,10.0.0.3,10.0.0.1,TCP,5201,44850,66
2026-06-07T08:59:09.353650+00:00,jellyfish,widest_path,switch_down,run_scenario_jellyfish_widest_path_switch_down_20260607_084642,h0,jellyfish/widest_path/switch_down/run_scenario_jellyfish_widest_path_switch_down_20260607_084642/h0.pcap,00:00:00:00:00:01,00:00:00:00:02:01,10.0.0.1,10.0.0.3,TCP,44850,5201,96
2026-06-07T08:59:09.353946+00:00,jellyfish,widest_path,switch_down,run_scenario_jellyfish_widest_path_switch_down_20260607_084642,h0,jellyfish/widest_path/switch_down/run_scenario_jellyfish_widest_path_switch_down_20260607_084642/h0.pcap,00:00:00:00:02:01,00:00:00:00:00:01,10.0.0.3,10.0.0.1,TCP,5201,44850,66
2026-06-07T08:59:09.355006+00:00,jellyfish,widest_path,switch_down,run_scenario_jellyfish_widest_path_switch_down_20260607_084642,h0,jellyfish/widest_path/switch_down/run_scenario_jellyfish_widest_path_switch_down_20260607_084642/h0.pcap,00:00:00:00:00:01,00:00:00:00:02:01,10.0.0.1,10.0.0.3,TCP,44850,5201,96
2026-06-07T08:59:09.355374+00:00,jellyfish,widest_path,switch_down,run_scenario_jellyfish_widest_path_switch_down_20260607_084642,h0,jellyfish/widest_path/switch_down/run_scenario_jellyfish_widest_path_switch_down_20260607_084642/h0.pcap,00:00:00:00:02:01,00:00:00:00:00:01,10.0.0.3,10.0.0.1,TCP,5201,44850,66
2026-06-07T08:59:09.359124+00:00,jellyfish,widest_path,switch_down,run_scenario_jellyfish_widest_path_switch_down_20260607_084642,h0,jellyfish/widest_path/switch_down/run_scenario_jellyfish_widest_path_switch_down_20260607_084642/h0.pcap,00:00:00:00:00:01,00:00:00:00:02:01,10.0.0.1,10.0.0.3,TCP,44850,5201,96
2026-06-07T08:59:09.359432+00:00,jellyfish,widest_path,switch_down,run_scenario_jellyfish_widest_path_switch_down_20260607_084642,h0,jellyfish/widest_path/switch_down/run_scenario_jellyfish_widest_path_switch_down_20260607_084642/h0.pcap,00:00:00:00:02:01,00:00:00:00:00:01,10.0.0.3,10.0.0.1,TCP,5201,44850,66
2026-06-07T08:59:09.361532+00:00,jellyfish,widest_path,switch_down,run_scenario_jellyfish_widest_path_switch_down_20260607_084642,h0,jellyfish/widest_path/switch_down/run_scenario_jellyfish_widest_path_switch_down_20260607_084642/h0.pcap,00:00:00:00:00:01,00:00:00:00:02:01,10.0.0.1,10.0.0.3,TCP,44850,5201,96
2026-06-07T08:59:09.361873+00:00,jellyfish,widest_path,switch_down,run_scenario_jellyfish_widest_path_switch_down_20260607_084642,h0,jellyfish/widest_path/switch_down/run_scenario_jellyfish_widest_path_switch_down_20260607_084642/h0.pcap,00:00:00:00:02:01,00:00:00:00:00:01,10.0.0.3,10.0.0.1,TCP,5201,44850,66
2026-06-07T08:59:09.366506+00:00,jellyfish,widest_path,switch_down,run_scenario_jellyfish_widest_path_switch_down_20260607_084642,h0,jellyfish/widest_path/switch_down/run_scenario_jellyfish_widest_path_switch_down_20260607_084642/h0.pcap,00:00:00:00:00:01,00:00:00:00:02:01,10.0.0.1,10.0.0.3,TCP,44850,5201,96
2026-06-07T08:59:09.366795+00:00,jellyfish,widest_path,switch_down,run_scenario_jellyfish_widest_path_switch_down_20260607_084642,h0,jellyfish/widest_path/switch_down/run_scenario_jellyfish_widest_path_switch_down_20260607_084642/h0.pcap,00:00:00:00:02:01,00:00:00:00:00:01,10.0.0.3,10.0.0.1,TCP,5201,44850,66
2026-06-07T08:59:09.369312+00:00,jellyfish,widest_path,switch_down,run_scenario_jellyfish_widest_path_switch_down_20260607_084642,h0,jellyfish/widest_path/switch_down/run_scenario_jellyfish_widest_path_switch_down_20260607_084642/h0.pcap,00:00:00:00:00:01,00:00:00:00:02:01,10.0.0.1,10.0.0.3,TCP,44850,5201,96
2026-06-07T08:59:09.369624+00:00,jellyfish,widest_path,switch_down,run_scenario_jellyfish_widest_path_switch_down_20260607_084642,h0,jellyfish/widest_path/switch_down/run_scenario_jellyfish_widest_path_switch_down_20260607_084642/h0.pcap,00:00:00:00:02:01,00:00:00:00:00:01,10.0.0.3,10.0.0.1,TCP,5201,44850,66
2026-06-07T08:59:09.371853+00:00,jellyfish,widest_path,switch_down,run_scenario_jellyfish_widest_path_switch_down_20260607_084642,h0,jellyfish/widest_path/switch_down/run_scenario_jellyfish_widest_path_switch_down_20260607_084642/h0.pcap,00:00:00:00:00:01,00:00:00:00:02:01,10.0.0.1,10.0.0.3,TCP,44850,5201,96
2026-06-07T08:59:09.372207+00:00,jellyfish,widest_path,switch_down,run_scenario_jellyfish_widest_path_switch_down_20260607_084642,h0,jellyfish/widest_path/switch_down/run_scenario_jellyfish_widest_path_switch_down_20260607_084642/h0.pcap,00:00:00:00:02:01,00:00:00:00:00:01,10.0.0.3,10.0.0.1,TCP,5201,44850,66
2026-06-07T08:59:09.376199+00:00,jellyfish,widest_path,switch_down,run_scenario_jellyfish_widest_path_switch_down_20260607_084642,h0,jellyfish/widest_path/switch_down/run_scenario_jellyfish_widest_path_switch_down_20260607_084642/h0.pcap,00:00:00:00:00:01,00:00:00:00:02:01,10.0.0.1,10.0.0.3,TCP,44850,5201,96
2026-06-07T08:59:09.376498+00:00,jellyfish,widest_path,switch_down,run_scenario_jellyfish_widest_path_switch_down_20260607_084642,h0,jellyfish/widest_path/switch_down/run_scenario_jellyfish_widest_path_switch_down_20260607_084642/h0.pcap,00:00:00:00:02:01,00:00:00:00:00:01,10.0.0.3,10.0.0.1,TCP,5201,44850,66
2026-06-07T08:59:09.377313+00:00,jellyfish,widest_path,switch_down,run_scenario_jellyfish_widest_path_switch_down_20260607_084642,h0,jellyfish/widest_path/switch_down/run_scenario_jellyfish_widest_path_switch_down_20260607_084642/h0.pcap,00:00:00:00:00:01,00:00:00:00:02:01,10.0.0.1,10.0.0.3,TCP,44850,5201,96
2026-06-07T08:59:09.377616+00:00,jellyfish,widest_path,switch_down,run_scenario_jellyfish_widest_path_switch_down_20260607_084642,h0,jellyfish/widest_path/switch_down/run_scenario_jellyfish_widest_path_switch_down_20260607_084642/h0.pcap,00:00:00:00:02:01,00:00:00:00:00:01,10.0.0.3,10.0.0.1,TCP,5201,44850,66
2026-06-07T08:59:09.382754+00:00,jellyfish,widest_path,switch_down,run_scenario_jellyfish_widest_path_switch_down_20260607_084642,h0,jellyfish/widest_path/switch_down/run_scenario_jellyfish_widest_path_switch_down_20260607_084642/h0.pcap,00:00:00:00:00:01,00:00:00:00:02:01,10.0.0.1,10.0.0.3,TCP,44850,5201,96
2026-06-07T08:59:09.383099+00:00,jellyfish,widest_path,switch_down,run_scenario_jellyfish_widest_path_switch_down_20260607_084642,h0,jellyfish/widest_path/switch_down/run_scenario_jellyfish_widest_path_switch_down_20260607_084642/h0.pcap,00:00:00:00:02:01,00:00:00:00:00:01,10.0.0.3,10.0.0.1,TCP,5201,44850,66
2026-06-07T08:59:09.385146+00:00,jellyfish,widest_path,switch_down,run_scenario_jellyfish_widest_path_switch_down_20260607_084642,h0,jellyfish/widest_path/switch_down/run_scenario_jellyfish_widest_path_switch_down_20260607_084642/h0.pcap,00:00:00:00:00:01,00:00:00:00:02:01,10.0.0.1,10.0.0.3,TCP,44850,5201,96
2026-06-07T08:59:09.385477+00:00,jellyfish,widest_path,switch_down,run_scenario_jellyfish_widest_path_switch_down_20260607_084642,h0,jellyfish/widest_path/switch_down/run_scenario_jellyfish_widest_path_switch_down_20260607_084642/h0.pcap,00:00:00:00:02:01,00:00:00:00:00:01,10.0.0.3,10.0.0.1,TCP,5201,44850,66
2026-06-07T08:59:09.388184+00:00,jellyfish,widest_path,switch_down,run_scenario_jellyfish_widest_path_switch_down_20260607_084642,h0,jellyfish/widest_path/switch_down/run_scenario_jellyfish_widest_path_switch_down_20260607_084642/h0.pcap,00:00:00:00:00:01,00:00:00:00:02:01,10.0.0.1,10.0.0.3,TCP,44850,5201,96
2026-06-07T08:59:09.388535+00:00,jellyfish,widest_path,switch_down,run_scenario_jellyfish_widest_path_switch_down_20260607_084642,h0,jellyfish/widest_path/switch_down/run_scenario_jellyfish_widest_path_switch_down_20260607_084642/h0.pcap,00:00:00:00:02:01,00:00:00:00:00:01,10.0.0.3,10.0.0.1,TCP,5201,44850,66
2026-06-07T08:59:09.393643+00:00,jellyfish,widest_path,switch_down,run_scenario_jellyfish_widest_path_switch_down_20260607_084642,h0,jellyfish/widest_path/switch_down/run_scenario_jellyfish_widest_path_switch_down_20260607_084642/h0.pcap,00:00:00:00:00:01,00:00:00:00:02:01,10.0.0.1,10.0.0.3,TCP,44850,5201,96
2026-06-07T08:59:09.394005+00:00,jellyfish,widest_path,switch_down,run_scenario_jellyfish_widest_path_switch_down_20260607_084642,h0,jellyfish/widest_path/switch_down/run_scenario_jellyfish_widest_path_switch_down_20260607_084642/h0.pcap,00:00:00:00:02:01,00:00:00:00:00:01,10.0.0.3,10.0.0.1,TCP,5201,44850,66
2026-06-07T08:59:09.396552+00:00,jellyfish,widest_path,switch_down,run_scenario_jellyfish_widest_path_switch_down_20260607_084642,h0,jellyfish/widest_path/switch_down/run_scenario_jellyfish_widest_path_switch_down_20260607_084642/h0.pcap,00:00:00:00:00:01,00:00:00:00:02:01,10.0.0.1,10.0.0.3,TCP,44850,5201,96
2026-06-07T08:59:09.396870+00:00,jellyfish,widest_path,switch_down,run_scenario_jellyfish_widest_path_switch_down_20260607_084642,h0,jellyfish/widest_path/switch_down/run_scenario_jellyfish_widest_path_switch_down_20260607_084642/h0.pcap,00:00:00:00:02:01,00:00:00:00:00:01,10.0.0.3,10.0.0.1,TCP,5201,44850,66
2026-06-07T08:59:09.399079+00:00,jellyfish,widest_path,switch_down,run_scenario_jellyfish_widest_path_switch_down_20260607_084642,h0,jellyfish/widest_path/switch_down/run_scenario_jellyfish_widest_path_switch_down_20260607_084642/h0.pcap,00:00:00:00:00:01,00:00:00:00:02:01,10.0.0.1,10.0.0.3,TCP,44850,5201,96
2026-06-07T08:59:09.399337+00:00,jellyfish,widest_path,switch_down,run_scenario_jellyfish_widest_path_switch_down_20260607_084642,h0,jellyfish/widest_path/switch_down/run_scenario_jellyfish_widest_path_switch_down_20260607_084642/h0.pcap,00:00:00:00:02:01,00:00:00:00:00:01,10.0.0.3,10.0.0.1,TCP,5201,44850,66
2026-06-07T08:59:09.404562+00:00,jellyfish,widest_path,switch_down,run_scenario_jellyfish_widest_path_switch_down_20260607_084642,h0,jellyfish/widest_path/switch_down/run_scenario_jellyfish_widest_path_switch_down_20260607_084642/h0.pcap,00:00:00:00:00:01,00:00:00:00:02:01,10.0.0.1,10.0.0.3,TCP,44850,5201,96
2026-06-07T08:59:09.404837+00:00,jellyfish,widest_path,switch_down,run_scenario_jellyfish_widest_path_switch_down_20260607_084642,h0,jellyfish/widest_path/switch_down/run_scenario_jellyfish_widest_path_switch_down_20260607_084642/h0.pcap,00:00:00:00:02:01,00:00:00:00:00:01,10.0.0.3,10.0.0.1,TCP,5201,44850,66
2026-06-07T08:59:09.408076+00:00,jellyfish,widest_path,switch_down,run_scenario_jellyfish_widest_path_switch_down_20260607_084642,h0,jellyfish/widest_path/switch_down/run_scenario_jellyfish_widest_path_switch_down_20260607_084642/h0.pcap,00:00:00:00:00:01,00:00:00:00:02:01,10.0.0.1,10.0.0.3,TCP,44850,5201,96
2026-06-07T08:59:09.408381+00:00,jellyfish,widest_path,switch_down,run_scenario_jellyfish_widest_path_switch_down_20260607_084642,h0,jellyfish/widest_path/switch_down/run_scenario_jellyfish_widest_path_switch_down_20260607_084642/h0.pcap,00:00:00:00:02:01,00:00:00:00:00:01,10.0.0.3,10.0.0.1,TCP,5201,44850,66
2026-06-07T08:59:09.409998+00:00,jellyfish,widest_path,switch_down,run_scenario_jellyfish_widest_path_switch_down_20260607_084642,h0,jellyfish/widest_path/switch_down/run_scenario_jellyfish_widest_path_switch_down_20260607_084642/h0.pcap,00:00:00:00:00:01,00:00:00:00:02:01,10.0.0.1,10.0.0.3,TCP,44850,5201,96
2026-06-07T08:59:09.410236+00:00,jellyfish,widest_path,switch_down,run_scenario_jellyfish_widest_path_switch_down_20260607_084642,h0,jellyfish/widest_path/switch_down/run_scenario_jellyfish_widest_path_switch_down_20260607_084642/h0.pcap,00:00:00:00:02:01,00:00:00:00:00:01,10.0.0.3,10.0.0.1,TCP,5201,44850,66
2026-06-07T08:59:09.415429+00:00,jellyfish,widest_path,switch_down,run_scenario_jellyfish_widest_path_switch_down_20260607_084642,h0,jellyfish/widest_path/switch_down/run_scenario_jellyfish_widest_path_switch_down_20260607_084642/h0.pcap,00:00:00:00:00:01,00:00:00:00:02:01,10.0.0.1,10.0.0.3,TCP,44850,5201,96
2026-06-07T08:59:09.415724+00:00,jellyfish,widest_path,switch_down,run_scenario_jellyfish_widest_path_switch_down_20260607_084642,h0,jellyfish/widest_path/switch_down/run_scenario_jellyfish_widest_path_switch_down_20260607_084642/h0.pcap,00:00:00:00:02:01,00:00:00:00:00:01,10.0.0.3,10.0.0.1,TCP,5201,44850,66
2026-06-07T08:59:09.419443+00:00,jellyfish,widest_path,switch_down,run_scenario_jellyfish_widest_path_switch_down_20260607_084642,h0,jellyfish/widest_path/switch_down/run_scenario_jellyfish_widest_path_switch_down_20260607_084642/h0.pcap,00:00:00:00:00:01,00:00:00:00:02:01,10.0.0.1,10.0.0.3,TCP,44850,5201,96
2026-06-07T08:59:09.419745+00:00,jellyfish,widest_path,switch_down,run_scenario_jellyfish_widest_path_switch_down_20260607_084642,h0,jellyfish/widest_path/switch_down/run_scenario_jellyfish_widest_path_switch_down_20260607_084642/h0.pcap,00:00:00:00:02:01,00:00:00:00:00:01,10.0.0.3,10.0.0.1,TCP,5201,44850,66
2026-06-07T08:59:09.420919+00:00,jellyfish,widest_path,switch_down,run_scenario_jellyfish_widest_path_switch_down_20260607_084642,h0,jellyfish/widest_path/switch_down/run_scenario_jellyfish_widest_path_switch_down_20260607_084642/h0.pcap,00:00:00:00:00:01,00:00:00:00:02:01,10.0.0.1,10.0.0.3,TCP,44850,5201,96
2026-06-07T08:59:09.421227+00:00,jellyfish,widest_path,switch_down,run_scenario_jellyfish_widest_path_switch_down_20260607_084642,h0,jellyfish/widest_path/switch_down/run_scenario_jellyfish_widest_path_switch_down_20260607_084642/h0.pcap,00:00:00:00:02:01,00:00:00:00:00:01,10.0.0.3,10.0.0.1,TCP,5201,44850,66
2026-06-07T08:59:09.426335+00:00,jellyfish,widest_path,switch_down,run_scenario_jellyfish_widest_path_switch_down_20260607_084642,h0,jellyfish/widest_path/switch_down/run_scenario_jellyfish_widest_path_switch_down_20260607_084642/h0.pcap,00:00:00:00:00:01,00:00:00:00:02:01,10.0.0.1,10.0.0.3,TCP,44850,5201,96
2026-06-07T08:59:09.426604+00:00,jellyfish,widest_path,switch_down,run_scenario_jellyfish_widest_path_switch_down_20260607_084642,h0,jellyfish/widest_path/switch_down/run_scenario_jellyfish_widest_path_switch_down_20260607_084642/h0.pcap,00:00:00:00:02:01,00:00:00:00:00:01,10.0.0.3,10.0.0.1,TCP,5201,44850,66
2026-06-07T08:59:09.430953+00:00,jellyfish,widest_path,switch_down,run_scenario_jellyfish_widest_path_switch_down_20260607_084642,h0,jellyfish/widest_path/switch_down/run_scenario_jellyfish_widest_path_switch_down_20260607_084642/h0.pcap,00:00:00:00:00:01,00:00:00:00:02:01,10.0.0.1,10.0.0.3,TCP,44850,5201,96
2026-06-07T08:59:09.431208+00:00,jellyfish,widest_path,switch_down,run_scenario_jellyfish_widest_path_switch_down_20260607_084642,h0,jellyfish/widest_path/switch_down/run_scenario_jellyfish_widest_path_switch_down_20260607_084642/h0.pcap,00:00:00:00:02:01,00:00:00:00:00:01,10.0.0.3,10.0.0.1,TCP,5201,44850,66
2026-06-07T08:59:09.431794+00:00,jellyfish,widest_path,switch_down,run_scenario_jellyfish_widest_path_switch_down_20260607_084642,h0,jellyfish/widest_path/switch_down/run_scenario_jellyfish_widest_path_switch_down_20260607_084642/h0.pcap,00:00:00:00:00:01,00:00:00:00:02:01,10.0.0.1,10.0.0.3,TCP,44850,5201,96
2026-06-07T08:59:09.432026+00:00,jellyfish,widest_path,switch_down,run_scenario_jellyfish_widest_path_switch_down_20260607_084642,h0,jellyfish/widest_path/switch_down/run_scenario_jellyfish_widest_path_switch_down_20260607_084642/h0.pcap,00:00:00:00:02:01,00:00:00:00:00:01,10.0.0.3,10.0.0.1,TCP,5201,44850,66
2026-06-07T08:59:09.437264+00:00,jellyfish,widest_path,switch_down,run_scenario_jellyfish_widest_path_switch_down_20260607_084642,h0,jellyfish/widest_path/switch_down/run_scenario_jellyfish_widest_path_switch_down_20260607_084642/h0.pcap,00:00:00:00:00:01,00:00:00:00:02:01,10.0.0.1,10.0.0.3,TCP,44850,5201,96
2026-06-07T08:59:09.437524+00:00,jellyfish,widest_path,switch_down,run_scenario_jellyfish_widest_path_switch_down_20260607_084642,h0,jellyfish/widest_path/switch_down/run_scenario_jellyfish_widest_path_switch_down_20260607_084642/h0.pcap,00:00:00:00:02:01,00:00:00:00:00:01,10.0.0.3,10.0.0.1,TCP,5201,44850,66
2026-06-07T08:59:09.442344+00:00,jellyfish,widest_path,switch_down,run_scenario_jellyfish_widest_path_switch_down_20260607_084642,h0,jellyfish/widest_path/switch_down/run_scenario_jellyfish_widest_path_switch_down_20260607_084642/h0.pcap,00:00:00:00:00:01,00:00:00:00:02:01,10.0.0.1,10.0.0.3,TCP,44850,5201,96
2026-06-07T08:59:09.442596+00:00,jellyfish,widest_path,switch_down,run_scenario_jellyfish_widest_path_switch_down_20260607_084642,h0,jellyfish/widest_path/switch_down/run_scenario_jellyfish_widest_path_switch_down_20260607_084642/h0.pcap,00:00:00:00:02:01,00:00:00:00:00:01,10.0.0.3,10.0.0.1,TCP,5201,44850,66
2026-06-07T08:59:09.442702+00:00,jellyfish,widest_path,switch_down,run_scenario_jellyfish_widest_path_switch_down_20260607_084642,h0,jellyfish/widest_path/switch_down/run_scenario_jellyfish_widest_path_switch_down_20260607_084642/h0.pcap,00:00:00:00:00:01,00:00:00:00:02:01,10.0.0.1,10.0.0.3,TCP,44850,5201,96
2026-06-07T08:59:09.442883+00:00,jellyfish,widest_path,switch_down,run_scenario_jellyfish_widest_path_switch_down_20260607_084642,h0,jellyfish/widest_path/switch_down/run_scenario_jellyfish_widest_path_switch_down_20260607_084642/h0.pcap,00:00:00:00:02:01,00:00:00:00:00:01,10.0.0.3,10.0.0.1,TCP,5201,44850,66
2026-06-07T08:59:09.448178+00:00,jellyfish,widest_path,switch_down,run_scenario_jellyfish_widest_path_switch_down_20260607_084642,h0,jellyfish/widest_path/switch_down/run_scenario_jellyfish_widest_path_switch_down_20260607_084642/h0.pcap,00:00:00:00:00:01,00:00:00:00:02:01,10.0.0.1,10.0.0.3,TCP,44850,5201,96
2026-06-07T08:59:09.448411+00:00,jellyfish,widest_path,switch_down,run_scenario_jellyfish_widest_path_switch_down_20260607_084642,h0,jellyfish/widest_path/switch_down/run_scenario_jellyfish_widest_path_switch_down_20260607_084642/h0.pcap,00:00:00:00:02:01,00:00:00:00:00:01,10.0.0.3,10.0.0.1,TCP,5201,44850,66
2026-06-07T08:59:09.453609+00:00,jellyfish,widest_path,switch_down,run_scenario_jellyfish_widest_path_switch_down_20260607_084642,h0,jellyfish/widest_path/switch_down/run_scenario_jellyfish_widest_path_switch_down_20260607_084642/h0.pcap,00:00:00:00:00:01,00:00:00:00:02:01,10.0.0.1,10.0.0.3,TCP,44850,5201,96
2026-06-07T08:59:09.453929+00:00,jellyfish,widest_path,switch_down,run_scenario_jellyfish_widest_path_switch_down_20260607_084642,h0,jellyfish/widest_path/switch_down/run_scenario_jellyfish_widest_path_switch_down_20260607_084642/h0.pcap,00:00:00:00:02:01,00:00:00:00:00:01,10.0.0.3,10.0.0.1,TCP,5201,44850,66
2026-06-07T08:59:09.459047+00:00,jellyfish,widest_path,switch_down,run_scenario_jellyfish_widest_path_switch_down_20260607_084642,h0,jellyfish/widest_path/switch_down/run_scenario_jellyfish_widest_path_switch_down_20260607_084642/h0.pcap,00:00:00:00:00:01,00:00:00:00:02:01,10.0.0.1,10.0.0.3,TCP,44850,5201,96
2026-06-07T08:59:09.459369+00:00,jellyfish,widest_path,switch_down,run_scenario_jellyfish_widest_path_switch_down_20260607_084642,h0,jellyfish/widest_path/switch_down/run_scenario_jellyfish_widest_path_switch_down_20260607_084642/h0.pcap,00:00:00:00:02:01,00:00:00:00:00:01,10.0.0.3,10.0.0.1,TCP,5201,44850,66
2026-06-07T08:59:09.464509+00:00,jellyfish,widest_path,switch_down,run_scenario_jellyfish_widest_path_switch_down_20260607_084642,h0,jellyfish/widest_path/switch_down/run_scenario_jellyfish_widest_path_switch_down_20260607_084642/h0.pcap,00:00:00:00:00:01,00:00:00:00:02:01,10.0.0.1,10.0.0.3,TCP,44850,5201,96
2026-06-07T08:59:09.464761+00:00,jellyfish,widest_path,switch_down,run_scenario_jellyfish_widest_path_switch_down_20260607_084642,h0,jellyfish/widest_path/switch_down/run_scenario_jellyfish_widest_path_switch_down_20260607_084642/h0.pcap,00:00:00:00:02:01,00:00:00:00:00:01,10.0.0.3,10.0.0.1,TCP,5201,44850,66
2026-06-07T08:59:09.469957+00:00,jellyfish,widest_path,switch_down,run_scenario_jellyfish_widest_path_switch_down_20260607_084642,h0,jellyfish/widest_path/switch_down/run_scenario_jellyfish_widest_path_switch_down_20260607_084642/h0.pcap,00:00:00:00:00:01,00:00:00:00:02:01,10.0.0.1,10.0.0.3,TCP,44850,5201,96
2026-06-07T08:59:09.470233+00:00,jellyfish,widest_path,switch_down,run_scenario_jellyfish_widest_path_switch_down_20260607_084642,h0,jellyfish/widest_path/switch_down/run_scenario_jellyfish_widest_path_switch_down_20260607_084642/h0.pcap,00:00:00:00:02:01,00:00:00:00:00:01,10.0.0.3,10.0.0.1,TCP,5201,44850,66
2026-06-07T08:59:09.475425+00:00,jellyfish,widest_path,switch_down,run_scenario_jellyfish_widest_path_switch_down_20260607_084642,h0,jellyfish/widest_path/switch_down/run_scenario_jellyfish_widest_path_switch_down_20260607_084642/h0.pcap,00:00:00:00:00:01,00:00:00:00:02:01,10.0.0.1,10.0.0.3,TCP,44850,5201,96
2026-06-07T08:59:09.475783+00:00,jellyfish,widest_path,switch_down,run_scenario_jellyfish_widest_path_switch_down_20260607_084642,h0,jellyfish/widest_path/switch_down/run_scenario_jellyfish_widest_path_switch_down_20260607_084642/h0.pcap,00:00:00:00:02:01,00:00:00:00:00:01,10.0.0.3,10.0.0.1,TCP,5201,44850,66
2026-06-07T08:59:09.480902+00:00,jellyfish,widest_path,switch_down,run_scenario_jellyfish_widest_path_switch_down_20260607_084642,h0,jellyfish/widest_path/switch_down/run_scenario_jellyfish_widest_path_switch_down_20260607_084642/h0.pcap,00:00:00:00:00:01,00:00:00:00:02:01,10.0.0.1,10.0.0.3,TCP,44850,5201,96
2026-06-07T08:59:09.481222+00:00,jellyfish,widest_path,switch_down,run_scenario_jellyfish_widest_path_switch_down_20260607_084642,h0,jellyfish/widest_path/switch_down/run_scenario_jellyfish_widest_path_switch_down_20260607_084642/h0.pcap,00:00:00:00:02:01,00:00:00:00:00:01,10.0.0.3,10.0.0.1,TCP,5201,44850,66
2026-06-07T08:59:09.486304+00:00,jellyfish,widest_path,switch_down,run_scenario_jellyfish_widest_path_switch_down_20260607_084642,h0,jellyfish/widest_path/switch_down/run_scenario_jellyfish_widest_path_switch_down_20260607_084642/h0.pcap,00:00:00:00:00:01,00:00:00:00:02:01,10.0.0.1,10.0.0.3,TCP,44850,5201,96
2026-06-07T08:59:09.486623+00:00,jellyfish,widest_path,switch_down,run_scenario_jellyfish_widest_path_switch_down_20260607_084642,h0,jellyfish/widest_path/switch_down/run_scenario_jellyfish_widest_path_switch_down_20260607_084642/h0.pcap,00:00:00:00:02:01,00:00:00:00:00:01,10.0.0.3,10.0.0.1,TCP,5201,44850,66
2026-06-07T08:59:09.491772+00:00,jellyfish,widest_path,switch_down,run_scenario_jellyfish_widest_path_switch_down_20260607_084642,h0,jellyfish/widest_path/switch_down/run_scenario_jellyfish_widest_path_switch_down_20260607_084642/h0.pcap,00:00:00:00:00:01,00:00:00:00:02:01,10.0.0.1,10.0.0.3,TCP,44850,5201,96
2026-06-07T08:59:09.491949+00:00,jellyfish,widest_path,switch_down,run_scenario_jellyfish_widest_path_switch_down_20260607_084642,h0,jellyfish/widest_path/switch_down/run_scenario_jellyfish_widest_path_switch_down_20260607_084642/h0.pcap,00:00:00:00:02:01,00:00:00:00:00:01,10.0.0.3,10.0.0.1,TCP,5201,44850,66
2026-06-07T08:59:09.497196+00:00,jellyfish,widest_path,switch_down,run_scenario_jellyfish_widest_path_switch_down_20260607_084642,h0,jellyfish/widest_path/switch_down/run_scenario_jellyfish_widest_path_switch_down_20260607_084642/h0.pcap,00:00:00:00:00:01,00:00:00:00:02:01,10.0.0.1,10.0.0.3,TCP,44850,5201,96
2026-06-07T08:59:09.497359+00:00,jellyfish,widest_path,switch_down,run_scenario_jellyfish_widest_path_switch_down_20260607_084642,h0,jellyfish/widest_path/switch_down/run_scenario_jellyfish_widest_path_switch_down_20260607_084642/h0.pcap,00:00:00:00:02:01,00:00:00:00:00:01,10.0.0.3,10.0.0.1,TCP,5201,44850,66
2026-06-07T08:59:09.502658+00:00,jellyfish,widest_path,switch_down,run_scenario_jellyfish_widest_path_switch_down_20260607_084642,h0,jellyfish/widest_path/switch_down/run_scenario_jellyfish_widest_path_switch_down_20260607_084642/h0.pcap,00:00:00:00:00:01,00:00:00:00:02:01,10.0.0.1,10.0.0.3,TCP,44850,5201,96
2026-06-07T08:59:09.502799+00:00,jellyfish,widest_path,switch_down,run_scenario_jellyfish_widest_path_switch_down_20260607_084642,h0,jellyfish/widest_path/switch_down/run_scenario_jellyfish_widest_path_switch_down_20260607_084642/h0.pcap,00:00:00:00:02:01,00:00:00:00:00:01,10.0.0.3,10.0.0.1,TCP,5201,44850,66
2026-06-07T08:59:09.508116+00:00,jellyfish,widest_path,switch_down,run_scenario_jellyfish_widest_path_switch_down_20260607_084642,h0,jellyfish/widest_path/switch_down/run_scenario_jellyfish_widest_path_switch_down_20260607_084642/h0.pcap,00:00:00:00:00:01,00:00:00:00:02:01,10.0.0.1,10.0.0.3,TCP,44850,5201,96
2026-06-07T08:59:09.508269+00:00,jellyfish,widest_path,switch_down,run_scenario_jellyfish_widest_path_switch_down_20260607_084642,h0,jellyfish/widest_path/switch_down/run_scenario_jellyfish_widest_path_switch_down_20260607_084642/h0.pcap,00:00:00:00:02:01,00:00:00:00:00:01,10.0.0.3,10.0.0.1,TCP,5201,44850,66
2026-06-07T08:59:09.513566+00:00,jellyfish,widest_path,switch_down,run_scenario_jellyfish_widest_path_switch_down_20260607_084642,h0,jellyfish/widest_path/switch_down/run_scenario_jellyfish_widest_path_switch_down_20260607_084642/h0.pcap,00:00:00:00:00:01,00:00:00:00:02:01,10.0.0.1,10.0.0.3,TCP,44850,5201,96
2026-06-07T08:59:09.513704+00:00,jellyfish,widest_path,switch_down,run_scenario_jellyfish_widest_path_switch_down_20260607_084642,h0,jellyfish/widest_path/switch_down/run_scenario_jellyfish_widest_path_switch_down_20260607_084642/h0.pcap,00:00:00:00:02:01,00:00:00:00:00:01,10.0.0.3,10.0.0.1,TCP,5201,44850,66
2026-06-07T08:59:09.519025+00:00,jellyfish,widest_path,switch_down,run_scenario_jellyfish_widest_path_switch_down_20260607_084642,h0,jellyfish/widest_path/switch_down/run_scenario_jellyfish_widest_path_switch_down_20260607_084642/h0.pcap,00:00:00:00:00:01,00:00:00:00:02:01,10.0.0.1,10.0.0.3,TCP,44850,5201,96
2026-06-07T08:59:09.519226+00:00,jellyfish,widest_path,switch_down,run_scenario_jellyfish_widest_path_switch_down_20260607_084642,h0,jellyfish/widest_path/switch_down/run_scenario_jellyfish_widest_path_switch_down_20260607_084642/h0.pcap,00:00:00:00:02:01,00:00:00:00:00:01,10.0.0.3,10.0.0.1,TCP,5201,44850,66
2026-06-07T08:59:09.524467+00:00,jellyfish,widest_path,switch_down,run_scenario_jellyfish_widest_path_switch_down_20260607_084642,h0,jellyfish/widest_path/switch_down/run_scenario_jellyfish_widest_path_switch_down_20260607_084642/h0.pcap,00:00:00:00:00:01,00:00:00:00:02:01,10.0.0.1,10.0.0.3,TCP,44850,5201,96
2026-06-07T08:59:09.524631+00:00,jellyfish,widest_path,switch_down,run_scenario_jellyfish_widest_path_switch_down_20260607_084642,h0,jellyfish/widest_path/switch_down/run_scenario_jellyfish_widest_path_switch_down_20260607_084642/h0.pcap,00:00:00:00:02:01,00:00:00:00:00:01,10.0.0.3,10.0.0.1,TCP,5201,44850,66
2026-06-07T08:59:09.529910+00:00,jellyfish,widest_path,switch_down,run_scenario_jellyfish_widest_path_switch_down_20260607_084642,h0,jellyfish/widest_path/switch_down/run_scenario_jellyfish_widest_path_switch_down_20260607_084642/h0.pcap,00:00:00:00:00:01,00:00:00:00:02:01,10.0.0.1,10.0.0.3,TCP,44850,5201,96
2026-06-07T08:59:09.530091+00:00,jellyfish,widest_path,switch_down,run_scenario_jellyfish_widest_path_switch_down_20260607_084642,h0,jellyfish/widest_path/switch_down/run_scenario_jellyfish_widest_path_switch_down_20260607_084642/h0.pcap,00:00:00:00:02:01,00:00:00:00:00:01,10.0.0.3,10.0.0.1,TCP,5201,44850,66
2026-06-07T08:59:09.535367+00:00,jellyfish,widest_path,switch_down,run_scenario_jellyfish_widest_path_switch_down_20260607_084642,h0,jellyfish/widest_path/switch_down/run_scenario_jellyfish_widest_path_switch_down_20260607_084642/h0.pcap,00:00:00:00:00:01,00:00:00:00:02:01,10.0.0.1,10.0.0.3,TCP,44850,5201,96
2026-06-07T08:59:09.535520+00:00,jellyfish,widest_path,switch_down,run_scenario_jellyfish_widest_path_switch_down_20260607_084642,h0,jellyfish/widest_path/switch_down/run_scenario_jellyfish_widest_path_switch_down_20260607_084642/h0.pcap,00:00:00:00:02:01,00:00:00:00:00:01,10.0.0.3,10.0.0.1,TCP,5201,44850,66
2026-06-07T08:59:09.540811+00:00,jellyfish,widest_path,switch_down,run_scenario_jellyfish_widest_path_switch_down_20260607_084642,h0,jellyfish/widest_path/switch_down/run_scenario_jellyfish_widest_path_switch_down_20260607_084642/h0.pcap,00:00:00:00:00:01,00:00:00:00:02:01,10.0.0.1,10.0.0.3,TCP,44850,5201,96
2026-06-07T08:59:09.540978+00:00,jellyfish,widest_path,switch_down,run_scenario_jellyfish_widest_path_switch_down_20260607_084642,h0,jellyfish/widest_path/switch_down/run_scenario_jellyfish_widest_path_switch_down_20260607_084642/h0.pcap,00:00:00:00:02:01,00:00:00:00:00:01,10.0.0.3,10.0.0.1,TCP,5201,44850,66
2026-06-07T08:59:09.546339+00:00,jellyfish,widest_path,switch_down,run_scenario_jellyfish_widest_path_switch_down_20260607_084642,h0,jellyfish/widest_path/switch_down/run_scenario_jellyfish_widest_path_switch_down_20260607_084642/h0.pcap,00:00:00:00:00:01,00:00:00:00:02:01,10.0.0.1,10.0.0.3,TCP,44850,5201,96
2026-06-07T08:59:09.546506+00:00,jellyfish,widest_path,switch_down,run_scenario_jellyfish_widest_path_switch_down_20260607_084642,h0,jellyfish/widest_path/switch_down/run_scenario_jellyfish_widest_path_switch_down_20260607_084642/h0.pcap,00:00:00:00:02:01,00:00:00:00:00:01,10.0.0.3,10.0.0.1,TCP,5201,44850,66
2026-06-07T08:59:09.551702+00:00,jellyfish,widest_path,switch_down,run_scenario_jellyfish_widest_path_switch_down_20260607_084642,h0,jellyfish/widest_path/switch_down/run_scenario_jellyfish_widest_path_switch_down_20260607_084642/h0.pcap,00:00:00:00:00:01,00:00:00:00:02:01,10.0.0.1,10.0.0.3,TCP,44850,5201,96
2026-06-07T08:59:09.551891+00:00,jellyfish,widest_path,switch_down,run_scenario_jellyfish_widest_path_switch_down_20260607_084642,h0,jellyfish/widest_path/switch_down/run_scenario_jellyfish_widest_path_switch_down_20260607_084642/h0.pcap,00:00:00:00:02:01,00:00:00:00:00:01,10.0.0.3,10.0.0.1,TCP,5201,44850,66
2026-06-07T08:59:09.557152+00:00,jellyfish,widest_path,switch_down,run_scenario_jellyfish_widest_path_switch_down_20260607_084642,h0,jellyfish/widest_path/switch_down/run_scenario_jellyfish_widest_path_switch_down_20260607_084642/h0.pcap,00:00:00:00:00:01,00:00:00:00:02:01,10.0.0.1,10.0.0.3,TCP,44850,5201,96
2026-06-07T08:59:09.557340+00:00,jellyfish,widest_path,switch_down,run_scenario_jellyfish_widest_path_switch_down_20260607_084642,h0,jellyfish/widest_path/switch_down/run_scenario_jellyfish_widest_path_switch_down_20260607_084642/h0.pcap,00:00:00:00:02:01,00:00:00:00:00:01,10.0.0.3,10.0.0.1,TCP,5201,44850,66
2026-06-07T08:59:09.562619+00:00,jellyfish,widest_path,switch_down,run_scenario_jellyfish_widest_path_switch_down_20260607_084642,h0,jellyfish/widest_path/switch_down/run_scenario_jellyfish_widest_path_switch_down_20260607_084642/h0.pcap,00:00:00:00:00:01,00:00:00:00:02:01,10.0.0.1,10.0.0.3,TCP,44850,5201,96
2026-06-07T08:59:09.562759+00:00,jellyfish,widest_path,switch_down,run_scenario_jellyfish_widest_path_switch_down_20260607_084642,h0,jellyfish/widest_path/switch_down/run_scenario_jellyfish_widest_path_switch_down_20260607_084642/h0.pcap,00:00:00:00:02:01,00:00:00:00:00:01,10.0.0.3,10.0.0.1,TCP,5201,44850,66
2026-06-07T08:59:09.568056+00:00,jellyfish,widest_path,switch_down,run_scenario_jellyfish_widest_path_switch_down_20260607_084642,h0,jellyfish/widest_path/switch_down/run_scenario_jellyfish_widest_path_switch_down_20260607_084642/h0.pcap,00:00:00:00:00:01,00:00:00:00:02:01,10.0.0.1,10.0.0.3,TCP,44850,5201,96
2026-06-07T08:59:09.568218+00:00,jellyfish,widest_path,switch_down,run_scenario_jellyfish_widest_path_switch_down_20260607_084642,h0,jellyfish/widest_path/switch_down/run_scenario_jellyfish_widest_path_switch_down_20260607_084642/h0.pcap,00:00:00:00:02:01,00:00:00:00:00:01,10.0.0.3,10.0.0.1,TCP,5201,44850,66
2026-06-07T08:59:09.573502+00:00,jellyfish,widest_path,switch_down,run_scenario_jellyfish_widest_path_switch_down_20260607_084642,h0,jellyfish/widest_path/switch_down/run_scenario_jellyfish_widest_path_switch_down_20260607_084642/h0.pcap,00:00:00:00:00:01,00:00:00:00:02:01,10.0.0.1,10.0.0.3,TCP,44850,5201,96
2026-06-07T08:59:09.573666+00:00,jellyfish,widest_path,switch_down,run_scenario_jellyfish_widest_path_switch_down_20260607_084642,h0,jellyfish/widest_path/switch_down/run_scenario_jellyfish_widest_path_switch_down_20260607_084642/h0.pcap,00:00:00:00:02:01,00:00:00:00:00:01,10.0.0.3,10.0.0.1,TCP,5201,44850,66
2026-06-07T08:59:09.578951+00:00,jellyfish,widest_path,switch_down,run_scenario_jellyfish_widest_path_switch_down_20260607_084642,h0,jellyfish/widest_path/switch_down/run_scenario_jellyfish_widest_path_switch_down_20260607_084642/h0.pcap,00:00:00:00:00:01,00:00:00:00:02:01,10.0.0.1,10.0.0.3,TCP,44850,5201,96
2026-06-07T08:59:09.579110+00:00,jellyfish,widest_path,switch_down,run_scenario_jellyfish_widest_path_switch_down_20260607_084642,h0,jellyfish/widest_path/switch_down/run_scenario_jellyfish_widest_path_switch_down_20260607_084642/h0.pcap,00:00:00:00:02:01,00:00:00:00:00:01,10.0.0.3,10.0.0.1,TCP,5201,44850,66
2026-06-07T08:59:09.584422+00:00,jellyfish,widest_path,switch_down,run_scenario_jellyfish_widest_path_switch_down_20260607_084642,h0,jellyfish/widest_path/switch_down/run_scenario_jellyfish_widest_path_switch_down_20260607_084642/h0.pcap,00:00:00:00:00:01,00:00:00:00:02:01,10.0.0.1,10.0.0.3,TCP,44850,5201,96
2026-06-07T08:59:09.584567+00:00,jellyfish,widest_path,switch_down,run_scenario_jellyfish_widest_path_switch_down_20260607_084642,h0,jellyfish/widest_path/switch_down/run_scenario_jellyfish_widest_path_switch_down_20260607_084642/h0.pcap,00:00:00:00:02:01,00:00:00:00:00:01,10.0.0.3,10.0.0.1,TCP,5201,44850,66
2026-06-07T08:59:09.589841+00:00,jellyfish,widest_path,switch_down,run_scenario_jellyfish_widest_path_switch_down_20260607_084642,h0,jellyfish/widest_path/switch_down/run_scenario_jellyfish_widest_path_switch_down_20260607_084642/h0.pcap,00:00:00:00:00:01,00:00:00:00:02:01,10.0.0.1,10.0.0.3,TCP,44850,5201,96
2026-06-07T08:59:09.589983+00:00,jellyfish,widest_path,switch_down,run_scenario_jellyfish_widest_path_switch_down_20260607_084642,h0,jellyfish/widest_path/switch_down/run_scenario_jellyfish_widest_path_switch_down_20260607_084642/h0.pcap,00:00:00:00:02:01,00:00:00:00:00:01,10.0.0.3,10.0.0.1,TCP,5201,44850,66
2026-06-07T08:59:09.595334+00:00,jellyfish,widest_path,switch_down,run_scenario_jellyfish_widest_path_switch_down_20260607_084642,h0,jellyfish/widest_path/switch_down/run_scenario_jellyfish_widest_path_switch_down_20260607_084642/h0.pcap,00:00:00:00:00:01,00:00:00:00:02:01,10.0.0.1,10.0.0.3,TCP,44850,5201,96
2026-06-07T08:59:09.595471+00:00,jellyfish,widest_path,switch_down,run_scenario_jellyfish_widest_path_switch_down_20260607_084642,h0,jellyfish/widest_path/switch_down/run_scenario_jellyfish_widest_path_switch_down_20260607_084642/h0.pcap,00:00:00:00:02:01,00:00:00:00:00:01,10.0.0.3,10.0.0.1,TCP,5201,44850,66
2026-06-07T08:59:09.600799+00:00,jellyfish,widest_path,switch_down,run_scenario_jellyfish_widest_path_switch_down_20260607_084642,h0,jellyfish/widest_path/switch_down/run_scenario_jellyfish_widest_path_switch_down_20260607_084642/h0.pcap,00:00:00:00:00:01,00:00:00:00:02:01,10.0.0.1,10.0.0.3,TCP,44850,5201,96
2026-06-07T08:59:09.600933+00:00,jellyfish,widest_path,switch_down,run_scenario_jellyfish_widest_path_switch_down_20260607_084642,h0,jellyfish/widest_path/switch_down/run_scenario_jellyfish_widest_path_switch_down_20260607_084642/h0.pcap,00:00:00:00:02:01,00:00:00:00:00:01,10.0.0.3,10.0.0.1,TCP,5201,44850,66
2026-06-07T08:59:09.606214+00:00,jellyfish,widest_path,switch_down,run_scenario_jellyfish_widest_path_switch_down_20260607_084642,h0,jellyfish/widest_path/switch_down/run_scenario_jellyfish_widest_path_switch_down_20260607_084642/h0.pcap,00:00:00:00:00:01,00:00:00:00:02:01,10.0.0.1,10.0.0.3,TCP,44850,5201,96
2026-06-07T08:59:09.606425+00:00,jellyfish,widest_path,switch_down,run_scenario_jellyfish_widest_path_switch_down_20260607_084642,h0,jellyfish/widest_path/switch_down/run_scenario_jellyfish_widest_path_switch_down_20260607_084642/h0.pcap,00:00:00:00:02:01,00:00:00:00:00:01,10.0.0.3,10.0.0.1,TCP,5201,44850,66
2026-06-07T08:59:09.611662+00:00,jellyfish,widest_path,switch_down,run_scenario_jellyfish_widest_path_switch_down_20260607_084642,h0,jellyfish/widest_path/switch_down/run_scenario_jellyfish_widest_path_switch_down_20260607_084642/h0.pcap,00:00:00:00:00:01,00:00:00:00:02:01,10.0.0.1,10.0.0.3,TCP,44850,5201,96
2026-06-07T08:59:09.611968+00:00,jellyfish,widest_path,switch_down,run_scenario_jellyfish_widest_path_switch_down_20260607_084642,h0,jellyfish/widest_path/switch_down/run_scenario_jellyfish_widest_path_switch_down_20260607_084642/h0.pcap,00:00:00:00:02:01,00:00:00:00:00:01,10.0.0.3,10.0.0.1,TCP,5201,44850,66
2026-06-07T08:59:09.617105+00:00,jellyfish,widest_path,switch_down,run_scenario_jellyfish_widest_path_switch_down_20260607_084642,h0,jellyfish/widest_path/switch_down/run_scenario_jellyfish_widest_path_switch_down_20260607_084642/h0.pcap,00:00:00:00:00:01,00:00:00:00:02:01,10.0.0.1,10.0.0.3,TCP,44850,5201,96
2026-06-07T08:59:09.617356+00:00,jellyfish,widest_path,switch_down,run_scenario_jellyfish_widest_path_switch_down_20260607_084642,h0,jellyfish/widest_path/switch_down/run_scenario_jellyfish_widest_path_switch_down_20260607_084642/h0.pcap,00:00:00:00:02:01,00:00:00:00:00:01,10.0.0.3,10.0.0.1,TCP,5201,44850,66
2026-06-07T08:59:09.622557+00:00,jellyfish,widest_path,switch_down,run_scenario_jellyfish_widest_path_switch_down_20260607_084642,h0,jellyfish/widest_path/switch_down/run_scenario_jellyfish_widest_path_switch_down_20260607_084642/h0.pcap,00:00:00:00:00:01,00:00:00:00:02:01,10.0.0.1,10.0.0.3,TCP,44850,5201,96
2026-06-07T08:59:09.622722+00:00,jellyfish,widest_path,switch_down,run_scenario_jellyfish_widest_path_switch_down_20260607_084642,h0,jellyfish/widest_path/switch_down/run_scenario_jellyfish_widest_path_switch_down_20260607_084642/h0.pcap,00:00:00:00:02:01,00:00:00:00:00:01,10.0.0.3,10.0.0.1,TCP,5201,44850,66
2026-06-07T08:59:09.628012+00:00,jellyfish,widest_path,switch_down,run_scenario_jellyfish_widest_path_switch_down_20260607_084642,h0,jellyfish/widest_path/switch_down/run_scenario_jellyfish_widest_path_switch_down_20260607_084642/h0.pcap,00:00:00:00:00:01,00:00:00:00:02:01,10.0.0.1,10.0.0.3,TCP,44850,5201,96
2026-06-07T08:59:09.628170+00:00,jellyfish,widest_path,switch_down,run_scenario_jellyfish_widest_path_switch_down_20260607_084642,h0,jellyfish/widest_path/switch_down/run_scenario_jellyfish_widest_path_switch_down_20260607_084642/h0.pcap,00:00:00:00:02:01,00:00:00:00:00:01,10.0.0.3,10.0.0.1,TCP,5201,44850,66
2026-06-07T08:59:09.633485+00:00,jellyfish,widest_path,switch_down,run_scenario_jellyfish_widest_path_switch_down_20260607_084642,h0,jellyfish/widest_path/switch_down/run_scenario_jellyfish_widest_path_switch_down_20260607_084642/h0.pcap,00:00:00:00:00:01,00:00:00:00:02:01,10.0.0.1,10.0.0.3,TCP,44850,5201,96
2026-06-07T08:59:09.633603+00:00,jellyfish,widest_path,switch_down,run_scenario_jellyfish_widest_path_switch_down_20260607_084642,h0,jellyfish/widest_path/switch_down/run_scenario_jellyfish_widest_path_switch_down_20260607_084642/h0.pcap,00:00:00:00:02:01,00:00:00:00:00:01,10.0.0.3,10.0.0.1,TCP,5201,44850,66
2026-06-07T08:59:09.638921+00:00,jellyfish,widest_path,switch_down,run_scenario_jellyfish_widest_path_switch_down_20260607_084642,h0,jellyfish/widest_path/switch_down/run_scenario_jellyfish_widest_path_switch_down_20260607_084642/h0.pcap,00:00:00:00:00:01,00:00:00:00:02:01,10.0.0.1,10.0.0.3,TCP,44850,5201,96
2026-06-07T08:59:09.639077+00:00,jellyfish,widest_path,switch_down,run_scenario_jellyfish_widest_path_switch_down_20260607_084642,h0,jellyfish/widest_path/switch_down/run_scenario_jellyfish_widest_path_switch_down_20260607_084642/h0.pcap,00:00:00:00:02:01,00:00:00:00:00:01,10.0.0.3,10.0.0.1,TCP,5201,44850,66
2026-06-07T08:59:09.644357+00:00,jellyfish,widest_path,switch_down,run_scenario_jellyfish_widest_path_switch_down_20260607_084642,h0,jellyfish/widest_path/switch_down/run_scenario_jellyfish_widest_path_switch_down_20260607_084642/h0.pcap,00:00:00:00:00:01,00:00:00:00:02:01,10.0.0.1,10.0.0.3,TCP,44850,5201,96
2026-06-07T08:59:09.644513+00:00,jellyfish,widest_path,switch_down,run_scenario_jellyfish_widest_path_switch_down_20260607_084642,h0,jellyfish/widest_path/switch_down/run_scenario_jellyfish_widest_path_switch_down_20260607_084642/h0.pcap,00:00:00:00:02:01,00:00:00:00:00:01,10.0.0.3,10.0.0.1,TCP,5201,44850,66
2026-06-07T08:59:09.649800+00:00,jellyfish,widest_path,switch_down,run_scenario_jellyfish_widest_path_switch_down_20260607_084642,h0,jellyfish/widest_path/switch_down/run_scenario_jellyfish_widest_path_switch_down_20260607_084642/h0.pcap,00:00:00:00:00:01,00:00:00:00:02:01,10.0.0.1,10.0.0.3,TCP,44850,5201,96
2026-06-07T08:59:09.650001+00:00,jellyfish,widest_path,switch_down,run_scenario_jellyfish_widest_path_switch_down_20260607_084642,h0,jellyfish/widest_path/switch_down/run_scenario_jellyfish_widest_path_switch_down_20260607_084642/h0.pcap,00:00:00:00:02:01,00:00:00:00:00:01,10.0.0.3,10.0.0.1,TCP,5201,44850,66
2026-06-07T08:59:09.655272+00:00,jellyfish,widest_path,switch_down,run_scenario_jellyfish_widest_path_switch_down_20260607_084642,h0,jellyfish/widest_path/switch_down/run_scenario_jellyfish_widest_path_switch_down_20260607_084642/h0.pcap,00:00:00:00:00:01,00:00:00:00:02:01,10.0.0.1,10.0.0.3,TCP,44850,5201,96
2026-06-07T08:59:09.655487+00:00,jellyfish,widest_path,switch_down,run_scenario_jellyfish_widest_path_switch_down_20260607_084642,h0,jellyfish/widest_path/switch_down/run_scenario_jellyfish_widest_path_switch_down_20260607_084642/h0.pcap,00:00:00:00:02:01,00:00:00:00:00:01,10.0.0.3,10.0.0.1,TCP,5201,44850,66
2026-06-07T08:59:09.660701+00:00,jellyfish,widest_path,switch_down,run_scenario_jellyfish_widest_path_switch_down_20260607_084642,h0,jellyfish/widest_path/switch_down/run_scenario_jellyfish_widest_path_switch_down_20260607_084642/h0.pcap,00:00:00:00:00:01,00:00:00:00:02:01,10.0.0.1,10.0.0.3,TCP,44850,5201,96
2026-06-07T08:59:09.660867+00:00,jellyfish,widest_path,switch_down,run_scenario_jellyfish_widest_path_switch_down_20260607_084642,h0,jellyfish/widest_path/switch_down/run_scenario_jellyfish_widest_path_switch_down_20260607_084642/h0.pcap,00:00:00:00:02:01,00:00:00:00:00:01,10.0.0.3,10.0.0.1,TCP,5201,44850,66
2026-06-07T08:59:09.666163+00:00,jellyfish,widest_path,switch_down,run_scenario_jellyfish_widest_path_switch_down_20260607_084642,h0,jellyfish/widest_path/switch_down/run_scenario_jellyfish_widest_path_switch_down_20260607_084642/h0.pcap,00:00:00:00:00:01,00:00:00:00:02:01,10.0.0.1,10.0.0.3,TCP,44850,5201,96
2026-06-07T08:59:09.666322+00:00,jellyfish,widest_path,switch_down,run_scenario_jellyfish_widest_path_switch_down_20260607_084642,h0,jellyfish/widest_path/switch_down/run_scenario_jellyfish_widest_path_switch_down_20260607_084642/h0.pcap,00:00:00:00:02:01,00:00:00:00:00:01,10.0.0.3,10.0.0.1,TCP,5201,44850,66
2026-06-07T08:59:09.671612+00:00,jellyfish,widest_path,switch_down,run_scenario_jellyfish_widest_path_switch_down_20260607_084642,h0,jellyfish/widest_path/switch_down/run_scenario_jellyfish_widest_path_switch_down_20260607_084642/h0.pcap,00:00:00:00:00:01,00:00:00:00:02:01,10.0.0.1,10.0.0.3,TCP,44850,5201,96
2026-06-07T08:59:09.671810+00:00,jellyfish,widest_path,switch_down,run_scenario_jellyfish_widest_path_switch_down_20260607_084642,h0,jellyfish/widest_path/switch_down/run_scenario_jellyfish_widest_path_switch_down_20260607_084642/h0.pcap,00:00:00:00:02:01,00:00:00:00:00:01,10.0.0.3,10.0.0.1,TCP,5201,44850,66
2026-06-07T08:59:09.677062+00:00,jellyfish,widest_path,switch_down,run_scenario_jellyfish_widest_path_switch_down_20260607_084642,h0,jellyfish/widest_path/switch_down/run_scenario_jellyfish_widest_path_switch_down_20260607_084642/h0.pcap,00:00:00:00:00:01,00:00:00:00:02:01,10.0.0.1,10.0.0.3,TCP,44850,5201,96
2026-06-07T08:59:09.677370+00:00,jellyfish,widest_path,switch_down,run_scenario_jellyfish_widest_path_switch_down_20260607_084642,h0,jellyfish/widest_path/switch_down/run_scenario_jellyfish_widest_path_switch_down_20260607_084642/h0.pcap,00:00:00:00:02:01,00:00:00:00:00:01,10.0.0.3,10.0.0.1,TCP,5201,44850,66
2026-06-07T08:59:09.682512+00:00,jellyfish,widest_path,switch_down,run_scenario_jellyfish_widest_path_switch_down_20260607_084642,h0,jellyfish/widest_path/switch_down/run_scenario_jellyfish_widest_path_switch_down_20260607_084642/h0.pcap,00:00:00:00:00:01,00:00:00:00:02:01,10.0.0.1,10.0.0.3,TCP,44850,5201,96
2026-06-07T08:59:09.682685+00:00,jellyfish,widest_path,switch_down,run_scenario_jellyfish_widest_path_switch_down_20260607_084642,h0,jellyfish/widest_path/switch_down/run_scenario_jellyfish_widest_path_switch_down_20260607_084642/h0.pcap,00:00:00:00:02:01,00:00:00:00:00:01,10.0.0.3,10.0.0.1,TCP,5201,44850,66
2026-06-07T08:59:09.687965+00:00,jellyfish,widest_path,switch_down,run_scenario_jellyfish_widest_path_switch_down_20260607_084642,h0,jellyfish/widest_path/switch_down/run_scenario_jellyfish_widest_path_switch_down_20260607_084642/h0.pcap,00:00:00:00:00:01,00:00:00:00:02:01,10.0.0.1,10.0.0.3,TCP,44850,5201,96
2026-06-07T08:59:09.688140+00:00,jellyfish,widest_path,switch_down,run_scenario_jellyfish_widest_path_switch_down_20260607_084642,h0,jellyfish/widest_path/switch_down/run_scenario_jellyfish_widest_path_switch_down_20260607_084642/h0.pcap,00:00:00:00:02:01,00:00:00:00:00:01,10.0.0.3,10.0.0.1,TCP,5201,44850,66
2026-06-07T08:59:09.693425+00:00,jellyfish,widest_path,switch_down,run_scenario_jellyfish_widest_path_switch_down_20260607_084642,h0,jellyfish/widest_path/switch_down/run_scenario_jellyfish_widest_path_switch_down_20260607_084642/h0.pcap,00:00:00:00:00:01,00:00:00:00:02:01,10.0.0.1,10.0.0.3,TCP,44850,5201,96
2026-06-07T08:59:09.693572+00:00,jellyfish,widest_path,switch_down,run_scenario_jellyfish_widest_path_switch_down_20260607_084642,h0,jellyfish/widest_path/switch_down/run_scenario_jellyfish_widest_path_switch_down_20260607_084642/h0.pcap,00:00:00:00:02:01,00:00:00:00:00:01,10.0.0.3,10.0.0.1,TCP,5201,44850,66
2026-06-07T08:59:09.698875+00:00,jellyfish,widest_path,switch_down,run_scenario_jellyfish_widest_path_switch_down_20260607_084642,h0,jellyfish/widest_path/switch_down/run_scenario_jellyfish_widest_path_switch_down_20260607_084642/h0.pcap,00:00:00:00:00:01,00:00:00:00:02:01,10.0.0.1,10.0.0.3,TCP,44850,5201,96
2026-06-07T08:59:09.699027+00:00,jellyfish,widest_path,switch_down,run_scenario_jellyfish_widest_path_switch_down_20260607_084642,h0,jellyfish/widest_path/switch_down/run_scenario_jellyfish_widest_path_switch_down_20260607_084642/h0.pcap,00:00:00:00:02:01,00:00:00:00:00:01,10.0.0.3,10.0.0.1,TCP,5201,44850,66
2026-06-07T08:59:09.704309+00:00,jellyfish,widest_path,switch_down,run_scenario_jellyfish_widest_path_switch_down_20260607_084642,h0,jellyfish/widest_path/switch_down/run_scenario_jellyfish_widest_path_switch_down_20260607_084642/h0.pcap,00:00:00:00:00:01,00:00:00:00:02:01,10.0.0.1,10.0.0.3,TCP,44850,5201,96
2026-06-07T08:59:09.704480+00:00,jellyfish,widest_path,switch_down,run_scenario_jellyfish_widest_path_switch_down_20260607_084642,h0,jellyfish/widest_path/switch_down/run_scenario_jellyfish_widest_path_switch_down_20260607_084642/h0.pcap,00:00:00:00:02:01,00:00:00:00:00:01,10.0.0.3,10.0.0.1,TCP,5201,44850,66
2026-06-07T08:59:09.709762+00:00,jellyfish,widest_path,switch_down,run_scenario_jellyfish_widest_path_switch_down_20260607_084642,h0,jellyfish/widest_path/switch_down/run_scenario_jellyfish_widest_path_switch_down_20260607_084642/h0.pcap,00:00:00:00:00:01,00:00:00:00:02:01,10.0.0.1,10.0.0.3,TCP,44850,5201,96
2026-06-07T08:59:09.709919+00:00,jellyfish,widest_path,switch_down,run_scenario_jellyfish_widest_path_switch_down_20260607_084642,h0,jellyfish/widest_path/switch_down/run_scenario_jellyfish_widest_path_switch_down_20260607_084642/h0.pcap,00:00:00:00:02:01,00:00:00:00:00:01,10.0.0.3,10.0.0.1,TCP,5201,44850,66
2026-06-07T08:59:09.715212+00:00,jellyfish,widest_path,switch_down,run_scenario_jellyfish_widest_path_switch_down_20260607_084642,h0,jellyfish/widest_path/switch_down/run_scenario_jellyfish_widest_path_switch_down_20260607_084642/h0.pcap,00:00:00:00:00:01,00:00:00:00:02:01,10.0.0.1,10.0.0.3,TCP,44850,5201,96
2026-06-07T08:59:09.715409+00:00,jellyfish,widest_path,switch_down,run_scenario_jellyfish_widest_path_switch_down_20260607_084642,h0,jellyfish/widest_path/switch_down/run_scenario_jellyfish_widest_path_switch_down_20260607_084642/h0.pcap,00:00:00:00:02:01,00:00:00:00:00:01,10.0.0.3,10.0.0.1,TCP,5201,44850,66
2026-06-07T08:59:09.720674+00:00,jellyfish,widest_path,switch_down,run_scenario_jellyfish_widest_path_switch_down_20260607_084642,h0,jellyfish/widest_path/switch_down/run_scenario_jellyfish_widest_path_switch_down_20260607_084642/h0.pcap,00:00:00:00:00:01,00:00:00:00:02:01,10.0.0.1,10.0.0.3,TCP,44850,5201,96
2026-06-07T08:59:09.720847+00:00,jellyfish,widest_path,switch_down,run_scenario_jellyfish_widest_path_switch_down_20260607_084642,h0,jellyfish/widest_path/switch_down/run_scenario_jellyfish_widest_path_switch_down_20260607_084642/h0.pcap,00:00:00:00:02:01,00:00:00:00:00:01,10.0.0.3,10.0.0.1,TCP,5201,44850,66
2026-06-07T08:59:09.726118+00:00,jellyfish,widest_path,switch_down,run_scenario_jellyfish_widest_path_switch_down_20260607_084642,h0,jellyfish/widest_path/switch_down/run_scenario_jellyfish_widest_path_switch_down_20260607_084642/h0.pcap,00:00:00:00:00:01,00:00:00:00:02:01,10.0.0.1,10.0.0.3,TCP,44850,5201,96
2026-06-07T08:59:09.726275+00:00,jellyfish,widest_path,switch_down,run_scenario_jellyfish_widest_path_switch_down_20260607_084642,h0,jellyfish/widest_path/switch_down/run_scenario_jellyfish_widest_path_switch_down_20260607_084642/h0.pcap,00:00:00:00:02:01,00:00:00:00:00:01,10.0.0.3,10.0.0.1,TCP,5201,44850,66
2026-06-07T08:59:09.731564+00:00,jellyfish,widest_path,switch_down,run_scenario_jellyfish_widest_path_switch_down_20260607_084642,h0,jellyfish/widest_path/switch_down/run_scenario_jellyfish_widest_path_switch_down_20260607_084642/h0.pcap,00:00:00:00:00:01,00:00:00:00:02:01,10.0.0.1,10.0.0.3,TCP,44850,5201,96
2026-06-07T08:59:09.731766+00:00,jellyfish,widest_path,switch_down,run_scenario_jellyfish_widest_path_switch_down_20260607_084642,h0,jellyfish/widest_path/switch_down/run_scenario_jellyfish_widest_path_switch_down_20260607_084642/h0.pcap,00:00:00:00:02:01,00:00:00:00:00:01,10.0.0.3,10.0.0.1,TCP,5201,44850,66
2026-06-07T08:59:09.737016+00:00,jellyfish,widest_path,switch_down,run_scenario_jellyfish_widest_path_switch_down_20260607_084642,h0,jellyfish/widest_path/switch_down/run_scenario_jellyfish_widest_path_switch_down_20260607_084642/h0.pcap,00:00:00:00:00:01,00:00:00:00:02:01,10.0.0.1,10.0.0.3,TCP,44850,5201,96
2026-06-07T08:59:09.737171+00:00,jellyfish,widest_path,switch_down,run_scenario_jellyfish_widest_path_switch_down_20260607_084642,h0,jellyfish/widest_path/switch_down/run_scenario_jellyfish_widest_path_switch_down_20260607_084642/h0.pcap,00:00:00:00:02:01,00:00:00:00:00:01,10.0.0.3,10.0.0.1,TCP,5201,44850,66
2026-06-07T08:59:09.742451+00:00,jellyfish,widest_path,switch_down,run_scenario_jellyfish_widest_path_switch_down_20260607_084642,h0,jellyfish/widest_path/switch_down/run_scenario_jellyfish_widest_path_switch_down_20260607_084642/h0.pcap,00:00:00:00:00:01,00:00:00:00:02:01,10.0.0.1,10.0.0.3,TCP,44850,5201,96
2026-06-07T08:59:09.742665+00:00,jellyfish,widest_path,switch_down,run_scenario_jellyfish_widest_path_switch_down_20260607_084642,h0,jellyfish/widest_path/switch_down/run_scenario_jellyfish_widest_path_switch_down_20260607_084642/h0.pcap,00:00:00:00:02:01,00:00:00:00:00:01,10.0.0.3,10.0.0.1,TCP,5201,44850,66
2026-06-07T08:59:09.747897+00:00,jellyfish,widest_path,switch_down,run_scenario_jellyfish_widest_path_switch_down_20260607_084642,h0,jellyfish/widest_path/switch_down/run_scenario_jellyfish_widest_path_switch_down_20260607_084642/h0.pcap,00:00:00:00:00:01,00:00:00:00:02:01,10.0.0.1,10.0.0.3,TCP,44850,5201,96
2026-06-07T08:59:09.748086+00:00,jellyfish,widest_path,switch_down,run_scenario_jellyfish_widest_path_switch_down_20260607_084642,h0,jellyfish/widest_path/switch_down/run_scenario_jellyfish_widest_path_switch_down_20260607_084642/h0.pcap,00:00:00:00:02:01,00:00:00:00:00:01,10.0.0.3,10.0.0.1,TCP,5201,44850,66
2026-06-07T08:59:09.753423+00:00,jellyfish,widest_path,switch_down,run_scenario_jellyfish_widest_path_switch_down_20260607_084642,h0,jellyfish/widest_path/switch_down/run_scenario_jellyfish_widest_path_switch_down_20260607_084642/h0.pcap,00:00:00:00:00:01,00:00:00:00:02:01,10.0.0.1,10.0.0.3,TCP,44850,5201,96
2026-06-07T08:59:09.753519+00:00,jellyfish,widest_path,switch_down,run_scenario_jellyfish_widest_path_switch_down_20260607_084642,h0,jellyfish/widest_path/switch_down/run_scenario_jellyfish_widest_path_switch_down_20260607_084642/h0.pcap,00:00:00:00:02:01,00:00:00:00:00:01,10.0.0.3,10.0.0.1,TCP,5201,44850,66
2026-06-07T08:59:09.758818+00:00,jellyfish,widest_path,switch_down,run_scenario_jellyfish_widest_path_switch_down_20260607_084642,h0,jellyfish/widest_path/switch_down/run_scenario_jellyfish_widest_path_switch_down_20260607_084642/h0.pcap,00:00:00:00:00:01,00:00:00:00:02:01,10.0.0.1,10.0.0.3,TCP,44850,5201,96
2026-06-07T08:59:09.759039+00:00,jellyfish,widest_path,switch_down,run_scenario_jellyfish_widest_path_switch_down_20260607_084642,h0,jellyfish/widest_path/switch_down/run_scenario_jellyfish_widest_path_switch_down_20260607_084642/h0.pcap,00:00:00:00:02:01,00:00:00:00:00:01,10.0.0.3,10.0.0.1,TCP,5201,44850,66
2026-06-07T08:59:09.764251+00:00,jellyfish,widest_path,switch_down,run_scenario_jellyfish_widest_path_switch_down_20260607_084642,h0,jellyfish/widest_path/switch_down/run_scenario_jellyfish_widest_path_switch_down_20260607_084642/h0.pcap,00:00:00:00:00:01,00:00:00:00:02:01,10.0.0.1,10.0.0.3,TCP,44850,5201,96
2026-06-07T08:59:09.764487+00:00,jellyfish,widest_path,switch_down,run_scenario_jellyfish_widest_path_switch_down_20260607_084642,h0,jellyfish/widest_path/switch_down/run_scenario_jellyfish_widest_path_switch_down_20260607_084642/h0.pcap,00:00:00:00:02:01,00:00:00:00:00:01,10.0.0.3,10.0.0.1,TCP,5201,44850,66
2026-06-07T08:59:09.769724+00:00,jellyfish,widest_path,switch_down,run_scenario_jellyfish_widest_path_switch_down_20260607_084642,h0,jellyfish/widest_path/switch_down/run_scenario_jellyfish_widest_path_switch_down_20260607_084642/h0.pcap,00:00:00:00:00:01,00:00:00:00:02:01,10.0.0.1,10.0.0.3,TCP,44850,5201,96
2026-06-07T08:59:09.769876+00:00,jellyfish,widest_path,switch_down,run_scenario_jellyfish_widest_path_switch_down_20260607_084642,h0,jellyfish/widest_path/switch_down/run_scenario_jellyfish_widest_path_switch_down_20260607_084642/h0.pcap,00:00:00:00:02:01,00:00:00:00:00:01,10.0.0.3,10.0.0.1,TCP,5201,44850,66
2026-06-07T08:59:09.775200+00:00,jellyfish,widest_path,switch_down,run_scenario_jellyfish_widest_path_switch_down_20260607_084642,h0,jellyfish/widest_path/switch_down/run_scenario_jellyfish_widest_path_switch_down_20260607_084642/h0.pcap,00:00:00:00:00:01,00:00:00:00:02:01,10.0.0.1,10.0.0.3,TCP,44850,5201,96
2026-06-07T08:59:09.775341+00:00,jellyfish,widest_path,switch_down,run_scenario_jellyfish_widest_path_switch_down_20260607_084642,h0,jellyfish/widest_path/switch_down/run_scenario_jellyfish_widest_path_switch_down_20260607_084642/h0.pcap,00:00:00:00:02:01,00:00:00:00:00:01,10.0.0.3,10.0.0.1,TCP,5201,44850,66
2026-06-07T08:59:09.780627+00:00,jellyfish,widest_path,switch_down,run_scenario_jellyfish_widest_path_switch_down_20260607_084642,h0,jellyfish/widest_path/switch_down/run_scenario_jellyfish_widest_path_switch_down_20260607_084642/h0.pcap,00:00:00:00:00:01,00:00:00:00:02:01,10.0.0.1,10.0.0.3,TCP,44850,5201,96
2026-06-07T08:59:09.780779+00:00,jellyfish,widest_path,switch_down,run_scenario_jellyfish_widest_path_switch_down_20260607_084642,h0,jellyfish/widest_path/switch_down/run_scenario_jellyfish_widest_path_switch_down_20260607_084642/h0.pcap,00:00:00:00:02:01,00:00:00:00:00:01,10.0.0.3,10.0.0.1,TCP,5201,44850,66
2026-06-07T08:59:09.786070+00:00,jellyfish,widest_path,switch_down,run_scenario_jellyfish_widest_path_switch_down_20260607_084642,h0,jellyfish/widest_path/switch_down/run_scenario_jellyfish_widest_path_switch_down_20260607_084642/h0.pcap,00:00:00:00:00:01,00:00:00:00:02:01,10.0.0.1,10.0.0.3,TCP,44850,5201,96
2026-06-07T08:59:09.786234+00:00,jellyfish,widest_path,switch_down,run_scenario_jellyfish_widest_path_switch_down_20260607_084642,h0,jellyfish/widest_path/switch_down/run_scenario_jellyfish_widest_path_switch_down_20260607_084642/h0.pcap,00:00:00:00:02:01,00:00:00:00:00:01,10.0.0.3,10.0.0.1,TCP,5201,44850,66
2026-06-07T08:59:09.791547+00:00,jellyfish,widest_path,switch_down,run_scenario_jellyfish_widest_path_switch_down_20260607_084642,h0,jellyfish/widest_path/switch_down/run_scenario_jellyfish_widest_path_switch_down_20260607_084642/h0.pcap,00:00:00:00:00:01,00:00:00:00:02:01,10.0.0.1,10.0.0.3,TCP,44850,5201,96
2026-06-07T08:59:09.791696+00:00,jellyfish,widest_path,switch_down,run_scenario_jellyfish_widest_path_switch_down_20260607_084642,h0,jellyfish/widest_path/switch_down/run_scenario_jellyfish_widest_path_switch_down_20260607_084642/h0.pcap,00:00:00:00:02:01,00:00:00:00:00:01,10.0.0.3,10.0.0.1,TCP,5201,44850,66
2026-06-07T08:59:09.797002+00:00,jellyfish,widest_path,switch_down,run_scenario_jellyfish_widest_path_switch_down_20260607_084642,h0,jellyfish/widest_path/switch_down/run_scenario_jellyfish_widest_path_switch_down_20260607_084642/h0.pcap,00:00:00:00:00:01,00:00:00:00:02:01,10.0.0.1,10.0.0.3,TCP,44850,5201,96
2026-06-07T08:59:09.797150+00:00,jellyfish,widest_path,switch_down,run_scenario_jellyfish_widest_path_switch_down_20260607_084642,h0,jellyfish/widest_path/switch_down/run_scenario_jellyfish_widest_path_switch_down_20260607_084642/h0.pcap,00:00:00:00:02:01,00:00:00:00:00:01,10.0.0.3,10.0.0.1,TCP,5201,44850,66
2026-06-07T08:59:09.802445+00:00,jellyfish,widest_path,switch_down,run_scenario_jellyfish_widest_path_switch_down_20260607_084642,h0,jellyfish/widest_path/switch_down/run_scenario_jellyfish_widest_path_switch_down_20260607_084642/h0.pcap,00:00:00:00:00:01,00:00:00:00:02:01,10.0.0.1,10.0.0.3,TCP,44850,5201,96
2026-06-07T08:59:09.802658+00:00,jellyfish,widest_path,switch_down,run_scenario_jellyfish_widest_path_switch_down_20260607_084642,h0,jellyfish/widest_path/switch_down/run_scenario_jellyfish_widest_path_switch_down_20260607_084642/h0.pcap,00:00:00:00:02:01,00:00:00:00:00:01,10.0.0.3,10.0.0.1,TCP,5201,44850,66
2026-06-07T08:59:09.808080+00:00,jellyfish,widest_path,switch_down,run_scenario_jellyfish_widest_path_switch_down_20260607_084642,h0,jellyfish/widest_path/switch_down/run_scenario_jellyfish_widest_path_switch_down_20260607_084642/h0.pcap,00:00:00:00:00:01,00:00:00:00:02:01,10.0.0.1,10.0.0.3,TCP,44850,5201,96
2026-06-07T08:59:09.808249+00:00,jellyfish,widest_path,switch_down,run_scenario_jellyfish_widest_path_switch_down_20260607_084642,h0,jellyfish/widest_path/switch_down/run_scenario_jellyfish_widest_path_switch_down_20260607_084642/h0.pcap,00:00:00:00:02:01,00:00:00:00:00:01,10.0.0.3,10.0.0.1,TCP,5201,44850,66
2026-06-07T08:59:09.813730+00:00,jellyfish,widest_path,switch_down,run_scenario_jellyfish_widest_path_switch_down_20260607_084642,h0,jellyfish/widest_path/switch_down/run_scenario_jellyfish_widest_path_switch_down_20260607_084642/h0.pcap,00:00:00:00:00:01,00:00:00:00:02:01,10.0.0.1,10.0.0.3,TCP,44850,5201,96
2026-06-07T08:59:09.813919+00:00,jellyfish,widest_path,switch_down,run_scenario_jellyfish_widest_path_switch_down_20260607_084642,h0,jellyfish/widest_path/switch_down/run_scenario_jellyfish_widest_path_switch_down_20260607_084642/h0.pcap,00:00:00:00:02:01,00:00:00:00:00:01,10.0.0.3,10.0.0.1,TCP,5201,44850,66
2026-06-07T08:59:09.819209+00:00,jellyfish,widest_path,switch_down,run_scenario_jellyfish_widest_path_switch_down_20260607_084642,h0,jellyfish/widest_path/switch_down/run_scenario_jellyfish_widest_path_switch_down_20260607_084642/h0.pcap,00:00:00:00:00:01,00:00:00:00:02:01,10.0.0.1,10.0.0.3,TCP,44850,5201,96
2026-06-07T08:59:09.819358+00:00,jellyfish,widest_path,switch_down,run_scenario_jellyfish_widest_path_switch_down_20260607_084642,h0,jellyfish/widest_path/switch_down/run_scenario_jellyfish_widest_path_switch_down_20260607_084642/h0.pcap,00:00:00:00:02:01,00:00:00:00:00:01,10.0.0.3,10.0.0.1,TCP,5201,44850,66
2026-06-07T08:59:09.824572+00:00,jellyfish,widest_path,switch_down,run_scenario_jellyfish_widest_path_switch_down_20260607_084642,h0,jellyfish/widest_path/switch_down/run_scenario_jellyfish_widest_path_switch_down_20260607_084642/h0.pcap,00:00:00:00:00:01,00:00:00:00:02:01,10.0.0.1,10.0.0.3,TCP,44850,5201,96
2026-06-07T08:59:09.824770+00:00,jellyfish,widest_path,switch_down,run_scenario_jellyfish_widest_path_switch_down_20260607_084642,h0,jellyfish/widest_path/switch_down/run_scenario_jellyfish_widest_path_switch_down_20260607_084642/h0.pcap,00:00:00:00:02:01,00:00:00:00:00:01,10.0.0.3,10.0.0.1,TCP,5201,44850,66
2026-06-07T08:59:09.830037+00:00,jellyfish,widest_path,switch_down,run_scenario_jellyfish_widest_path_switch_down_20260607_084642,h0,jellyfish/widest_path/switch_down/run_scenario_jellyfish_widest_path_switch_down_20260607_084642/h0.pcap,00:00:00:00:00:01,00:00:00:00:02:01,10.0.0.1,10.0.0.3,TCP,44850,5201,96
2026-06-07T08:59:09.830228+00:00,jellyfish,widest_path,switch_down,run_scenario_jellyfish_widest_path_switch_down_20260607_084642,h0,jellyfish/widest_path/switch_down/run_scenario_jellyfish_widest_path_switch_down_20260607_084642/h0.pcap,00:00:00:00:02:01,00:00:00:00:00:01,10.0.0.3,10.0.0.1,TCP,5201,44850,66
2026-06-07T08:59:09.835470+00:00,jellyfish,widest_path,switch_down,run_scenario_jellyfish_widest_path_switch_down_20260607_084642,h0,jellyfish/widest_path/switch_down/run_scenario_jellyfish_widest_path_switch_down_20260607_084642/h0.pcap,00:00:00:00:00:01,00:00:00:00:02:01,10.0.0.1,10.0.0.3,TCP,44850,5201,96
2026-06-07T08:59:09.835681+00:00,jellyfish,widest_path,switch_down,run_scenario_jellyfish_widest_path_switch_down_20260607_084642,h0,jellyfish/widest_path/switch_down/run_scenario_jellyfish_widest_path_switch_down_20260607_084642/h0.pcap,00:00:00:00:02:01,00:00:00:00:00:01,10.0.0.3,10.0.0.1,TCP,5201,44850,66
2026-06-07T08:59:09.840927+00:00,jellyfish,widest_path,switch_down,run_scenario_jellyfish_widest_path_switch_down_20260607_084642,h0,jellyfish/widest_path/switch_down/run_scenario_jellyfish_widest_path_switch_down_20260607_084642/h0.pcap,00:00:00:00:00:01,00:00:00:00:02:01,10.0.0.1,10.0.0.3,TCP,44850,5201,96
2026-06-07T08:59:09.841152+00:00,jellyfish,widest_path,switch_down,run_scenario_jellyfish_widest_path_switch_down_20260607_084642,h0,jellyfish/widest_path/switch_down/run_scenario_jellyfish_widest_path_switch_down_20260607_084642/h0.pcap,00:00:00:00:02:01,00:00:00:00:00:01,10.0.0.3,10.0.0.1,TCP,5201,44850,66
2026-06-07T08:59:09.846374+00:00,jellyfish,widest_path,switch_down,run_scenario_jellyfish_widest_path_switch_down_20260607_084642,h0,jellyfish/widest_path/switch_down/run_scenario_jellyfish_widest_path_switch_down_20260607_084642/h0.pcap,00:00:00:00:00:01,00:00:00:00:02:01,10.0.0.1,10.0.0.3,TCP,44850,5201,96
2026-06-07T08:59:09.846569+00:00,jellyfish,widest_path,switch_down,run_scenario_jellyfish_widest_path_switch_down_20260607_084642,h0,jellyfish/widest_path/switch_down/run_scenario_jellyfish_widest_path_switch_down_20260607_084642/h0.pcap,00:00:00:00:02:01,00:00:00:00:00:01,10.0.0.3,10.0.0.1,TCP,5201,44850,66
2026-06-07T08:59:09.851794+00:00,jellyfish,widest_path,switch_down,run_scenario_jellyfish_widest_path_switch_down_20260607_084642,h0,jellyfish/widest_path/switch_down/run_scenario_jellyfish_widest_path_switch_down_20260607_084642/h0.pcap,00:00:00:00:00:01,00:00:00:00:02:01,10.0.0.1,10.0.0.3,TCP,44850,5201,96
2026-06-07T08:59:09.851948+00:00,jellyfish,widest_path,switch_down,run_scenario_jellyfish_widest_path_switch_down_20260607_084642,h0,jellyfish/widest_path/switch_down/run_scenario_jellyfish_widest_path_switch_down_20260607_084642/h0.pcap,00:00:00:00:02:01,00:00:00:00:00:01,10.0.0.3,10.0.0.1,TCP,5201,44850,66
2026-06-07T08:59:09.857260+00:00,jellyfish,widest_path,switch_down,run_scenario_jellyfish_widest_path_switch_down_20260607_084642,h0,jellyfish/widest_path/switch_down/run_scenario_jellyfish_widest_path_switch_down_20260607_084642/h0.pcap,00:00:00:00:00:01,00:00:00:00:02:01,10.0.0.1,10.0.0.3,TCP,44850,5201,96
2026-06-07T08:59:09.857456+00:00,jellyfish,widest_path,switch_down,run_scenario_jellyfish_widest_path_switch_down_20260607_084642,h0,jellyfish/widest_path/switch_down/run_scenario_jellyfish_widest_path_switch_down_20260607_084642/h0.pcap,00:00:00:00:02:01,00:00:00:00:00:01,10.0.0.3,10.0.0.1,TCP,5201,44850,66
2026-06-07T08:59:09.862732+00:00,jellyfish,widest_path,switch_down,run_scenario_jellyfish_widest_path_switch_down_20260607_084642,h0,jellyfish/widest_path/switch_down/run_scenario_jellyfish_widest_path_switch_down_20260607_084642/h0.pcap,00:00:00:00:00:01,00:00:00:00:02:01,10.0.0.1,10.0.0.3,TCP,44850,5201,96
2026-06-07T08:59:09.862895+00:00,jellyfish,widest_path,switch_down,run_scenario_jellyfish_widest_path_switch_down_20260607_084642,h0,jellyfish/widest_path/switch_down/run_scenario_jellyfish_widest_path_switch_down_20260607_084642/h0.pcap,00:00:00:00:02:01,00:00:00:00:00:01,10.0.0.3,10.0.0.1,TCP,5201,44850,66
2026-06-07T08:59:09.868170+00:00,jellyfish,widest_path,switch_down,run_scenario_jellyfish_widest_path_switch_down_20260607_084642,h0,jellyfish/widest_path/switch_down/run_scenario_jellyfish_widest_path_switch_down_20260607_084642/h0.pcap,00:00:00:00:00:01,00:00:00:00:02:01,10.0.0.1,10.0.0.3,TCP,44850,5201,96
2026-06-07T08:59:09.868349+00:00,jellyfish,widest_path,switch_down,run_scenario_jellyfish_widest_path_switch_down_20260607_084642,h0,jellyfish/widest_path/switch_down/run_scenario_jellyfish_widest_path_switch_down_20260607_084642/h0.pcap,00:00:00:00:02:01,00:00:00:00:00:01,10.0.0.3,10.0.0.1,TCP,5201,44850,66
2026-06-07T08:59:09.873611+00:00,jellyfish,widest_path,switch_down,run_scenario_jellyfish_widest_path_switch_down_20260607_084642,h0,jellyfish/widest_path/switch_down/run_scenario_jellyfish_widest_path_switch_down_20260607_084642/h0.pcap,00:00:00:00:00:01,00:00:00:00:02:01,10.0.0.1,10.0.0.3,TCP,44850,5201,96
2026-06-07T08:59:09.873763+00:00,jellyfish,widest_path,switch_down,run_scenario_jellyfish_widest_path_switch_down_20260607_084642,h0,jellyfish/widest_path/switch_down/run_scenario_jellyfish_widest_path_switch_down_20260607_084642/h0.pcap,00:00:00:00:02:01,00:00:00:00:00:01,10.0.0.3,10.0.0.1,TCP,5201,44850,66
2026-06-07T08:59:09.879132+00:00,jellyfish,widest_path,switch_down,run_scenario_jellyfish_widest_path_switch_down_20260607_084642,h0,jellyfish/widest_path/switch_down/run_scenario_jellyfish_widest_path_switch_down_20260607_084642/h0.pcap,00:00:00:00:00:01,00:00:00:00:02:01,10.0.0.1,10.0.0.3,TCP,44850,5201,96
2026-06-07T08:59:09.879296+00:00,jellyfish,widest_path,switch_down,run_scenario_jellyfish_widest_path_switch_down_20260607_084642,h0,jellyfish/widest_path/switch_down/run_scenario_jellyfish_widest_path_switch_down_20260607_084642/h0.pcap,00:00:00:00:02:01,00:00:00:00:00:01,10.0.0.3,10.0.0.1,TCP,5201,44850,66
2026-06-07T08:59:09.884779+00:00,jellyfish,widest_path,switch_down,run_scenario_jellyfish_widest_path_switch_down_20260607_084642,h0,jellyfish/widest_path/switch_down/run_scenario_jellyfish_widest_path_switch_down_20260607_084642/h0.pcap,00:00:00:00:00:01,00:00:00:00:02:01,10.0.0.1,10.0.0.3,TCP,44850,5201,96
2026-06-07T08:59:09.884913+00:00,jellyfish,widest_path,switch_down,run_scenario_jellyfish_widest_path_switch_down_20260607_084642,h0,jellyfish/widest_path/switch_down/run_scenario_jellyfish_widest_path_switch_down_20260607_084642/h0.pcap,00:00:00:00:02:01,00:00:00:00:00:01,10.0.0.3,10.0.0.1,TCP,5201,44850,66
2026-06-07T08:59:09.890149+00:00,jellyfish,widest_path,switch_down,run_scenario_jellyfish_widest_path_switch_down_20260607_084642,h0,jellyfish/widest_path/switch_down/run_scenario_jellyfish_widest_path_switch_down_20260607_084642/h0.pcap,00:00:00:00:00:01,00:00:00:00:02:01,10.0.0.1,10.0.0.3,TCP,44850,5201,96
2026-06-07T08:59:09.890302+00:00,jellyfish,widest_path,switch_down,run_scenario_jellyfish_widest_path_switch_down_20260607_084642,h0,jellyfish/widest_path/switch_down/run_scenario_jellyfish_widest_path_switch_down_20260607_084642/h0.pcap,00:00:00:00:02:01,00:00:00:00:00:01,10.0.0.3,10.0.0.1,TCP,5201,44850,66
2026-06-07T08:59:09.895591+00:00,jellyfish,widest_path,switch_down,run_scenario_jellyfish_widest_path_switch_down_20260607_084642,h0,jellyfish/widest_path/switch_down/run_scenario_jellyfish_widest_path_switch_down_20260607_084642/h0.pcap,00:00:00:00:00:01,00:00:00:00:02:01,10.0.0.1,10.0.0.3,TCP,44850,5201,96
2026-06-07T08:59:09.895746+00:00,jellyfish,widest_path,switch_down,run_scenario_jellyfish_widest_path_switch_down_20260607_084642,h0,jellyfish/widest_path/switch_down/run_scenario_jellyfish_widest_path_switch_down_20260607_084642/h0.pcap,00:00:00:00:02:01,00:00:00:00:00:01,10.0.0.3,10.0.0.1,TCP,5201,44850,66
2026-06-07T08:59:09.901040+00:00,jellyfish,widest_path,switch_down,run_scenario_jellyfish_widest_path_switch_down_20260607_084642,h0,jellyfish/widest_path/switch_down/run_scenario_jellyfish_widest_path_switch_down_20260607_084642/h0.pcap,00:00:00:00:00:01,00:00:00:00:02:01,10.0.0.1,10.0.0.3,TCP,44850,5201,96
2026-06-07T08:59:09.901192+00:00,jellyfish,widest_path,switch_down,run_scenario_jellyfish_widest_path_switch_down_20260607_084642,h0,jellyfish/widest_path/switch_down/run_scenario_jellyfish_widest_path_switch_down_20260607_084642/h0.pcap,00:00:00:00:02:01,00:00:00:00:00:01,10.0.0.3,10.0.0.1,TCP,5201,44850,66
2026-06-07T08:59:09.906516+00:00,jellyfish,widest_path,switch_down,run_scenario_jellyfish_widest_path_switch_down_20260607_084642,h0,jellyfish/widest_path/switch_down/run_scenario_jellyfish_widest_path_switch_down_20260607_084642/h0.pcap,00:00:00:00:00:01,00:00:00:00:02:01,10.0.0.1,10.0.0.3,TCP,44850,5201,96
2026-06-07T08:59:09.906690+00:00,jellyfish,widest_path,switch_down,run_scenario_jellyfish_widest_path_switch_down_20260607_084642,h0,jellyfish/widest_path/switch_down/run_scenario_jellyfish_widest_path_switch_down_20260607_084642/h0.pcap,00:00:00:00:02:01,00:00:00:00:00:01,10.0.0.3,10.0.0.1,TCP,5201,44850,66
2026-06-07T08:59:09.911922+00:00,jellyfish,widest_path,switch_down,run_scenario_jellyfish_widest_path_switch_down_20260607_084642,h0,jellyfish/widest_path/switch_down/run_scenario_jellyfish_widest_path_switch_down_20260607_084642/h0.pcap,00:00:00:00:00:01,00:00:00:00:02:01,10.0.0.1,10.0.0.3,TCP,44850,5201,96
2026-06-07T08:59:09.912058+00:00,jellyfish,widest_path,switch_down,run_scenario_jellyfish_widest_path_switch_down_20260607_084642,h0,jellyfish/widest_path/switch_down/run_scenario_jellyfish_widest_path_switch_down_20260607_084642/h0.pcap,00:00:00:00:02:01,00:00:00:00:00:01,10.0.0.3,10.0.0.1,TCP,5201,44850,66
2026-06-07T08:59:09.917392+00:00,jellyfish,widest_path,switch_down,run_scenario_jellyfish_widest_path_switch_down_20260607_084642,h0,jellyfish/widest_path/switch_down/run_scenario_jellyfish_widest_path_switch_down_20260607_084642/h0.pcap,00:00:00:00:00:01,00:00:00:00:02:01,10.0.0.1,10.0.0.3,TCP,44850,5201,96
2026-06-07T08:59:09.917569+00:00,jellyfish,widest_path,switch_down,run_scenario_jellyfish_widest_path_switch_down_20260607_084642,h0,jellyfish/widest_path/switch_down/run_scenario_jellyfish_widest_path_switch_down_20260607_084642/h0.pcap,00:00:00:00:02:01,00:00:00:00:00:01,10.0.0.3,10.0.0.1,TCP,5201,44850,66
2026-06-07T08:59:09.922821+00:00,jellyfish,widest_path,switch_down,run_scenario_jellyfish_widest_path_switch_down_20260607_084642,h0,jellyfish/widest_path/switch_down/run_scenario_jellyfish_widest_path_switch_down_20260607_084642/h0.pcap,00:00:00:00:00:01,00:00:00:00:02:01,10.0.0.1,10.0.0.3,TCP,44850,5201,96
2026-06-07T08:59:09.922949+00:00,jellyfish,widest_path,switch_down,run_scenario_jellyfish_widest_path_switch_down_20260607_084642,h0,jellyfish/widest_path/switch_down/run_scenario_jellyfish_widest_path_switch_down_20260607_084642/h0.pcap,00:00:00:00:02:01,00:00:00:00:00:01,10.0.0.3,10.0.0.1,TCP,5201,44850,66
2026-06-07T08:59:09.928299+00:00,jellyfish,widest_path,switch_down,run_scenario_jellyfish_widest_path_switch_down_20260607_084642,h0,jellyfish/widest_path/switch_down/run_scenario_jellyfish_widest_path_switch_down_20260607_084642/h0.pcap,00:00:00:00:00:01,00:00:00:00:02:01,10.0.0.1,10.0.0.3,TCP,44850,5201,96
2026-06-07T08:59:09.928473+00:00,jellyfish,widest_path,switch_down,run_scenario_jellyfish_widest_path_switch_down_20260607_084642,h0,jellyfish/widest_path/switch_down/run_scenario_jellyfish_widest_path_switch_down_20260607_084642/h0.pcap,00:00:00:00:02:01,00:00:00:00:00:01,10.0.0.3,10.0.0.1,TCP,5201,44850,66
2026-06-07T08:59:09.933722+00:00,jellyfish,widest_path,switch_down,run_scenario_jellyfish_widest_path_switch_down_20260607_084642,h0,jellyfish/widest_path/switch_down/run_scenario_jellyfish_widest_path_switch_down_20260607_084642/h0.pcap,00:00:00:00:00:01,00:00:00:00:02:01,10.0.0.1,10.0.0.3,TCP,44850,5201,96
2026-06-07T08:59:09.933851+00:00,jellyfish,widest_path,switch_down,run_scenario_jellyfish_widest_path_switch_down_20260607_084642,h0,jellyfish/widest_path/switch_down/run_scenario_jellyfish_widest_path_switch_down_20260607_084642/h0.pcap,00:00:00:00:02:01,00:00:00:00:00:01,10.0.0.3,10.0.0.1,TCP,5201,44850,66
2026-06-07T08:59:09.939184+00:00,jellyfish,widest_path,switch_down,run_scenario_jellyfish_widest_path_switch_down_20260607_084642,h0,jellyfish/widest_path/switch_down/run_scenario_jellyfish_widest_path_switch_down_20260607_084642/h0.pcap,00:00:00:00:00:01,00:00:00:00:02:01,10.0.0.1,10.0.0.3,TCP,44850,5201,96
2026-06-07T08:59:09.939329+00:00,jellyfish,widest_path,switch_down,run_scenario_jellyfish_widest_path_switch_down_20260607_084642,h0,jellyfish/widest_path/switch_down/run_scenario_jellyfish_widest_path_switch_down_20260607_084642/h0.pcap,00:00:00:00:02:01,00:00:00:00:00:01,10.0.0.3,10.0.0.1,TCP,5201,44850,66
2026-06-07T08:59:09.944744+00:00,jellyfish,widest_path,switch_down,run_scenario_jellyfish_widest_path_switch_down_20260607_084642,h0,jellyfish/widest_path/switch_down/run_scenario_jellyfish_widest_path_switch_down_20260607_084642/h0.pcap,00:00:00:00:00:01,00:00:00:00:02:01,10.0.0.1,10.0.0.3,TCP,44850,5201,96
2026-06-07T08:59:09.944933+00:00,jellyfish,widest_path,switch_down,run_scenario_jellyfish_widest_path_switch_down_20260607_084642,h0,jellyfish/widest_path/switch_down/run_scenario_jellyfish_widest_path_switch_down_20260607_084642/h0.pcap,00:00:00:00:02:01,00:00:00:00:00:01,10.0.0.3,10.0.0.1,TCP,5201,44850,66
2026-06-07T08:59:09.950086+00:00,jellyfish,widest_path,switch_down,run_scenario_jellyfish_widest_path_switch_down_20260607_084642,h0,jellyfish/widest_path/switch_down/run_scenario_jellyfish_widest_path_switch_down_20260607_084642/h0.pcap,00:00:00:00:00:01,00:00:00:00:02:01,10.0.0.1,10.0.0.3,TCP,44850,5201,96
2026-06-07T08:59:09.950239+00:00,jellyfish,widest_path,switch_down,run_scenario_jellyfish_widest_path_switch_down_20260607_084642,h0,jellyfish/widest_path/switch_down/run_scenario_jellyfish_widest_path_switch_down_20260607_084642/h0.pcap,00:00:00:00:02:01,00:00:00:00:00:01,10.0.0.3,10.0.0.1,TCP,5201,44850,66
2026-06-07T08:59:09.955606+00:00,jellyfish,widest_path,switch_down,run_scenario_jellyfish_widest_path_switch_down_20260607_084642,h0,jellyfish/widest_path/switch_down/run_scenario_jellyfish_widest_path_switch_down_20260607_084642/h0.pcap,00:00:00:00:00:01,00:00:00:00:02:01,10.0.0.1,10.0.0.3,TCP,44850,5201,96
2026-06-07T08:59:09.955765+00:00,jellyfish,widest_path,switch_down,run_scenario_jellyfish_widest_path_switch_down_20260607_084642,h0,jellyfish/widest_path/switch_down/run_scenario_jellyfish_widest_path_switch_down_20260607_084642/h0.pcap,00:00:00:00:02:01,00:00:00:00:00:01,10.0.0.3,10.0.0.1,TCP,5201,44850,66
2026-06-07T08:59:09.960965+00:00,jellyfish,widest_path,switch_down,run_scenario_jellyfish_widest_path_switch_down_20260607_084642,h0,jellyfish/widest_path/switch_down/run_scenario_jellyfish_widest_path_switch_down_20260607_084642/h0.pcap,00:00:00:00:00:01,00:00:00:00:02:01,10.0.0.1,10.0.0.3,TCP,44850,5201,96
2026-06-07T08:59:09.961199+00:00,jellyfish,widest_path,switch_down,run_scenario_jellyfish_widest_path_switch_down_20260607_084642,h0,jellyfish/widest_path/switch_down/run_scenario_jellyfish_widest_path_switch_down_20260607_084642/h0.pcap,00:00:00:00:02:01,00:00:00:00:00:01,10.0.0.3,10.0.0.1,TCP,5201,44850,66
2026-06-07T08:59:09.966436+00:00,jellyfish,widest_path,switch_down,run_scenario_jellyfish_widest_path_switch_down_20260607_084642,h0,jellyfish/widest_path/switch_down/run_scenario_jellyfish_widest_path_switch_down_20260607_084642/h0.pcap,00:00:00:00:00:01,00:00:00:00:02:01,10.0.0.1,10.0.0.3,TCP,44850,5201,96
2026-06-07T08:59:09.966573+00:00,jellyfish,widest_path,switch_down,run_scenario_jellyfish_widest_path_switch_down_20260607_084642,h0,jellyfish/widest_path/switch_down/run_scenario_jellyfish_widest_path_switch_down_20260607_084642/h0.pcap,00:00:00:00:02:01,00:00:00:00:00:01,10.0.0.3,10.0.0.1,TCP,5201,44850,66
2026-06-07T08:59:09.971895+00:00,jellyfish,widest_path,switch_down,run_scenario_jellyfish_widest_path_switch_down_20260607_084642,h0,jellyfish/widest_path/switch_down/run_scenario_jellyfish_widest_path_switch_down_20260607_084642/h0.pcap,00:00:00:00:00:01,00:00:00:00:02:01,10.0.0.1,10.0.0.3,TCP,44850,5201,96
2026-06-07T08:59:09.972194+00:00,jellyfish,widest_path,switch_down,run_scenario_jellyfish_widest_path_switch_down_20260607_084642,h0,jellyfish/widest_path/switch_down/run_scenario_jellyfish_widest_path_switch_down_20260607_084642/h0.pcap,00:00:00:00:02:01,00:00:00:00:00:01,10.0.0.3,10.0.0.1,TCP,5201,44850,66
2026-06-07T08:59:09.977344+00:00,jellyfish,widest_path,switch_down,run_scenario_jellyfish_widest_path_switch_down_20260607_084642,h0,jellyfish/widest_path/switch_down/run_scenario_jellyfish_widest_path_switch_down_20260607_084642/h0.pcap,00:00:00:00:00:01,00:00:00:00:02:01,10.0.0.1,10.0.0.3,TCP,44850,5201,96
2026-06-07T08:59:09.977487+00:00,jellyfish,widest_path,switch_down,run_scenario_jellyfish_widest_path_switch_down_20260607_084642,h0,jellyfish/widest_path/switch_down/run_scenario_jellyfish_widest_path_switch_down_20260607_084642/h0.pcap,00:00:00:00:02:01,00:00:00:00:00:01,10.0.0.3,10.0.0.1,TCP,5201,44850,66
2026-06-07T08:59:09.982771+00:00,jellyfish,widest_path,switch_down,run_scenario_jellyfish_widest_path_switch_down_20260607_084642,h0,jellyfish/widest_path/switch_down/run_scenario_jellyfish_widest_path_switch_down_20260607_084642/h0.pcap,00:00:00:00:00:01,00:00:00:00:02:01,10.0.0.1,10.0.0.3,TCP,44850,5201,96
2026-06-07T08:59:09.982894+00:00,jellyfish,widest_path,switch_down,run_scenario_jellyfish_widest_path_switch_down_20260607_084642,h0,jellyfish/widest_path/switch_down/run_scenario_jellyfish_widest_path_switch_down_20260607_084642/h0.pcap,00:00:00:00:02:01,00:00:00:00:00:01,10.0.0.3,10.0.0.1,TCP,5201,44850,66
2026-06-07T08:59:09.988261+00:00,jellyfish,widest_path,switch_down,run_scenario_jellyfish_widest_path_switch_down_20260607_084642,h0,jellyfish/widest_path/switch_down/run_scenario_jellyfish_widest_path_switch_down_20260607_084642/h0.pcap,00:00:00:00:00:01,00:00:00:00:02:01,10.0.0.1,10.0.0.3,TCP,44850,5201,96
2026-06-07T08:59:09.988459+00:00,jellyfish,widest_path,switch_down,run_scenario_jellyfish_widest_path_switch_down_20260607_084642,h0,jellyfish/widest_path/switch_down/run_scenario_jellyfish_widest_path_switch_down_20260607_084642/h0.pcap,00:00:00:00:02:01,00:00:00:00:00:01,10.0.0.3,10.0.0.1,TCP,5201,44850,66
2026-06-07T08:59:09.993671+00:00,jellyfish,widest_path,switch_down,run_scenario_jellyfish_widest_path_switch_down_20260607_084642,h0,jellyfish/widest_path/switch_down/run_scenario_jellyfish_widest_path_switch_down_20260607_084642/h0.pcap,00:00:00:00:00:01,00:00:00:00:02:01,10.0.0.1,10.0.0.3,TCP,44850,5201,96
2026-06-07T08:59:09.993815+00:00,jellyfish,widest_path,switch_down,run_scenario_jellyfish_widest_path_switch_down_20260607_084642,h0,jellyfish/widest_path/switch_down/run_scenario_jellyfish_widest_path_switch_down_20260607_084642/h0.pcap,00:00:00:00:02:01,00:00:00:00:00:01,10.0.0.3,10.0.0.1,TCP,5201,44850,66
2026-06-07T08:59:09.999142+00:00,jellyfish,widest_path,switch_down,run_scenario_jellyfish_widest_path_switch_down_20260607_084642,h0,jellyfish/widest_path/switch_down/run_scenario_jellyfish_widest_path_switch_down_20260607_084642/h0.pcap,00:00:00:00:00:01,00:00:00:00:02:01,10.0.0.1,10.0.0.3,TCP,44850,5201,96
2026-06-07T08:59:09.999318+00:00,jellyfish,widest_path,switch_down,run_scenario_jellyfish_widest_path_switch_down_20260607_084642,h0,jellyfish/widest_path/switch_down/run_scenario_jellyfish_widest_path_switch_down_20260607_084642/h0.pcap,00:00:00:00:02:01,00:00:00:00:00:01,10.0.0.3,10.0.0.1,TCP,5201,44850,66
2026-06-07T08:59:10.004599+00:00,jellyfish,widest_path,switch_down,run_scenario_jellyfish_widest_path_switch_down_20260607_084642,h0,jellyfish/widest_path/switch_down/run_scenario_jellyfish_widest_path_switch_down_20260607_084642/h0.pcap,00:00:00:00:00:01,00:00:00:00:02:01,10.0.0.1,10.0.0.3,TCP,44850,5201,96
2026-06-07T08:59:10.004811+00:00,jellyfish,widest_path,switch_down,run_scenario_jellyfish_widest_path_switch_down_20260607_084642,h0,jellyfish/widest_path/switch_down/run_scenario_jellyfish_widest_path_switch_down_20260607_084642/h0.pcap,00:00:00:00:02:01,00:00:00:00:00:01,10.0.0.3,10.0.0.1,TCP,5201,44850,66
2026-06-07T08:59:10.010044+00:00,jellyfish,widest_path,switch_down,run_scenario_jellyfish_widest_path_switch_down_20260607_084642,h0,jellyfish/widest_path/switch_down/run_scenario_jellyfish_widest_path_switch_down_20260607_084642/h0.pcap,00:00:00:00:00:01,00:00:00:00:02:01,10.0.0.1,10.0.0.3,TCP,44850,5201,96
2026-06-07T08:59:10.010296+00:00,jellyfish,widest_path,switch_down,run_scenario_jellyfish_widest_path_switch_down_20260607_084642,h0,jellyfish/widest_path/switch_down/run_scenario_jellyfish_widest_path_switch_down_20260607_084642/h0.pcap,00:00:00:00:02:01,00:00:00:00:00:01,10.0.0.3,10.0.0.1,TCP,5201,44850,66
2026-06-07T08:59:10.015491+00:00,jellyfish,widest_path,switch_down,run_scenario_jellyfish_widest_path_switch_down_20260607_084642,h0,jellyfish/widest_path/switch_down/run_scenario_jellyfish_widest_path_switch_down_20260607_084642/h0.pcap,00:00:00:00:00:01,00:00:00:00:02:01,10.0.0.1,10.0.0.3,TCP,44850,5201,96
2026-06-07T08:59:10.015642+00:00,jellyfish,widest_path,switch_down,run_scenario_jellyfish_widest_path_switch_down_20260607_084642,h0,jellyfish/widest_path/switch_down/run_scenario_jellyfish_widest_path_switch_down_20260607_084642/h0.pcap,00:00:00:00:02:01,00:00:00:00:00:01,10.0.0.3,10.0.0.1,TCP,5201,44850,66
2026-06-07T08:59:10.020983+00:00,jellyfish,widest_path,switch_down,run_scenario_jellyfish_widest_path_switch_down_20260607_084642,h0,jellyfish/widest_path/switch_down/run_scenario_jellyfish_widest_path_switch_down_20260607_084642/h0.pcap,00:00:00:00:00:01,00:00:00:00:02:01,10.0.0.1,10.0.0.3,TCP,44850,5201,96
2026-06-07T08:59:10.021170+00:00,jellyfish,widest_path,switch_down,run_scenario_jellyfish_widest_path_switch_down_20260607_084642,h0,jellyfish/widest_path/switch_down/run_scenario_jellyfish_widest_path_switch_down_20260607_084642/h0.pcap,00:00:00:00:02:01,00:00:00:00:00:01,10.0.0.3,10.0.0.1,TCP,5201,44850,66
2026-06-07T08:59:10.026414+00:00,jellyfish,widest_path,switch_down,run_scenario_jellyfish_widest_path_switch_down_20260607_084642,h0,jellyfish/widest_path/switch_down/run_scenario_jellyfish_widest_path_switch_down_20260607_084642/h0.pcap,00:00:00:00:00:01,00:00:00:00:02:01,10.0.0.1,10.0.0.3,TCP,44850,5201,96
2026-06-07T08:59:10.026567+00:00,jellyfish,widest_path,switch_down,run_scenario_jellyfish_widest_path_switch_down_20260607_084642,h0,jellyfish/widest_path/switch_down/run_scenario_jellyfish_widest_path_switch_down_20260607_084642/h0.pcap,00:00:00:00:02:01,00:00:00:00:00:01,10.0.0.3,10.0.0.1,TCP,5201,44850,66
2026-06-07T08:59:10.031846+00:00,jellyfish,widest_path,switch_down,run_scenario_jellyfish_widest_path_switch_down_20260607_084642,h0,jellyfish/widest_path/switch_down/run_scenario_jellyfish_widest_path_switch_down_20260607_084642/h0.pcap,00:00:00:00:00:01,00:00:00:00:02:01,10.0.0.1,10.0.0.3,TCP,44850,5201,96
2026-06-07T08:59:10.031994+00:00,jellyfish,widest_path,switch_down,run_scenario_jellyfish_widest_path_switch_down_20260607_084642,h0,jellyfish/widest_path/switch_down/run_scenario_jellyfish_widest_path_switch_down_20260607_084642/h0.pcap,00:00:00:00:02:01,00:00:00:00:00:01,10.0.0.3,10.0.0.1,TCP,5201,44850,66
2026-06-07T08:59:10.037292+00:00,jellyfish,widest_path,switch_down,run_scenario_jellyfish_widest_path_switch_down_20260607_084642,h0,jellyfish/widest_path/switch_down/run_scenario_jellyfish_widest_path_switch_down_20260607_084642/h0.pcap,00:00:00:00:00:01,00:00:00:00:02:01,10.0.0.1,10.0.0.3,TCP,44850,5201,96
2026-06-07T08:59:10.037450+00:00,jellyfish,widest_path,switch_down,run_scenario_jellyfish_widest_path_switch_down_20260607_084642,h0,jellyfish/widest_path/switch_down/run_scenario_jellyfish_widest_path_switch_down_20260607_084642/h0.pcap,00:00:00:00:02:01,00:00:00:00:00:01,10.0.0.3,10.0.0.1,TCP,5201,44850,66
2026-06-07T08:59:10.042792+00:00,jellyfish,widest_path,switch_down,run_scenario_jellyfish_widest_path_switch_down_20260607_084642,h0,jellyfish/widest_path/switch_down/run_scenario_jellyfish_widest_path_switch_down_20260607_084642/h0.pcap,00:00:00:00:00:01,00:00:00:00:02:01,10.0.0.1,10.0.0.3,TCP,44850,5201,96
2026-06-07T08:59:10.042945+00:00,jellyfish,widest_path,switch_down,run_scenario_jellyfish_widest_path_switch_down_20260607_084642,h0,jellyfish/widest_path/switch_down/run_scenario_jellyfish_widest_path_switch_down_20260607_084642/h0.pcap,00:00:00:00:02:01,00:00:00:00:00:01,10.0.0.3,10.0.0.1,TCP,5201,44850,66
2026-06-07T08:59:10.048178+00:00,jellyfish,widest_path,switch_down,run_scenario_jellyfish_widest_path_switch_down_20260607_084642,h0,jellyfish/widest_path/switch_down/run_scenario_jellyfish_widest_path_switch_down_20260607_084642/h0.pcap,00:00:00:00:00:01,00:00:00:00:02:01,10.0.0.1,10.0.0.3,TCP,44850,5201,96
2026-06-07T08:59:10.048342+00:00,jellyfish,widest_path,switch_down,run_scenario_jellyfish_widest_path_switch_down_20260607_084642,h0,jellyfish/widest_path/switch_down/run_scenario_jellyfish_widest_path_switch_down_20260607_084642/h0.pcap,00:00:00:00:02:01,00:00:00:00:00:01,10.0.0.3,10.0.0.1,TCP,5201,44850,66
2026-06-07T08:59:10.053639+00:00,jellyfish,widest_path,switch_down,run_scenario_jellyfish_widest_path_switch_down_20260607_084642,h0,jellyfish/widest_path/switch_down/run_scenario_jellyfish_widest_path_switch_down_20260607_084642/h0.pcap,00:00:00:00:00:01,00:00:00:00:02:01,10.0.0.1,10.0.0.3,TCP,44850,5201,96
2026-06-07T08:59:10.053771+00:00,jellyfish,widest_path,switch_down,run_scenario_jellyfish_widest_path_switch_down_20260607_084642,h0,jellyfish/widest_path/switch_down/run_scenario_jellyfish_widest_path_switch_down_20260607_084642/h0.pcap,00:00:00:00:02:01,00:00:00:00:00:01,10.0.0.3,10.0.0.1,TCP,5201,44850,66
2026-06-07T08:59:10.059095+00:00,jellyfish,widest_path,switch_down,run_scenario_jellyfish_widest_path_switch_down_20260607_084642,h0,jellyfish/widest_path/switch_down/run_scenario_jellyfish_widest_path_switch_down_20260607_084642/h0.pcap,00:00:00:00:00:01,00:00:00:00:02:01,10.0.0.1,10.0.0.3,TCP,44850,5201,96
2026-06-07T08:59:10.059267+00:00,jellyfish,widest_path,switch_down,run_scenario_jellyfish_widest_path_switch_down_20260607_084642,h0,jellyfish/widest_path/switch_down/run_scenario_jellyfish_widest_path_switch_down_20260607_084642/h0.pcap,00:00:00:00:02:01,00:00:00:00:00:01,10.0.0.3,10.0.0.1,TCP,5201,44850,66
2026-06-07T08:59:10.064545+00:00,jellyfish,widest_path,switch_down,run_scenario_jellyfish_widest_path_switch_down_20260607_084642,h0,jellyfish/widest_path/switch_down/run_scenario_jellyfish_widest_path_switch_down_20260607_084642/h0.pcap,00:00:00:00:00:01,00:00:00:00:02:01,10.0.0.1,10.0.0.3,TCP,44850,5201,96
2026-06-07T08:59:10.064694+00:00,jellyfish,widest_path,switch_down,run_scenario_jellyfish_widest_path_switch_down_20260607_084642,h0,jellyfish/widest_path/switch_down/run_scenario_jellyfish_widest_path_switch_down_20260607_084642/h0.pcap,00:00:00:00:02:01,00:00:00:00:00:01,10.0.0.3,10.0.0.1,TCP,5201,44850,66
2026-06-07T08:59:10.070013+00:00,jellyfish,widest_path,switch_down,run_scenario_jellyfish_widest_path_switch_down_20260607_084642,h0,jellyfish/widest_path/switch_down/run_scenario_jellyfish_widest_path_switch_down_20260607_084642/h0.pcap,00:00:00:00:00:01,00:00:00:00:02:01,10.0.0.1,10.0.0.3,TCP,44850,5201,96
2026-06-07T08:59:10.070138+00:00,jellyfish,widest_path,switch_down,run_scenario_jellyfish_widest_path_switch_down_20260607_084642,h0,jellyfish/widest_path/switch_down/run_scenario_jellyfish_widest_path_switch_down_20260607_084642/h0.pcap,00:00:00:00:02:01,00:00:00:00:00:01,10.0.0.3,10.0.0.1,TCP,5201,44850,66
2026-06-07T08:59:10.075428+00:00,jellyfish,widest_path,switch_down,run_scenario_jellyfish_widest_path_switch_down_20260607_084642,h0,jellyfish/widest_path/switch_down/run_scenario_jellyfish_widest_path_switch_down_20260607_084642/h0.pcap,00:00:00:00:00:01,00:00:00:00:02:01,10.0.0.1,10.0.0.3,TCP,44850,5201,96
2026-06-07T08:59:10.075667+00:00,jellyfish,widest_path,switch_down,run_scenario_jellyfish_widest_path_switch_down_20260607_084642,h0,jellyfish/widest_path/switch_down/run_scenario_jellyfish_widest_path_switch_down_20260607_084642/h0.pcap,00:00:00:00:02:01,00:00:00:00:00:01,10.0.0.3,10.0.0.1,TCP,5201,44850,66
2026-06-07T08:59:10.080914+00:00,jellyfish,widest_path,switch_down,run_scenario_jellyfish_widest_path_switch_down_20260607_084642,h0,jellyfish/widest_path/switch_down/run_scenario_jellyfish_widest_path_switch_down_20260607_084642/h0.pcap,00:00:00:00:00:01,00:00:00:00:02:01,10.0.0.1,10.0.0.3,TCP,44850,5201,96
2026-06-07T08:59:10.081079+00:00,jellyfish,widest_path,switch_down,run_scenario_jellyfish_widest_path_switch_down_20260607_084642,h0,jellyfish/widest_path/switch_down/run_scenario_jellyfish_widest_path_switch_down_20260607_084642/h0.pcap,00:00:00:00:02:01,00:00:00:00:00:01,10.0.0.3,10.0.0.1,TCP,5201,44850,66
2026-06-07T08:59:10.086333+00:00,jellyfish,widest_path,switch_down,run_scenario_jellyfish_widest_path_switch_down_20260607_084642,h0,jellyfish/widest_path/switch_down/run_scenario_jellyfish_widest_path_switch_down_20260607_084642/h0.pcap,00:00:00:00:00:01,00:00:00:00:02:01,10.0.0.1,10.0.0.3,TCP,44850,5201,96
2026-06-07T08:59:10.086582+00:00,jellyfish,widest_path,switch_down,run_scenario_jellyfish_widest_path_switch_down_20260607_084642,h0,jellyfish/widest_path/switch_down/run_scenario_jellyfish_widest_path_switch_down_20260607_084642/h0.pcap,00:00:00:00:02:01,00:00:00:00:00:01,10.0.0.3,10.0.0.1,TCP,5201,44850,66
2026-06-07T08:59:10.091798+00:00,jellyfish,widest_path,switch_down,run_scenario_jellyfish_widest_path_switch_down_20260607_084642,h0,jellyfish/widest_path/switch_down/run_scenario_jellyfish_widest_path_switch_down_20260607_084642/h0.pcap,00:00:00:00:00:01,00:00:00:00:02:01,10.0.0.1,10.0.0.3,TCP,44850,5201,96
2026-06-07T08:59:10.091996+00:00,jellyfish,widest_path,switch_down,run_scenario_jellyfish_widest_path_switch_down_20260607_084642,h0,jellyfish/widest_path/switch_down/run_scenario_jellyfish_widest_path_switch_down_20260607_084642/h0.pcap,00:00:00:00:02:01,00:00:00:00:00:01,10.0.0.3,10.0.0.1,TCP,5201,44850,66
2026-06-07T08:59:10.097254+00:00,jellyfish,widest_path,switch_down,run_scenario_jellyfish_widest_path_switch_down_20260607_084642,h0,jellyfish/widest_path/switch_down/run_scenario_jellyfish_widest_path_switch_down_20260607_084642/h0.pcap,00:00:00:00:00:01,00:00:00:00:02:01,10.0.0.1,10.0.0.3,TCP,44850,5201,96
2026-06-07T08:59:10.097423+00:00,jellyfish,widest_path,switch_down,run_scenario_jellyfish_widest_path_switch_down_20260607_084642,h0,jellyfish/widest_path/switch_down/run_scenario_jellyfish_widest_path_switch_down_20260607_084642/h0.pcap,00:00:00:00:02:01,00:00:00:00:00:01,10.0.0.3,10.0.0.1,TCP,5201,44850,66
2026-06-07T08:59:10.102679+00:00,jellyfish,widest_path,switch_down,run_scenario_jellyfish_widest_path_switch_down_20260607_084642,h0,jellyfish/widest_path/switch_down/run_scenario_jellyfish_widest_path_switch_down_20260607_084642/h0.pcap,00:00:00:00:00:01,00:00:00:00:02:01,10.0.0.1,10.0.0.3,TCP,44850,5201,96
2026-06-07T08:59:10.102821+00:00,jellyfish,widest_path,switch_down,run_scenario_jellyfish_widest_path_switch_down_20260607_084642,h0,jellyfish/widest_path/switch_down/run_scenario_jellyfish_widest_path_switch_down_20260607_084642/h0.pcap,00:00:00:00:02:01,00:00:00:00:00:01,10.0.0.3,10.0.0.1,TCP,5201,44850,66
2026-06-07T08:59:10.108147+00:00,jellyfish,widest_path,switch_down,run_scenario_jellyfish_widest_path_switch_down_20260607_084642,h0,jellyfish/widest_path/switch_down/run_scenario_jellyfish_widest_path_switch_down_20260607_084642/h0.pcap,00:00:00:00:00:01,00:00:00:00:02:01,10.0.0.1,10.0.0.3,TCP,44850,5201,96
2026-06-07T08:59:10.108291+00:00,jellyfish,widest_path,switch_down,run_scenario_jellyfish_widest_path_switch_down_20260607_084642,h0,jellyfish/widest_path/switch_down/run_scenario_jellyfish_widest_path_switch_down_20260607_084642/h0.pcap,00:00:00:00:02:01,00:00:00:00:00:01,10.0.0.3,10.0.0.1,TCP,5201,44850,66
2026-06-07T08:59:10.113603+00:00,jellyfish,widest_path,switch_down,run_scenario_jellyfish_widest_path_switch_down_20260607_084642,h0,jellyfish/widest_path/switch_down/run_scenario_jellyfish_widest_path_switch_down_20260607_084642/h0.pcap,00:00:00:00:00:01,00:00:00:00:02:01,10.0.0.1,10.0.0.3,TCP,44850,5201,96
2026-06-07T08:59:10.113736+00:00,jellyfish,widest_path,switch_down,run_scenario_jellyfish_widest_path_switch_down_20260607_084642,h0,jellyfish/widest_path/switch_down/run_scenario_jellyfish_widest_path_switch_down_20260607_084642/h0.pcap,00:00:00:00:02:01,00:00:00:00:00:01,10.0.0.3,10.0.0.1,TCP,5201,44850,66
2026-06-07T08:59:10.119047+00:00,jellyfish,widest_path,switch_down,run_scenario_jellyfish_widest_path_switch_down_20260607_084642,h0,jellyfish/widest_path/switch_down/run_scenario_jellyfish_widest_path_switch_down_20260607_084642/h0.pcap,00:00:00:00:00:01,00:00:00:00:02:01,10.0.0.1,10.0.0.3,TCP,44850,5201,96
2026-06-07T08:59:10.119180+00:00,jellyfish,widest_path,switch_down,run_scenario_jellyfish_widest_path_switch_down_20260607_084642,h0,jellyfish/widest_path/switch_down/run_scenario_jellyfish_widest_path_switch_down_20260607_084642/h0.pcap,00:00:00:00:02:01,00:00:00:00:00:01,10.0.0.3,10.0.0.1,TCP,5201,44850,66
2026-06-07T08:59:10.124471+00:00,jellyfish,widest_path,switch_down,run_scenario_jellyfish_widest_path_switch_down_20260607_084642,h0,jellyfish/widest_path/switch_down/run_scenario_jellyfish_widest_path_switch_down_20260607_084642/h0.pcap,00:00:00:00:00:01,00:00:00:00:02:01,10.0.0.1,10.0.0.3,TCP,44850,5201,96
2026-06-07T08:59:10.124754+00:00,jellyfish,widest_path,switch_down,run_scenario_jellyfish_widest_path_switch_down_20260607_084642,h0,jellyfish/widest_path/switch_down/run_scenario_jellyfish_widest_path_switch_down_20260607_084642/h0.pcap,00:00:00:00:02:01,00:00:00:00:00:01,10.0.0.3,10.0.0.1,TCP,5201,44850,66
2026-06-07T08:59:10.129975+00:00,jellyfish,widest_path,switch_down,run_scenario_jellyfish_widest_path_switch_down_20260607_084642,h0,jellyfish/widest_path/switch_down/run_scenario_jellyfish_widest_path_switch_down_20260607_084642/h0.pcap,00:00:00:00:00:01,00:00:00:00:02:01,10.0.0.1,10.0.0.3,TCP,44850,5201,96
2026-06-07T08:59:10.130131+00:00,jellyfish,widest_path,switch_down,run_scenario_jellyfish_widest_path_switch_down_20260607_084642,h0,jellyfish/widest_path/switch_down/run_scenario_jellyfish_widest_path_switch_down_20260607_084642/h0.pcap,00:00:00:00:02:01,00:00:00:00:00:01,10.0.0.3,10.0.0.1,TCP,5201,44850,66
2026-06-07T08:59:10.135398+00:00,jellyfish,widest_path,switch_down,run_scenario_jellyfish_widest_path_switch_down_20260607_084642,h0,jellyfish/widest_path/switch_down/run_scenario_jellyfish_widest_path_switch_down_20260607_084642/h0.pcap,00:00:00:00:00:01,00:00:00:00:02:01,10.0.0.1,10.0.0.3,TCP,44850,5201,96
2026-06-07T08:59:10.135507+00:00,jellyfish,widest_path,switch_down,run_scenario_jellyfish_widest_path_switch_down_20260607_084642,h0,jellyfish/widest_path/switch_down/run_scenario_jellyfish_widest_path_switch_down_20260607_084642/h0.pcap,00:00:00:00:02:01,00:00:00:00:00:01,10.0.0.3,10.0.0.1,TCP,5201,44850,66
2026-06-07T08:59:10.140837+00:00,jellyfish,widest_path,switch_down,run_scenario_jellyfish_widest_path_switch_down_20260607_084642,h0,jellyfish/widest_path/switch_down/run_scenario_jellyfish_widest_path_switch_down_20260607_084642/h0.pcap,00:00:00:00:00:01,00:00:00:00:02:01,10.0.0.1,10.0.0.3,TCP,44850,5201,96
2026-06-07T08:59:10.141069+00:00,jellyfish,widest_path,switch_down,run_scenario_jellyfish_widest_path_switch_down_20260607_084642,h0,jellyfish/widest_path/switch_down/run_scenario_jellyfish_widest_path_switch_down_20260607_084642/h0.pcap,00:00:00:00:02:01,00:00:00:00:00:01,10.0.0.3,10.0.0.1,TCP,5201,44850,66
2026-06-07T08:59:10.146398+00:00,jellyfish,widest_path,switch_down,run_scenario_jellyfish_widest_path_switch_down_20260607_084642,h0,jellyfish/widest_path/switch_down/run_scenario_jellyfish_widest_path_switch_down_20260607_084642/h0.pcap,00:00:00:00:00:01,00:00:00:00:02:01,10.0.0.1,10.0.0.3,TCP,44850,5201,96
2026-06-07T08:59:10.146532+00:00,jellyfish,widest_path,switch_down,run_scenario_jellyfish_widest_path_switch_down_20260607_084642,h0,jellyfish/widest_path/switch_down/run_scenario_jellyfish_widest_path_switch_down_20260607_084642/h0.pcap,00:00:00:00:02:01,00:00:00:00:00:01,10.0.0.3,10.0.0.1,TCP,5201,44850,66
2026-06-07T08:59:10.151744+00:00,jellyfish,widest_path,switch_down,run_scenario_jellyfish_widest_path_switch_down_20260607_084642,h0,jellyfish/widest_path/switch_down/run_scenario_jellyfish_widest_path_switch_down_20260607_084642/h0.pcap,00:00:00:00:00:01,00:00:00:00:02:01,10.0.0.1,10.0.0.3,TCP,44850,5201,96
2026-06-07T08:59:10.151862+00:00,jellyfish,widest_path,switch_down,run_scenario_jellyfish_widest_path_switch_down_20260607_084642,h0,jellyfish/widest_path/switch_down/run_scenario_jellyfish_widest_path_switch_down_20260607_084642/h0.pcap,00:00:00:00:02:01,00:00:00:00:00:01,10.0.0.3,10.0.0.1,TCP,5201,44850,66
2026-06-07T08:59:10.157214+00:00,jellyfish,widest_path,switch_down,run_scenario_jellyfish_widest_path_switch_down_20260607_084642,h0,jellyfish/widest_path/switch_down/run_scenario_jellyfish_widest_path_switch_down_20260607_084642/h0.pcap,00:00:00:00:00:01,00:00:00:00:02:01,10.0.0.1,10.0.0.3,TCP,44850,5201,96
2026-06-07T08:59:10.157338+00:00,jellyfish,widest_path,switch_down,run_scenario_jellyfish_widest_path_switch_down_20260607_084642,h0,jellyfish/widest_path/switch_down/run_scenario_jellyfish_widest_path_switch_down_20260607_084642/h0.pcap,00:00:00:00:02:01,00:00:00:00:00:01,10.0.0.3,10.0.0.1,TCP,5201,44850,66
2026-06-07T08:59:10.162646+00:00,jellyfish,widest_path,switch_down,run_scenario_jellyfish_widest_path_switch_down_20260607_084642,h0,jellyfish/widest_path/switch_down/run_scenario_jellyfish_widest_path_switch_down_20260607_084642/h0.pcap,00:00:00:00:00:01,00:00:00:00:02:01,10.0.0.1,10.0.0.3,TCP,44850,5201,96
2026-06-07T08:59:10.162766+00:00,jellyfish,widest_path,switch_down,run_scenario_jellyfish_widest_path_switch_down_20260607_084642,h0,jellyfish/widest_path/switch_down/run_scenario_jellyfish_widest_path_switch_down_20260607_084642/h0.pcap,00:00:00:00:02:01,00:00:00:00:00:01,10.0.0.3,10.0.0.1,TCP,5201,44850,66
2026-06-07T08:59:10.168093+00:00,jellyfish,widest_path,switch_down,run_scenario_jellyfish_widest_path_switch_down_20260607_084642,h0,jellyfish/widest_path/switch_down/run_scenario_jellyfish_widest_path_switch_down_20260607_084642/h0.pcap,00:00:00:00:00:01,00:00:00:00:02:01,10.0.0.1,10.0.0.3,TCP,44850,5201,96
2026-06-07T08:59:10.168211+00:00,jellyfish,widest_path,switch_down,run_scenario_jellyfish_widest_path_switch_down_20260607_084642,h0,jellyfish/widest_path/switch_down/run_scenario_jellyfish_widest_path_switch_down_20260607_084642/h0.pcap,00:00:00:00:02:01,00:00:00:00:00:01,10.0.0.3,10.0.0.1,TCP,5201,44850,66
2026-06-07T08:59:10.171259+00:00,jellyfish,widest_path,switch_down,run_scenario_jellyfish_widest_path_switch_down_20260607_084642,h0,jellyfish/widest_path/switch_down/run_scenario_jellyfish_widest_path_switch_down_20260607_084642/h0.pcap,a2:a0:27:20:9b:e0,01:80:c2:00:00:0e,,,,,,60
2026-06-07T08:59:10.173548+00:00,jellyfish,widest_path,switch_down,run_scenario_jellyfish_widest_path_switch_down_20260607_084642,h0,jellyfish/widest_path/switch_down/run_scenario_jellyfish_widest_path_switch_down_20260607_084642/h0.pcap,00:00:00:00:00:01,00:00:00:00:02:01,10.0.0.1,10.0.0.3,TCP,44850,5201,96
2026-06-07T08:59:10.173667+00:00,jellyfish,widest_path,switch_down,run_scenario_jellyfish_widest_path_switch_down_20260607_084642,h0,jellyfish/widest_path/switch_down/run_scenario_jellyfish_widest_path_switch_down_20260607_084642/h0.pcap,00:00:00:00:02:01,00:00:00:00:00:01,10.0.0.3,10.0.0.1,TCP,5201,44850,66
2026-06-07T08:59:10.178996+00:00,jellyfish,widest_path,switch_down,run_scenario_jellyfish_widest_path_switch_down_20260607_084642,h0,jellyfish/widest_path/switch_down/run_scenario_jellyfish_widest_path_switch_down_20260607_084642/h0.pcap,00:00:00:00:00:01,00:00:00:00:02:01,10.0.0.1,10.0.0.3,TCP,44850,5201,96
2026-06-07T08:59:10.179116+00:00,jellyfish,widest_path,switch_down,run_scenario_jellyfish_widest_path_switch_down_20260607_084642,h0,jellyfish/widest_path/switch_down/run_scenario_jellyfish_widest_path_switch_down_20260607_084642/h0.pcap,00:00:00:00:02:01,00:00:00:00:00:01,10.0.0.3,10.0.0.1,TCP,5201,44850,66
2026-06-07T08:59:10.184426+00:00,jellyfish,widest_path,switch_down,run_scenario_jellyfish_widest_path_switch_down_20260607_084642,h0,jellyfish/widest_path/switch_down/run_scenario_jellyfish_widest_path_switch_down_20260607_084642/h0.pcap,00:00:00:00:00:01,00:00:00:00:02:01,10.0.0.1,10.0.0.3,TCP,44850,5201,96
2026-06-07T08:59:10.184565+00:00,jellyfish,widest_path,switch_down,run_scenario_jellyfish_widest_path_switch_down_20260607_084642,h0,jellyfish/widest_path/switch_down/run_scenario_jellyfish_widest_path_switch_down_20260607_084642/h0.pcap,00:00:00:00:02:01,00:00:00:00:00:01,10.0.0.3,10.0.0.1,TCP,5201,44850,66
2026-06-07T08:59:10.189879+00:00,jellyfish,widest_path,switch_down,run_scenario_jellyfish_widest_path_switch_down_20260607_084642,h0,jellyfish/widest_path/switch_down/run_scenario_jellyfish_widest_path_switch_down_20260607_084642/h0.pcap,00:00:00:00:00:01,00:00:00:00:02:01,10.0.0.1,10.0.0.3,TCP,44850,5201,96
2026-06-07T08:59:10.190036+00:00,jellyfish,widest_path,switch_down,run_scenario_jellyfish_widest_path_switch_down_20260607_084642,h0,jellyfish/widest_path/switch_down/run_scenario_jellyfish_widest_path_switch_down_20260607_084642/h0.pcap,00:00:00:00:02:01,00:00:00:00:00:01,10.0.0.3,10.0.0.1,TCP,5201,44850,66
2026-06-07T08:59:10.195332+00:00,jellyfish,widest_path,switch_down,run_scenario_jellyfish_widest_path_switch_down_20260607_084642,h0,jellyfish/widest_path/switch_down/run_scenario_jellyfish_widest_path_switch_down_20260607_084642/h0.pcap,00:00:00:00:00:01,00:00:00:00:02:01,10.0.0.1,10.0.0.3,TCP,44850,5201,96
2026-06-07T08:59:10.195482+00:00,jellyfish,widest_path,switch_down,run_scenario_jellyfish_widest_path_switch_down_20260607_084642,h0,jellyfish/widest_path/switch_down/run_scenario_jellyfish_widest_path_switch_down_20260607_084642/h0.pcap,00:00:00:00:02:01,00:00:00:00:00:01,10.0.0.3,10.0.0.1,TCP,5201,44850,66
2026-06-07T08:59:10.200785+00:00,jellyfish,widest_path,switch_down,run_scenario_jellyfish_widest_path_switch_down_20260607_084642,h0,jellyfish/widest_path/switch_down/run_scenario_jellyfish_widest_path_switch_down_20260607_084642/h0.pcap,00:00:00:00:00:01,00:00:00:00:02:01,10.0.0.1,10.0.0.3,TCP,44850,5201,96
2026-06-07T08:59:10.200933+00:00,jellyfish,widest_path,switch_down,run_scenario_jellyfish_widest_path_switch_down_20260607_084642,h0,jellyfish/widest_path/switch_down/run_scenario_jellyfish_widest_path_switch_down_20260607_084642/h0.pcap,00:00:00:00:02:01,00:00:00:00:00:01,10.0.0.3,10.0.0.1,TCP,5201,44850,66
2026-06-07T08:59:10.206228+00:00,jellyfish,widest_path,switch_down,run_scenario_jellyfish_widest_path_switch_down_20260607_084642,h0,jellyfish/widest_path/switch_down/run_scenario_jellyfish_widest_path_switch_down_20260607_084642/h0.pcap,00:00:00:00:00:01,00:00:00:00:02:01,10.0.0.1,10.0.0.3,TCP,44850,5201,96
2026-06-07T08:59:10.206448+00:00,jellyfish,widest_path,switch_down,run_scenario_jellyfish_widest_path_switch_down_20260607_084642,h0,jellyfish/widest_path/switch_down/run_scenario_jellyfish_widest_path_switch_down_20260607_084642/h0.pcap,00:00:00:00:02:01,00:00:00:00:00:01,10.0.0.3,10.0.0.1,TCP,5201,44850,66
2026-06-07T08:59:10.211690+00:00,jellyfish,widest_path,switch_down,run_scenario_jellyfish_widest_path_switch_down_20260607_084642,h0,jellyfish/widest_path/switch_down/run_scenario_jellyfish_widest_path_switch_down_20260607_084642/h0.pcap,00:00:00:00:00:01,00:00:00:00:02:01,10.0.0.1,10.0.0.3,TCP,44850,5201,96
2026-06-07T08:59:10.211808+00:00,jellyfish,widest_path,switch_down,run_scenario_jellyfish_widest_path_switch_down_20260607_084642,h0,jellyfish/widest_path/switch_down/run_scenario_jellyfish_widest_path_switch_down_20260607_084642/h0.pcap,00:00:00:00:02:01,00:00:00:00:00:01,10.0.0.3,10.0.0.1,TCP,5201,44850,66
2026-06-07T08:59:10.217134+00:00,jellyfish,widest_path,switch_down,run_scenario_jellyfish_widest_path_switch_down_20260607_084642,h0,jellyfish/widest_path/switch_down/run_scenario_jellyfish_widest_path_switch_down_20260607_084642/h0.pcap,00:00:00:00:00:01,00:00:00:00:02:01,10.0.0.1,10.0.0.3,TCP,44850,5201,96
2026-06-07T08:59:10.217230+00:00,jellyfish,widest_path,switch_down,run_scenario_jellyfish_widest_path_switch_down_20260607_084642,h0,jellyfish/widest_path/switch_down/run_scenario_jellyfish_widest_path_switch_down_20260607_084642/h0.pcap,00:00:00:00:02:01,00:00:00:00:00:01,10.0.0.3,10.0.0.1,TCP,5201,44850,66
2026-06-07T08:59:10.222593+00:00,jellyfish,widest_path,switch_down,run_scenario_jellyfish_widest_path_switch_down_20260607_084642,h0,jellyfish/widest_path/switch_down/run_scenario_jellyfish_widest_path_switch_down_20260607_084642/h0.pcap,00:00:00:00:00:01,00:00:00:00:02:01,10.0.0.1,10.0.0.3,TCP,44850,5201,96
2026-06-07T08:59:10.222745+00:00,jellyfish,widest_path,switch_down,run_scenario_jellyfish_widest_path_switch_down_20260607_084642,h0,jellyfish/widest_path/switch_down/run_scenario_jellyfish_widest_path_switch_down_20260607_084642/h0.pcap,00:00:00:00:02:01,00:00:00:00:00:01,10.0.0.3,10.0.0.1,TCP,5201,44850,66
2026-06-07T08:59:10.228087+00:00,jellyfish,widest_path,switch_down,run_scenario_jellyfish_widest_path_switch_down_20260607_084642,h0,jellyfish/widest_path/switch_down/run_scenario_jellyfish_widest_path_switch_down_20260607_084642/h0.pcap,00:00:00:00:00:01,00:00:00:00:02:01,10.0.0.1,10.0.0.3,TCP,44850,5201,96
2026-06-07T08:59:10.228197+00:00,jellyfish,widest_path,switch_down,run_scenario_jellyfish_widest_path_switch_down_20260607_084642,h0,jellyfish/widest_path/switch_down/run_scenario_jellyfish_widest_path_switch_down_20260607_084642/h0.pcap,00:00:00:00:02:01,00:00:00:00:00:01,10.0.0.3,10.0.0.1,TCP,5201,44850,66
2026-06-07T08:59:10.233497+00:00,jellyfish,widest_path,switch_down,run_scenario_jellyfish_widest_path_switch_down_20260607_084642,h0,jellyfish/widest_path/switch_down/run_scenario_jellyfish_widest_path_switch_down_20260607_084642/h0.pcap,00:00:00:00:00:01,00:00:00:00:02:01,10.0.0.1,10.0.0.3,TCP,44850,5201,96
2026-06-07T08:59:10.233705+00:00,jellyfish,widest_path,switch_down,run_scenario_jellyfish_widest_path_switch_down_20260607_084642,h0,jellyfish/widest_path/switch_down/run_scenario_jellyfish_widest_path_switch_down_20260607_084642/h0.pcap,00:00:00:00:02:01,00:00:00:00:00:01,10.0.0.3,10.0.0.1,TCP,5201,44850,66
2026-06-07T08:59:10.238967+00:00,jellyfish,widest_path,switch_down,run_scenario_jellyfish_widest_path_switch_down_20260607_084642,h0,jellyfish/widest_path/switch_down/run_scenario_jellyfish_widest_path_switch_down_20260607_084642/h0.pcap,00:00:00:00:00:01,00:00:00:00:02:01,10.0.0.1,10.0.0.3,TCP,44850,5201,96
2026-06-07T08:59:10.239101+00:00,jellyfish,widest_path,switch_down,run_scenario_jellyfish_widest_path_switch_down_20260607_084642,h0,jellyfish/widest_path/switch_down/run_scenario_jellyfish_widest_path_switch_down_20260607_084642/h0.pcap,00:00:00:00:02:01,00:00:00:00:00:01,10.0.0.3,10.0.0.1,TCP,5201,44850,66
2026-06-07T08:59:10.244572+00:00,jellyfish,widest_path,switch_down,run_scenario_jellyfish_widest_path_switch_down_20260607_084642,h0,jellyfish/widest_path/switch_down/run_scenario_jellyfish_widest_path_switch_down_20260607_084642/h0.pcap,00:00:00:00:00:01,00:00:00:00:02:01,10.0.0.1,10.0.0.3,TCP,44850,5201,96
2026-06-07T08:59:10.244663+00:00,jellyfish,widest_path,switch_down,run_scenario_jellyfish_widest_path_switch_down_20260607_084642,h0,jellyfish/widest_path/switch_down/run_scenario_jellyfish_widest_path_switch_down_20260607_084642/h0.pcap,00:00:00:00:02:01,00:00:00:00:00:01,10.0.0.3,10.0.0.1,TCP,5201,44850,66
2026-06-07T08:59:10.249923+00:00,jellyfish,widest_path,switch_down,run_scenario_jellyfish_widest_path_switch_down_20260607_084642,h0,jellyfish/widest_path/switch_down/run_scenario_jellyfish_widest_path_switch_down_20260607_084642/h0.pcap,00:00:00:00:00:01,00:00:00:00:02:01,10.0.0.1,10.0.0.3,TCP,44850,5201,96
2026-06-07T08:59:10.250033+00:00,jellyfish,widest_path,switch_down,run_scenario_jellyfish_widest_path_switch_down_20260607_084642,h0,jellyfish/widest_path/switch_down/run_scenario_jellyfish_widest_path_switch_down_20260607_084642/h0.pcap,00:00:00:00:02:01,00:00:00:00:00:01,10.0.0.3,10.0.0.1,TCP,5201,44850,66
2026-06-07T08:59:10.255615+00:00,jellyfish,widest_path,switch_down,run_scenario_jellyfish_widest_path_switch_down_20260607_084642,h0,jellyfish/widest_path/switch_down/run_scenario_jellyfish_widest_path_switch_down_20260607_084642/h0.pcap,00:00:00:00:00:01,00:00:00:00:02:01,10.0.0.1,10.0.0.3,TCP,44850,5201,96
2026-06-07T08:59:10.255724+00:00,jellyfish,widest_path,switch_down,run_scenario_jellyfish_widest_path_switch_down_20260607_084642,h0,jellyfish/widest_path/switch_down/run_scenario_jellyfish_widest_path_switch_down_20260607_084642/h0.pcap,00:00:00:00:02:01,00:00:00:00:00:01,10.0.0.3,10.0.0.1,TCP,5201,44850,66
2026-06-07T08:59:10.261004+00:00,jellyfish,widest_path,switch_down,run_scenario_jellyfish_widest_path_switch_down_20260607_084642,h0,jellyfish/widest_path/switch_down/run_scenario_jellyfish_widest_path_switch_down_20260607_084642/h0.pcap,00:00:00:00:00:01,00:00:00:00:02:01,10.0.0.1,10.0.0.3,TCP,44850,5201,96
2026-06-07T08:59:10.261176+00:00,jellyfish,widest_path,switch_down,run_scenario_jellyfish_widest_path_switch_down_20260607_084642,h0,jellyfish/widest_path/switch_down/run_scenario_jellyfish_widest_path_switch_down_20260607_084642/h0.pcap,00:00:00:00:02:01,00:00:00:00:00:01,10.0.0.3,10.0.0.1,TCP,5201,44850,66
2026-06-07T08:59:10.266585+00:00,jellyfish,widest_path,switch_down,run_scenario_jellyfish_widest_path_switch_down_20260607_084642,h0,jellyfish/widest_path/switch_down/run_scenario_jellyfish_widest_path_switch_down_20260607_084642/h0.pcap,00:00:00:00:00:01,00:00:00:00:02:01,10.0.0.1,10.0.0.3,TCP,44850,5201,96
2026-06-07T08:59:10.266677+00:00,jellyfish,widest_path,switch_down,run_scenario_jellyfish_widest_path_switch_down_20260607_084642,h0,jellyfish/widest_path/switch_down/run_scenario_jellyfish_widest_path_switch_down_20260607_084642/h0.pcap,00:00:00:00:02:01,00:00:00:00:00:01,10.0.0.3,10.0.0.1,TCP,5201,44850,66
2026-06-07T08:59:10.271956+00:00,jellyfish,widest_path,switch_down,run_scenario_jellyfish_widest_path_switch_down_20260607_084642,h0,jellyfish/widest_path/switch_down/run_scenario_jellyfish_widest_path_switch_down_20260607_084642/h0.pcap,00:00:00:00:00:01,00:00:00:00:02:01,10.0.0.1,10.0.0.3,TCP,44850,5201,96
2026-06-07T08:59:10.272065+00:00,jellyfish,widest_path,switch_down,run_scenario_jellyfish_widest_path_switch_down_20260607_084642,h0,jellyfish/widest_path/switch_down/run_scenario_jellyfish_widest_path_switch_down_20260607_084642/h0.pcap,00:00:00:00:02:01,00:00:00:00:00:01,10.0.0.3,10.0.0.1,TCP,5201,44850,66
2026-06-07T08:59:10.277723+00:00,jellyfish,widest_path,switch_down,run_scenario_jellyfish_widest_path_switch_down_20260607_084642,h0,jellyfish/widest_path/switch_down/run_scenario_jellyfish_widest_path_switch_down_20260607_084642/h0.pcap,00:00:00:00:00:01,00:00:00:00:02:01,10.0.0.1,10.0.0.3,TCP,44850,5201,96
2026-06-07T08:59:10.277876+00:00,jellyfish,widest_path,switch_down,run_scenario_jellyfish_widest_path_switch_down_20260607_084642,h0,jellyfish/widest_path/switch_down/run_scenario_jellyfish_widest_path_switch_down_20260607_084642/h0.pcap,00:00:00:00:02:01,00:00:00:00:00:01,10.0.0.3,10.0.0.1,TCP,5201,44850,66
2026-06-07T08:59:10.283360+00:00,jellyfish,widest_path,switch_down,run_scenario_jellyfish_widest_path_switch_down_20260607_084642,h0,jellyfish/widest_path/switch_down/run_scenario_jellyfish_widest_path_switch_down_20260607_084642/h0.pcap,00:00:00:00:00:01,00:00:00:00:02:01,10.0.0.1,10.0.0.3,TCP,44850,5201,96
2026-06-07T08:59:10.283533+00:00,jellyfish,widest_path,switch_down,run_scenario_jellyfish_widest_path_switch_down_20260607_084642,h0,jellyfish/widest_path/switch_down/run_scenario_jellyfish_widest_path_switch_down_20260607_084642/h0.pcap,00:00:00:00:02:01,00:00:00:00:00:01,10.0.0.3,10.0.0.1,TCP,5201,44850,66
2026-06-07T08:59:10.288721+00:00,jellyfish,widest_path,switch_down,run_scenario_jellyfish_widest_path_switch_down_20260607_084642,h0,jellyfish/widest_path/switch_down/run_scenario_jellyfish_widest_path_switch_down_20260607_084642/h0.pcap,00:00:00:00:00:01,00:00:00:00:02:01,10.0.0.1,10.0.0.3,TCP,44850,5201,96
2026-06-07T08:59:10.288830+00:00,jellyfish,widest_path,switch_down,run_scenario_jellyfish_widest_path_switch_down_20260607_084642,h0,jellyfish/widest_path/switch_down/run_scenario_jellyfish_widest_path_switch_down_20260607_084642/h0.pcap,00:00:00:00:02:01,00:00:00:00:00:01,10.0.0.3,10.0.0.1,TCP,5201,44850,66
2026-06-07T08:59:10.294207+00:00,jellyfish,widest_path,switch_down,run_scenario_jellyfish_widest_path_switch_down_20260607_084642,h0,jellyfish/widest_path/switch_down/run_scenario_jellyfish_widest_path_switch_down_20260607_084642/h0.pcap,00:00:00:00:00:01,00:00:00:00:02:01,10.0.0.1,10.0.0.3,TCP,44850,5201,96
2026-06-07T08:59:10.294373+00:00,jellyfish,widest_path,switch_down,run_scenario_jellyfish_widest_path_switch_down_20260607_084642,h0,jellyfish/widest_path/switch_down/run_scenario_jellyfish_widest_path_switch_down_20260607_084642/h0.pcap,00:00:00:00:02:01,00:00:00:00:00:01,10.0.0.3,10.0.0.1,TCP,5201,44850,66
2026-06-07T08:59:10.299855+00:00,jellyfish,widest_path,switch_down,run_scenario_jellyfish_widest_path_switch_down_20260607_084642,h0,jellyfish/widest_path/switch_down/run_scenario_jellyfish_widest_path_switch_down_20260607_084642/h0.pcap,00:00:00:00:00:01,00:00:00:00:02:01,10.0.0.1,10.0.0.3,TCP,44850,5201,96
2026-06-07T08:59:10.299966+00:00,jellyfish,widest_path,switch_down,run_scenario_jellyfish_widest_path_switch_down_20260607_084642,h0,jellyfish/widest_path/switch_down/run_scenario_jellyfish_widest_path_switch_down_20260607_084642/h0.pcap,00:00:00:00:02:01,00:00:00:00:00:01,10.0.0.3,10.0.0.1,TCP,5201,44850,66
2026-06-07T08:59:10.305392+00:00,jellyfish,widest_path,switch_down,run_scenario_jellyfish_widest_path_switch_down_20260607_084642,h0,jellyfish/widest_path/switch_down/run_scenario_jellyfish_widest_path_switch_down_20260607_084642/h0.pcap,00:00:00:00:00:01,00:00:00:00:02:01,10.0.0.1,10.0.0.3,TCP,44850,5201,96
2026-06-07T08:59:10.305502+00:00,jellyfish,widest_path,switch_down,run_scenario_jellyfish_widest_path_switch_down_20260607_084642,h0,jellyfish/widest_path/switch_down/run_scenario_jellyfish_widest_path_switch_down_20260607_084642/h0.pcap,00:00:00:00:02:01,00:00:00:00:00:01,10.0.0.3,10.0.0.1,TCP,5201,44850,66
2026-06-07T08:59:10.310748+00:00,jellyfish,widest_path,switch_down,run_scenario_jellyfish_widest_path_switch_down_20260607_084642,h0,jellyfish/widest_path/switch_down/run_scenario_jellyfish_widest_path_switch_down_20260607_084642/h0.pcap,00:00:00:00:00:01,00:00:00:00:02:01,10.0.0.1,10.0.0.3,TCP,44850,5201,96
2026-06-07T08:59:10.310859+00:00,jellyfish,widest_path,switch_down,run_scenario_jellyfish_widest_path_switch_down_20260607_084642,h0,jellyfish/widest_path/switch_down/run_scenario_jellyfish_widest_path_switch_down_20260607_084642/h0.pcap,00:00:00:00:02:01,00:00:00:00:00:01,10.0.0.3,10.0.0.1,TCP,5201,44850,66
2026-06-07T08:59:10.316567+00:00,jellyfish,widest_path,switch_down,run_scenario_jellyfish_widest_path_switch_down_20260607_084642,h0,jellyfish/widest_path/switch_down/run_scenario_jellyfish_widest_path_switch_down_20260607_084642/h0.pcap,00:00:00:00:00:01,00:00:00:00:02:01,10.0.0.1,10.0.0.3,TCP,44850,5201,96
2026-06-07T08:59:10.316771+00:00,jellyfish,widest_path,switch_down,run_scenario_jellyfish_widest_path_switch_down_20260607_084642,h0,jellyfish/widest_path/switch_down/run_scenario_jellyfish_widest_path_switch_down_20260607_084642/h0.pcap,00:00:00:00:02:01,00:00:00:00:00:01,10.0.0.3,10.0.0.1,TCP,5201,44850,66
2026-06-07T08:59:10.322169+00:00,jellyfish,widest_path,switch_down,run_scenario_jellyfish_widest_path_switch_down_20260607_084642,h0,jellyfish/widest_path/switch_down/run_scenario_jellyfish_widest_path_switch_down_20260607_084642/h0.pcap,00:00:00:00:00:01,00:00:00:00:02:01,10.0.0.1,10.0.0.3,TCP,44850,5201,96
2026-06-07T08:59:10.322279+00:00,jellyfish,widest_path,switch_down,run_scenario_jellyfish_widest_path_switch_down_20260607_084642,h0,jellyfish/widest_path/switch_down/run_scenario_jellyfish_widest_path_switch_down_20260607_084642/h0.pcap,00:00:00:00:02:01,00:00:00:00:00:01,10.0.0.3,10.0.0.1,TCP,5201,44850,66
2026-06-07T08:59:10.327523+00:00,jellyfish,widest_path,switch_down,run_scenario_jellyfish_widest_path_switch_down_20260607_084642,h0,jellyfish/widest_path/switch_down/run_scenario_jellyfish_widest_path_switch_down_20260607_084642/h0.pcap,00:00:00:00:00:01,00:00:00:00:02:01,10.0.0.1,10.0.0.3,TCP,44850,5201,96
2026-06-07T08:59:10.327620+00:00,jellyfish,widest_path,switch_down,run_scenario_jellyfish_widest_path_switch_down_20260607_084642,h0,jellyfish/widest_path/switch_down/run_scenario_jellyfish_widest_path_switch_down_20260607_084642/h0.pcap,00:00:00:00:02:01,00:00:00:00:00:01,10.0.0.3,10.0.0.1,TCP,5201,44850,66
2026-06-07T08:59:10.332956+00:00,jellyfish,widest_path,switch_down,run_scenario_jellyfish_widest_path_switch_down_20260607_084642,h0,jellyfish/widest_path/switch_down/run_scenario_jellyfish_widest_path_switch_down_20260607_084642/h0.pcap,00:00:00:00:00:01,00:00:00:00:02:01,10.0.0.1,10.0.0.3,TCP,44850,5201,96
2026-06-07T08:59:10.333051+00:00,jellyfish,widest_path,switch_down,run_scenario_jellyfish_widest_path_switch_down_20260607_084642,h0,jellyfish/widest_path/switch_down/run_scenario_jellyfish_widest_path_switch_down_20260607_084642/h0.pcap,00:00:00:00:02:01,00:00:00:00:00:01,10.0.0.3,10.0.0.1,TCP,5201,44850,66
2026-06-07T08:59:10.338386+00:00,jellyfish,widest_path,switch_down,run_scenario_jellyfish_widest_path_switch_down_20260607_084642,h0,jellyfish/widest_path/switch_down/run_scenario_jellyfish_widest_path_switch_down_20260607_084642/h0.pcap,00:00:00:00:00:01,00:00:00:00:02:01,10.0.0.1,10.0.0.3,TCP,44850,5201,96
2026-06-07T08:59:10.338505+00:00,jellyfish,widest_path,switch_down,run_scenario_jellyfish_widest_path_switch_down_20260607_084642,h0,jellyfish/widest_path/switch_down/run_scenario_jellyfish_widest_path_switch_down_20260607_084642/h0.pcap,00:00:00:00:02:01,00:00:00:00:00:01,10.0.0.3,10.0.0.1,TCP,5201,44850,66
2026-06-07T08:59:10.343856+00:00,jellyfish,widest_path,switch_down,run_scenario_jellyfish_widest_path_switch_down_20260607_084642,h0,jellyfish/widest_path/switch_down/run_scenario_jellyfish_widest_path_switch_down_20260607_084642/h0.pcap,00:00:00:00:00:01,00:00:00:00:02:01,10.0.0.1,10.0.0.3,TCP,44850,5201,96
2026-06-07T08:59:10.343936+00:00,jellyfish,widest_path,switch_down,run_scenario_jellyfish_widest_path_switch_down_20260607_084642,h0,jellyfish/widest_path/switch_down/run_scenario_jellyfish_widest_path_switch_down_20260607_084642/h0.pcap,00:00:00:00:02:01,00:00:00:00:00:01,10.0.0.3,10.0.0.1,TCP,5201,44850,66
2026-06-07T08:59:10.349295+00:00,jellyfish,widest_path,switch_down,run_scenario_jellyfish_widest_path_switch_down_20260607_084642,h0,jellyfish/widest_path/switch_down/run_scenario_jellyfish_widest_path_switch_down_20260607_084642/h0.pcap,00:00:00:00:00:01,00:00:00:00:02:01,10.0.0.1,10.0.0.3,TCP,44850,5201,96
2026-06-07T08:59:10.349392+00:00,jellyfish,widest_path,switch_down,run_scenario_jellyfish_widest_path_switch_down_20260607_084642,h0,jellyfish/widest_path/switch_down/run_scenario_jellyfish_widest_path_switch_down_20260607_084642/h0.pcap,00:00:00:00:02:01,00:00:00:00:00:01,10.0.0.3,10.0.0.1,TCP,5201,44850,66
2026-06-07T08:59:10.354760+00:00,jellyfish,widest_path,switch_down,run_scenario_jellyfish_widest_path_switch_down_20260607_084642,h0,jellyfish/widest_path/switch_down/run_scenario_jellyfish_widest_path_switch_down_20260607_084642/h0.pcap,00:00:00:00:00:01,00:00:00:00:02:01,10.0.0.1,10.0.0.3,TCP,44850,5201,96
2026-06-07T08:59:10.354823+00:00,jellyfish,widest_path,switch_down,run_scenario_jellyfish_widest_path_switch_down_20260607_084642,h0,jellyfish/widest_path/switch_down/run_scenario_jellyfish_widest_path_switch_down_20260607_084642/h0.pcap,00:00:00:00:02:01,00:00:00:00:00:01,10.0.0.3,10.0.0.1,TCP,5201,44850,66
2026-06-07T08:59:10.360236+00:00,jellyfish,widest_path,switch_down,run_scenario_jellyfish_widest_path_switch_down_20260607_084642,h0,jellyfish/widest_path/switch_down/run_scenario_jellyfish_widest_path_switch_down_20260607_084642/h0.pcap,00:00:00:00:00:01,00:00:00:00:02:01,10.0.0.1,10.0.0.3,TCP,44850,5201,96
2026-06-07T08:59:10.360321+00:00,jellyfish,widest_path,switch_down,run_scenario_jellyfish_widest_path_switch_down_20260607_084642,h0,jellyfish/widest_path/switch_down/run_scenario_jellyfish_widest_path_switch_down_20260607_084642/h0.pcap,00:00:00:00:02:01,00:00:00:00:00:01,10.0.0.3,10.0.0.1,TCP,5201,44850,66
2026-06-07T08:59:10.365701+00:00,jellyfish,widest_path,switch_down,run_scenario_jellyfish_widest_path_switch_down_20260607_084642,h0,jellyfish/widest_path/switch_down/run_scenario_jellyfish_widest_path_switch_down_20260607_084642/h0.pcap,00:00:00:00:00:01,00:00:00:00:02:01,10.0.0.1,10.0.0.3,TCP,44850,5201,96
2026-06-07T08:59:10.365781+00:00,jellyfish,widest_path,switch_down,run_scenario_jellyfish_widest_path_switch_down_20260607_084642,h0,jellyfish/widest_path/switch_down/run_scenario_jellyfish_widest_path_switch_down_20260607_084642/h0.pcap,00:00:00:00:02:01,00:00:00:00:00:01,10.0.0.3,10.0.0.1,TCP,5201,44850,66
2026-06-07T08:59:10.371112+00:00,jellyfish,widest_path,switch_down,run_scenario_jellyfish_widest_path_switch_down_20260607_084642,h0,jellyfish/widest_path/switch_down/run_scenario_jellyfish_widest_path_switch_down_20260607_084642/h0.pcap,00:00:00:00:00:01,00:00:00:00:02:01,10.0.0.1,10.0.0.3,TCP,44850,5201,96
2026-06-07T08:59:10.371200+00:00,jellyfish,widest_path,switch_down,run_scenario_jellyfish_widest_path_switch_down_20260607_084642,h0,jellyfish/widest_path/switch_down/run_scenario_jellyfish_widest_path_switch_down_20260607_084642/h0.pcap,00:00:00:00:02:01,00:00:00:00:00:01,10.0.0.3,10.0.0.1,TCP,5201,44850,66
2026-06-07T08:59:10.376561+00:00,jellyfish,widest_path,switch_down,run_scenario_jellyfish_widest_path_switch_down_20260607_084642,h0,jellyfish/widest_path/switch_down/run_scenario_jellyfish_widest_path_switch_down_20260607_084642/h0.pcap,00:00:00:00:00:01,00:00:00:00:02:01,10.0.0.1,10.0.0.3,TCP,44850,5201,96
2026-06-07T08:59:10.376644+00:00,jellyfish,widest_path,switch_down,run_scenario_jellyfish_widest_path_switch_down_20260607_084642,h0,jellyfish/widest_path/switch_down/run_scenario_jellyfish_widest_path_switch_down_20260607_084642/h0.pcap,00:00:00:00:02:01,00:00:00:00:00:01,10.0.0.3,10.0.0.1,TCP,5201,44850,66
2026-06-07T08:59:10.381992+00:00,jellyfish,widest_path,switch_down,run_scenario_jellyfish_widest_path_switch_down_20260607_084642,h0,jellyfish/widest_path/switch_down/run_scenario_jellyfish_widest_path_switch_down_20260607_084642/h0.pcap,00:00:00:00:00:01,00:00:00:00:02:01,10.0.0.1,10.0.0.3,TCP,44850,5201,96
2026-06-07T08:59:10.382098+00:00,jellyfish,widest_path,switch_down,run_scenario_jellyfish_widest_path_switch_down_20260607_084642,h0,jellyfish/widest_path/switch_down/run_scenario_jellyfish_widest_path_switch_down_20260607_084642/h0.pcap,00:00:00:00:02:01,00:00:00:00:00:01,10.0.0.3,10.0.0.1,TCP,5201,44850,66
2026-06-07T08:59:10.387470+00:00,jellyfish,widest_path,switch_down,run_scenario_jellyfish_widest_path_switch_down_20260607_084642,h0,jellyfish/widest_path/switch_down/run_scenario_jellyfish_widest_path_switch_down_20260607_084642/h0.pcap,00:00:00:00:00:01,00:00:00:00:02:01,10.0.0.1,10.0.0.3,TCP,44850,5201,96
2026-06-07T08:59:10.387559+00:00,jellyfish,widest_path,switch_down,run_scenario_jellyfish_widest_path_switch_down_20260607_084642,h0,jellyfish/widest_path/switch_down/run_scenario_jellyfish_widest_path_switch_down_20260607_084642/h0.pcap,00:00:00:00:02:01,00:00:00:00:00:01,10.0.0.3,10.0.0.1,TCP,5201,44850,66
2026-06-07T08:59:10.392944+00:00,jellyfish,widest_path,switch_down,run_scenario_jellyfish_widest_path_switch_down_20260607_084642,h0,jellyfish/widest_path/switch_down/run_scenario_jellyfish_widest_path_switch_down_20260607_084642/h0.pcap,00:00:00:00:00:01,00:00:00:00:02:01,10.0.0.1,10.0.0.3,TCP,44850,5201,96
2026-06-07T08:59:10.393016+00:00,jellyfish,widest_path,switch_down,run_scenario_jellyfish_widest_path_switch_down_20260607_084642,h0,jellyfish/widest_path/switch_down/run_scenario_jellyfish_widest_path_switch_down_20260607_084642/h0.pcap,00:00:00:00:02:01,00:00:00:00:00:01,10.0.0.3,10.0.0.1,TCP,5201,44850,66
2026-06-07T08:59:10.398441+00:00,jellyfish,widest_path,switch_down,run_scenario_jellyfish_widest_path_switch_down_20260607_084642,h0,jellyfish/widest_path/switch_down/run_scenario_jellyfish_widest_path_switch_down_20260607_084642/h0.pcap,00:00:00:00:00:01,00:00:00:00:02:01,10.0.0.1,10.0.0.3,TCP,44850,5201,96
2026-06-07T08:59:10.398552+00:00,jellyfish,widest_path,switch_down,run_scenario_jellyfish_widest_path_switch_down_20260607_084642,h0,jellyfish/widest_path/switch_down/run_scenario_jellyfish_widest_path_switch_down_20260607_084642/h0.pcap,00:00:00:00:02:01,00:00:00:00:00:01,10.0.0.3,10.0.0.1,TCP,5201,44850,66
2026-06-07T08:59:10.403810+00:00,jellyfish,widest_path,switch_down,run_scenario_jellyfish_widest_path_switch_down_20260607_084642,h0,jellyfish/widest_path/switch_down/run_scenario_jellyfish_widest_path_switch_down_20260607_084642/h0.pcap,00:00:00:00:00:01,00:00:00:00:02:01,10.0.0.1,10.0.0.3,TCP,44850,5201,96
2026-06-07T08:59:10.403894+00:00,jellyfish,widest_path,switch_down,run_scenario_jellyfish_widest_path_switch_down_20260607_084642,h0,jellyfish/widest_path/switch_down/run_scenario_jellyfish_widest_path_switch_down_20260607_084642/h0.pcap,00:00:00:00:02:01,00:00:00:00:00:01,10.0.0.3,10.0.0.1,TCP,5201,44850,66
2026-06-07T08:59:10.409246+00:00,jellyfish,widest_path,switch_down,run_scenario_jellyfish_widest_path_switch_down_20260607_084642,h0,jellyfish/widest_path/switch_down/run_scenario_jellyfish_widest_path_switch_down_20260607_084642/h0.pcap,00:00:00:00:00:01,00:00:00:00:02:01,10.0.0.1,10.0.0.3,TCP,44850,5201,96
2026-06-07T08:59:10.409345+00:00,jellyfish,widest_path,switch_down,run_scenario_jellyfish_widest_path_switch_down_20260607_084642,h0,jellyfish/widest_path/switch_down/run_scenario_jellyfish_widest_path_switch_down_20260607_084642/h0.pcap,00:00:00:00:02:01,00:00:00:00:00:01,10.0.0.3,10.0.0.1,TCP,5201,44850,66
2026-06-07T08:59:10.414716+00:00,jellyfish,widest_path,switch_down,run_scenario_jellyfish_widest_path_switch_down_20260607_084642,h0,jellyfish/widest_path/switch_down/run_scenario_jellyfish_widest_path_switch_down_20260607_084642/h0.pcap,00:00:00:00:00:01,00:00:00:00:02:01,10.0.0.1,10.0.0.3,TCP,44850,5201,96
2026-06-07T08:59:10.414788+00:00,jellyfish,widest_path,switch_down,run_scenario_jellyfish_widest_path_switch_down_20260607_084642,h0,jellyfish/widest_path/switch_down/run_scenario_jellyfish_widest_path_switch_down_20260607_084642/h0.pcap,00:00:00:00:02:01,00:00:00:00:00:01,10.0.0.3,10.0.0.1,TCP,5201,44850,66
2026-06-07T08:59:10.420154+00:00,jellyfish,widest_path,switch_down,run_scenario_jellyfish_widest_path_switch_down_20260607_084642,h0,jellyfish/widest_path/switch_down/run_scenario_jellyfish_widest_path_switch_down_20260607_084642/h0.pcap,00:00:00:00:00:01,00:00:00:00:02:01,10.0.0.1,10.0.0.3,TCP,44850,5201,96
2026-06-07T08:59:10.420244+00:00,jellyfish,widest_path,switch_down,run_scenario_jellyfish_widest_path_switch_down_20260607_084642,h0,jellyfish/widest_path/switch_down/run_scenario_jellyfish_widest_path_switch_down_20260607_084642/h0.pcap,00:00:00:00:02:01,00:00:00:00:00:01,10.0.0.3,10.0.0.1,TCP,5201,44850,66
2026-06-07T08:59:10.425597+00:00,jellyfish,widest_path,switch_down,run_scenario_jellyfish_widest_path_switch_down_20260607_084642,h0,jellyfish/widest_path/switch_down/run_scenario_jellyfish_widest_path_switch_down_20260607_084642/h0.pcap,00:00:00:00:00:01,00:00:00:00:02:01,10.0.0.1,10.0.0.3,TCP,44850,5201,96
2026-06-07T08:59:10.425731+00:00,jellyfish,widest_path,switch_down,run_scenario_jellyfish_widest_path_switch_down_20260607_084642,h0,jellyfish/widest_path/switch_down/run_scenario_jellyfish_widest_path_switch_down_20260607_084642/h0.pcap,00:00:00:00:02:01,00:00:00:00:00:01,10.0.0.3,10.0.0.1,TCP,5201,44850,66
2026-06-07T08:59:10.431062+00:00,jellyfish,widest_path,switch_down,run_scenario_jellyfish_widest_path_switch_down_20260607_084642,h0,jellyfish/widest_path/switch_down/run_scenario_jellyfish_widest_path_switch_down_20260607_084642/h0.pcap,00:00:00:00:00:01,00:00:00:00:02:01,10.0.0.1,10.0.0.3,TCP,44850,5201,96
2026-06-07T08:59:10.431149+00:00,jellyfish,widest_path,switch_down,run_scenario_jellyfish_widest_path_switch_down_20260607_084642,h0,jellyfish/widest_path/switch_down/run_scenario_jellyfish_widest_path_switch_down_20260607_084642/h0.pcap,00:00:00:00:02:01,00:00:00:00:00:01,10.0.0.3,10.0.0.1,TCP,5201,44850,66
2026-06-07T08:59:10.436505+00:00,jellyfish,widest_path,switch_down,run_scenario_jellyfish_widest_path_switch_down_20260607_084642,h0,jellyfish/widest_path/switch_down/run_scenario_jellyfish_widest_path_switch_down_20260607_084642/h0.pcap,00:00:00:00:00:01,00:00:00:00:02:01,10.0.0.1,10.0.0.3,TCP,44850,5201,96
2026-06-07T08:59:10.436602+00:00,jellyfish,widest_path,switch_down,run_scenario_jellyfish_widest_path_switch_down_20260607_084642,h0,jellyfish/widest_path/switch_down/run_scenario_jellyfish_widest_path_switch_down_20260607_084642/h0.pcap,00:00:00:00:02:01,00:00:00:00:00:01,10.0.0.3,10.0.0.1,TCP,5201,44850,66
2026-06-07T08:59:10.441965+00:00,jellyfish,widest_path,switch_down,run_scenario_jellyfish_widest_path_switch_down_20260607_084642,h0,jellyfish/widest_path/switch_down/run_scenario_jellyfish_widest_path_switch_down_20260607_084642/h0.pcap,00:00:00:00:00:01,00:00:00:00:02:01,10.0.0.1,10.0.0.3,TCP,44850,5201,96
2026-06-07T08:59:10.442044+00:00,jellyfish,widest_path,switch_down,run_scenario_jellyfish_widest_path_switch_down_20260607_084642,h0,jellyfish/widest_path/switch_down/run_scenario_jellyfish_widest_path_switch_down_20260607_084642/h0.pcap,00:00:00:00:02:01,00:00:00:00:00:01,10.0.0.3,10.0.0.1,TCP,5201,44850,66
2026-06-07T08:59:10.447415+00:00,jellyfish,widest_path,switch_down,run_scenario_jellyfish_widest_path_switch_down_20260607_084642,h0,jellyfish/widest_path/switch_down/run_scenario_jellyfish_widest_path_switch_down_20260607_084642/h0.pcap,00:00:00:00:00:01,00:00:00:00:02:01,10.0.0.1,10.0.0.3,TCP,44850,5201,96
2026-06-07T08:59:10.447515+00:00,jellyfish,widest_path,switch_down,run_scenario_jellyfish_widest_path_switch_down_20260607_084642,h0,jellyfish/widest_path/switch_down/run_scenario_jellyfish_widest_path_switch_down_20260607_084642/h0.pcap,00:00:00:00:02:01,00:00:00:00:00:01,10.0.0.3,10.0.0.1,TCP,5201,44850,66
2026-06-07T08:59:10.452852+00:00,jellyfish,widest_path,switch_down,run_scenario_jellyfish_widest_path_switch_down_20260607_084642,h0,jellyfish/widest_path/switch_down/run_scenario_jellyfish_widest_path_switch_down_20260607_084642/h0.pcap,00:00:00:00:00:01,00:00:00:00:02:01,10.0.0.1,10.0.0.3,TCP,44850,5201,96
2026-06-07T08:59:10.452948+00:00,jellyfish,widest_path,switch_down,run_scenario_jellyfish_widest_path_switch_down_20260607_084642,h0,jellyfish/widest_path/switch_down/run_scenario_jellyfish_widest_path_switch_down_20260607_084642/h0.pcap,00:00:00:00:02:01,00:00:00:00:00:01,10.0.0.3,10.0.0.1,TCP,5201,44850,66
2026-06-07T08:59:10.458322+00:00,jellyfish,widest_path,switch_down,run_scenario_jellyfish_widest_path_switch_down_20260607_084642,h0,jellyfish/widest_path/switch_down/run_scenario_jellyfish_widest_path_switch_down_20260607_084642/h0.pcap,00:00:00:00:00:01,00:00:00:00:02:01,10.0.0.1,10.0.0.3,TCP,44850,5201,96
2026-06-07T08:59:10.458383+00:00,jellyfish,widest_path,switch_down,run_scenario_jellyfish_widest_path_switch_down_20260607_084642,h0,jellyfish/widest_path/switch_down/run_scenario_jellyfish_widest_path_switch_down_20260607_084642/h0.pcap,00:00:00:00:02:01,00:00:00:00:00:01,10.0.0.3,10.0.0.1,TCP,5201,44850,66
2026-06-07T08:59:10.463858+00:00,jellyfish,widest_path,switch_down,run_scenario_jellyfish_widest_path_switch_down_20260607_084642,h0,jellyfish/widest_path/switch_down/run_scenario_jellyfish_widest_path_switch_down_20260607_084642/h0.pcap,00:00:00:00:00:01,00:00:00:00:02:01,10.0.0.1,10.0.0.3,TCP,44850,5201,96
2026-06-07T08:59:10.464012+00:00,jellyfish,widest_path,switch_down,run_scenario_jellyfish_widest_path_switch_down_20260607_084642,h0,jellyfish/widest_path/switch_down/run_scenario_jellyfish_widest_path_switch_down_20260607_084642/h0.pcap,00:00:00:00:02:01,00:00:00:00:00:01,10.0.0.3,10.0.0.1,TCP,5201,44850,66
2026-06-07T08:59:10.469225+00:00,jellyfish,widest_path,switch_down,run_scenario_jellyfish_widest_path_switch_down_20260607_084642,h0,jellyfish/widest_path/switch_down/run_scenario_jellyfish_widest_path_switch_down_20260607_084642/h0.pcap,00:00:00:00:00:01,00:00:00:00:02:01,10.0.0.1,10.0.0.3,TCP,44850,5201,96
2026-06-07T08:59:10.469396+00:00,jellyfish,widest_path,switch_down,run_scenario_jellyfish_widest_path_switch_down_20260607_084642,h0,jellyfish/widest_path/switch_down/run_scenario_jellyfish_widest_path_switch_down_20260607_084642/h0.pcap,00:00:00:00:02:01,00:00:00:00:00:01,10.0.0.3,10.0.0.1,TCP,5201,44850,66
2026-06-07T08:59:10.474672+00:00,jellyfish,widest_path,switch_down,run_scenario_jellyfish_widest_path_switch_down_20260607_084642,h0,jellyfish/widest_path/switch_down/run_scenario_jellyfish_widest_path_switch_down_20260607_084642/h0.pcap,00:00:00:00:00:01,00:00:00:00:02:01,10.0.0.1,10.0.0.3,TCP,44850,5201,96
2026-06-07T08:59:10.474773+00:00,jellyfish,widest_path,switch_down,run_scenario_jellyfish_widest_path_switch_down_20260607_084642,h0,jellyfish/widest_path/switch_down/run_scenario_jellyfish_widest_path_switch_down_20260607_084642/h0.pcap,00:00:00:00:02:01,00:00:00:00:00:01,10.0.0.3,10.0.0.1,TCP,5201,44850,66
2026-06-07T08:59:10.480108+00:00,jellyfish,widest_path,switch_down,run_scenario_jellyfish_widest_path_switch_down_20260607_084642,h0,jellyfish/widest_path/switch_down/run_scenario_jellyfish_widest_path_switch_down_20260607_084642/h0.pcap,00:00:00:00:00:01,00:00:00:00:02:01,10.0.0.1,10.0.0.3,TCP,44850,5201,96
2026-06-07T08:59:10.480214+00:00,jellyfish,widest_path,switch_down,run_scenario_jellyfish_widest_path_switch_down_20260607_084642,h0,jellyfish/widest_path/switch_down/run_scenario_jellyfish_widest_path_switch_down_20260607_084642/h0.pcap,00:00:00:00:02:01,00:00:00:00:00:01,10.0.0.3,10.0.0.1,TCP,5201,44850,66
2026-06-07T08:59:10.485551+00:00,jellyfish,widest_path,switch_down,run_scenario_jellyfish_widest_path_switch_down_20260607_084642,h0,jellyfish/widest_path/switch_down/run_scenario_jellyfish_widest_path_switch_down_20260607_084642/h0.pcap,00:00:00:00:00:01,00:00:00:00:02:01,10.0.0.1,10.0.0.3,TCP,44850,5201,96
2026-06-07T08:59:10.485656+00:00,jellyfish,widest_path,switch_down,run_scenario_jellyfish_widest_path_switch_down_20260607_084642,h0,jellyfish/widest_path/switch_down/run_scenario_jellyfish_widest_path_switch_down_20260607_084642/h0.pcap,00:00:00:00:02:01,00:00:00:00:00:01,10.0.0.3,10.0.0.1,TCP,5201,44850,66
2026-06-07T08:59:10.491031+00:00,jellyfish,widest_path,switch_down,run_scenario_jellyfish_widest_path_switch_down_20260607_084642,h0,jellyfish/widest_path/switch_down/run_scenario_jellyfish_widest_path_switch_down_20260607_084642/h0.pcap,00:00:00:00:00:01,00:00:00:00:02:01,10.0.0.1,10.0.0.3,TCP,44850,5201,96
2026-06-07T08:59:10.491091+00:00,jellyfish,widest_path,switch_down,run_scenario_jellyfish_widest_path_switch_down_20260607_084642,h0,jellyfish/widest_path/switch_down/run_scenario_jellyfish_widest_path_switch_down_20260607_084642/h0.pcap,00:00:00:00:02:01,00:00:00:00:00:01,10.0.0.3,10.0.0.1,TCP,5201,44850,66
2026-06-07T08:59:10.496465+00:00,jellyfish,widest_path,switch_down,run_scenario_jellyfish_widest_path_switch_down_20260607_084642,h0,jellyfish/widest_path/switch_down/run_scenario_jellyfish_widest_path_switch_down_20260607_084642/h0.pcap,00:00:00:00:00:01,00:00:00:00:02:01,10.0.0.1,10.0.0.3,TCP,44850,5201,96
2026-06-07T08:59:10.496540+00:00,jellyfish,widest_path,switch_down,run_scenario_jellyfish_widest_path_switch_down_20260607_084642,h0,jellyfish/widest_path/switch_down/run_scenario_jellyfish_widest_path_switch_down_20260607_084642/h0.pcap,00:00:00:00:02:01,00:00:00:00:00:01,10.0.0.3,10.0.0.1,TCP,5201,44850,66
2026-06-07T08:59:10.501919+00:00,jellyfish,widest_path,switch_down,run_scenario_jellyfish_widest_path_switch_down_20260607_084642,h0,jellyfish/widest_path/switch_down/run_scenario_jellyfish_widest_path_switch_down_20260607_084642/h0.pcap,00:00:00:00:00:01,00:00:00:00:02:01,10.0.0.1,10.0.0.3,TCP,44850,5201,96
2026-06-07T08:59:10.501994+00:00,jellyfish,widest_path,switch_down,run_scenario_jellyfish_widest_path_switch_down_20260607_084642,h0,jellyfish/widest_path/switch_down/run_scenario_jellyfish_widest_path_switch_down_20260607_084642/h0.pcap,00:00:00:00:02:01,00:00:00:00:00:01,10.0.0.3,10.0.0.1,TCP,5201,44850,66
2026-06-07T08:59:10.507390+00:00,jellyfish,widest_path,switch_down,run_scenario_jellyfish_widest_path_switch_down_20260607_084642,h0,jellyfish/widest_path/switch_down/run_scenario_jellyfish_widest_path_switch_down_20260607_084642/h0.pcap,00:00:00:00:00:01,00:00:00:00:02:01,10.0.0.1,10.0.0.3,TCP,44850,5201,96
2026-06-07T08:59:10.507447+00:00,jellyfish,widest_path,switch_down,run_scenario_jellyfish_widest_path_switch_down_20260607_084642,h0,jellyfish/widest_path/switch_down/run_scenario_jellyfish_widest_path_switch_down_20260607_084642/h0.pcap,00:00:00:00:02:01,00:00:00:00:00:01,10.0.0.3,10.0.0.1,TCP,5201,44850,66
2026-06-07T08:59:10.512847+00:00,jellyfish,widest_path,switch_down,run_scenario_jellyfish_widest_path_switch_down_20260607_084642,h0,jellyfish/widest_path/switch_down/run_scenario_jellyfish_widest_path_switch_down_20260607_084642/h0.pcap,00:00:00:00:00:01,00:00:00:00:02:01,10.0.0.1,10.0.0.3,TCP,44850,5201,96
2026-06-07T08:59:10.513009+00:00,jellyfish,widest_path,switch_down,run_scenario_jellyfish_widest_path_switch_down_20260607_084642,h0,jellyfish/widest_path/switch_down/run_scenario_jellyfish_widest_path_switch_down_20260607_084642/h0.pcap,00:00:00:00:02:01,00:00:00:00:00:01,10.0.0.3,10.0.0.1,TCP,5201,44850,66
2026-06-07T08:59:10.518277+00:00,jellyfish,widest_path,switch_down,run_scenario_jellyfish_widest_path_switch_down_20260607_084642,h0,jellyfish/widest_path/switch_down/run_scenario_jellyfish_widest_path_switch_down_20260607_084642/h0.pcap,00:00:00:00:00:01,00:00:00:00:02:01,10.0.0.1,10.0.0.3,TCP,44850,5201,96
2026-06-07T08:59:10.518355+00:00,jellyfish,widest_path,switch_down,run_scenario_jellyfish_widest_path_switch_down_20260607_084642,h0,jellyfish/widest_path/switch_down/run_scenario_jellyfish_widest_path_switch_down_20260607_084642/h0.pcap,00:00:00:00:02:01,00:00:00:00:00:01,10.0.0.3,10.0.0.1,TCP,5201,44850,66
2026-06-07T08:59:10.523714+00:00,jellyfish,widest_path,switch_down,run_scenario_jellyfish_widest_path_switch_down_20260607_084642,h0,jellyfish/widest_path/switch_down/run_scenario_jellyfish_widest_path_switch_down_20260607_084642/h0.pcap,00:00:00:00:00:01,00:00:00:00:02:01,10.0.0.1,10.0.0.3,TCP,44850,5201,96
2026-06-07T08:59:10.523791+00:00,jellyfish,widest_path,switch_down,run_scenario_jellyfish_widest_path_switch_down_20260607_084642,h0,jellyfish/widest_path/switch_down/run_scenario_jellyfish_widest_path_switch_down_20260607_084642/h0.pcap,00:00:00:00:02:01,00:00:00:00:00:01,10.0.0.3,10.0.0.1,TCP,5201,44850,66
2026-06-07T08:59:10.529227+00:00,jellyfish,widest_path,switch_down,run_scenario_jellyfish_widest_path_switch_down_20260607_084642,h0,jellyfish/widest_path/switch_down/run_scenario_jellyfish_widest_path_switch_down_20260607_084642/h0.pcap,00:00:00:00:00:01,00:00:00:00:02:01,10.0.0.1,10.0.0.3,TCP,44850,5201,96
2026-06-07T08:59:10.529361+00:00,jellyfish,widest_path,switch_down,run_scenario_jellyfish_widest_path_switch_down_20260607_084642,h0,jellyfish/widest_path/switch_down/run_scenario_jellyfish_widest_path_switch_down_20260607_084642/h0.pcap,00:00:00:00:02:01,00:00:00:00:00:01,10.0.0.3,10.0.0.1,TCP,5201,44850,66
2026-06-07T08:59:10.534616+00:00,jellyfish,widest_path,switch_down,run_scenario_jellyfish_widest_path_switch_down_20260607_084642,h0,jellyfish/widest_path/switch_down/run_scenario_jellyfish_widest_path_switch_down_20260607_084642/h0.pcap,00:00:00:00:00:01,00:00:00:00:02:01,10.0.0.1,10.0.0.3,TCP,44850,5201,96
2026-06-07T08:59:10.534683+00:00,jellyfish,widest_path,switch_down,run_scenario_jellyfish_widest_path_switch_down_20260607_084642,h0,jellyfish/widest_path/switch_down/run_scenario_jellyfish_widest_path_switch_down_20260607_084642/h0.pcap,00:00:00:00:02:01,00:00:00:00:00:01,10.0.0.3,10.0.0.1,TCP,5201,44850,66
2026-06-07T08:59:10.540099+00:00,jellyfish,widest_path,switch_down,run_scenario_jellyfish_widest_path_switch_down_20260607_084642,h0,jellyfish/widest_path/switch_down/run_scenario_jellyfish_widest_path_switch_down_20260607_084642/h0.pcap,00:00:00:00:00:01,00:00:00:00:02:01,10.0.0.1,10.0.0.3,TCP,44850,5201,96
2026-06-07T08:59:10.540204+00:00,jellyfish,widest_path,switch_down,run_scenario_jellyfish_widest_path_switch_down_20260607_084642,h0,jellyfish/widest_path/switch_down/run_scenario_jellyfish_widest_path_switch_down_20260607_084642/h0.pcap,00:00:00:00:02:01,00:00:00:00:00:01,10.0.0.3,10.0.0.1,TCP,5201,44850,66
2026-06-07T08:59:10.545927+00:00,jellyfish,widest_path,switch_down,run_scenario_jellyfish_widest_path_switch_down_20260607_084642,h0,jellyfish/widest_path/switch_down/run_scenario_jellyfish_widest_path_switch_down_20260607_084642/h0.pcap,00:00:00:00:00:01,00:00:00:00:02:01,10.0.0.1,10.0.0.3,TCP,44850,5201,96
2026-06-07T08:59:10.546062+00:00,jellyfish,widest_path,switch_down,run_scenario_jellyfish_widest_path_switch_down_20260607_084642,h0,jellyfish/widest_path/switch_down/run_scenario_jellyfish_widest_path_switch_down_20260607_084642/h0.pcap,00:00:00:00:02:01,00:00:00:00:00:01,10.0.0.3,10.0.0.1,TCP,5201,44850,66
2026-06-07T08:59:10.551478+00:00,jellyfish,widest_path,switch_down,run_scenario_jellyfish_widest_path_switch_down_20260607_084642,h0,jellyfish/widest_path/switch_down/run_scenario_jellyfish_widest_path_switch_down_20260607_084642/h0.pcap,00:00:00:00:00:01,00:00:00:00:02:01,10.0.0.1,10.0.0.3,TCP,44850,5201,96
2026-06-07T08:59:10.551614+00:00,jellyfish,widest_path,switch_down,run_scenario_jellyfish_widest_path_switch_down_20260607_084642,h0,jellyfish/widest_path/switch_down/run_scenario_jellyfish_widest_path_switch_down_20260607_084642/h0.pcap,00:00:00:00:02:01,00:00:00:00:00:01,10.0.0.3,10.0.0.1,TCP,5201,44850,66
2026-06-07T08:59:10.556828+00:00,jellyfish,widest_path,switch_down,run_scenario_jellyfish_widest_path_switch_down_20260607_084642,h0,jellyfish/widest_path/switch_down/run_scenario_jellyfish_widest_path_switch_down_20260607_084642/h0.pcap,00:00:00:00:00:01,00:00:00:00:02:01,10.0.0.1,10.0.0.3,TCP,44850,5201,96
2026-06-07T08:59:10.556939+00:00,jellyfish,widest_path,switch_down,run_scenario_jellyfish_widest_path_switch_down_20260607_084642,h0,jellyfish/widest_path/switch_down/run_scenario_jellyfish_widest_path_switch_down_20260607_084642/h0.pcap,00:00:00:00:02:01,00:00:00:00:00:01,10.0.0.3,10.0.0.1,TCP,5201,44850,66
2026-06-07T08:59:10.562298+00:00,jellyfish,widest_path,switch_down,run_scenario_jellyfish_widest_path_switch_down_20260607_084642,h0,jellyfish/widest_path/switch_down/run_scenario_jellyfish_widest_path_switch_down_20260607_084642/h0.pcap,00:00:00:00:00:01,00:00:00:00:02:01,10.0.0.1,10.0.0.3,TCP,44850,5201,96
2026-06-07T08:59:10.562408+00:00,jellyfish,widest_path,switch_down,run_scenario_jellyfish_widest_path_switch_down_20260607_084642,h0,jellyfish/widest_path/switch_down/run_scenario_jellyfish_widest_path_switch_down_20260607_084642/h0.pcap,00:00:00:00:02:01,00:00:00:00:00:01,10.0.0.3,10.0.0.1,TCP,5201,44850,66
2026-06-07T08:59:10.567723+00:00,jellyfish,widest_path,switch_down,run_scenario_jellyfish_widest_path_switch_down_20260607_084642,h0,jellyfish/widest_path/switch_down/run_scenario_jellyfish_widest_path_switch_down_20260607_084642/h0.pcap,00:00:00:00:00:01,00:00:00:00:02:01,10.0.0.1,10.0.0.3,TCP,44850,5201,96
2026-06-07T08:59:10.567814+00:00,jellyfish,widest_path,switch_down,run_scenario_jellyfish_widest_path_switch_down_20260607_084642,h0,jellyfish/widest_path/switch_down/run_scenario_jellyfish_widest_path_switch_down_20260607_084642/h0.pcap,00:00:00:00:02:01,00:00:00:00:00:01,10.0.0.3,10.0.0.1,TCP,5201,44850,66
2026-06-07T08:59:10.573190+00:00,jellyfish,widest_path,switch_down,run_scenario_jellyfish_widest_path_switch_down_20260607_084642,h0,jellyfish/widest_path/switch_down/run_scenario_jellyfish_widest_path_switch_down_20260607_084642/h0.pcap,00:00:00:00:00:01,00:00:00:00:02:01,10.0.0.1,10.0.0.3,TCP,44850,5201,96
2026-06-07T08:59:10.573300+00:00,jellyfish,widest_path,switch_down,run_scenario_jellyfish_widest_path_switch_down_20260607_084642,h0,jellyfish/widest_path/switch_down/run_scenario_jellyfish_widest_path_switch_down_20260607_084642/h0.pcap,00:00:00:00:02:01,00:00:00:00:00:01,10.0.0.3,10.0.0.1,TCP,5201,44850,66
2026-06-07T08:59:10.578646+00:00,jellyfish,widest_path,switch_down,run_scenario_jellyfish_widest_path_switch_down_20260607_084642,h0,jellyfish/widest_path/switch_down/run_scenario_jellyfish_widest_path_switch_down_20260607_084642/h0.pcap,00:00:00:00:00:01,00:00:00:00:02:01,10.0.0.1,10.0.0.3,TCP,44850,5201,96
2026-06-07T08:59:10.578753+00:00,jellyfish,widest_path,switch_down,run_scenario_jellyfish_widest_path_switch_down_20260607_084642,h0,jellyfish/widest_path/switch_down/run_scenario_jellyfish_widest_path_switch_down_20260607_084642/h0.pcap,00:00:00:00:02:01,00:00:00:00:00:01,10.0.0.3,10.0.0.1,TCP,5201,44850,66
2026-06-07T08:59:10.584385+00:00,jellyfish,widest_path,switch_down,run_scenario_jellyfish_widest_path_switch_down_20260607_084642,h0,jellyfish/widest_path/switch_down/run_scenario_jellyfish_widest_path_switch_down_20260607_084642/h0.pcap,00:00:00:00:00:01,00:00:00:00:02:01,10.0.0.1,10.0.0.3,TCP,44850,5201,96
2026-06-07T08:59:10.584525+00:00,jellyfish,widest_path,switch_down,run_scenario_jellyfish_widest_path_switch_down_20260607_084642,h0,jellyfish/widest_path/switch_down/run_scenario_jellyfish_widest_path_switch_down_20260607_084642/h0.pcap,00:00:00:00:02:01,00:00:00:00:00:01,10.0.0.3,10.0.0.1,TCP,5201,44850,66
2026-06-07T08:59:10.590037+00:00,jellyfish,widest_path,switch_down,run_scenario_jellyfish_widest_path_switch_down_20260607_084642,h0,jellyfish/widest_path/switch_down/run_scenario_jellyfish_widest_path_switch_down_20260607_084642/h0.pcap,00:00:00:00:00:01,00:00:00:00:02:01,10.0.0.1,10.0.0.3,TCP,44850,5201,96
2026-06-07T08:59:10.590147+00:00,jellyfish,widest_path,switch_down,run_scenario_jellyfish_widest_path_switch_down_20260607_084642,h0,jellyfish/widest_path/switch_down/run_scenario_jellyfish_widest_path_switch_down_20260607_084642/h0.pcap,00:00:00:00:02:01,00:00:00:00:00:01,10.0.0.3,10.0.0.1,TCP,5201,44850,66
2026-06-07T08:59:10.595559+00:00,jellyfish,widest_path,switch_down,run_scenario_jellyfish_widest_path_switch_down_20260607_084642,h0,jellyfish/widest_path/switch_down/run_scenario_jellyfish_widest_path_switch_down_20260607_084642/h0.pcap,00:00:00:00:00:01,00:00:00:00:02:01,10.0.0.1,10.0.0.3,TCP,44850,5201,96
2026-06-07T08:59:10.595825+00:00,jellyfish,widest_path,switch_down,run_scenario_jellyfish_widest_path_switch_down_20260607_084642,h0,jellyfish/widest_path/switch_down/run_scenario_jellyfish_widest_path_switch_down_20260607_084642/h0.pcap,00:00:00:00:02:01,00:00:00:00:00:01,10.0.0.3,10.0.0.1,TCP,5201,44850,66
2026-06-07T08:59:10.600933+00:00,jellyfish,widest_path,switch_down,run_scenario_jellyfish_widest_path_switch_down_20260607_084642,h0,jellyfish/widest_path/switch_down/run_scenario_jellyfish_widest_path_switch_down_20260607_084642/h0.pcap,00:00:00:00:00:01,00:00:00:00:02:01,10.0.0.1,10.0.0.3,TCP,44850,5201,96
2026-06-07T08:59:10.601041+00:00,jellyfish,widest_path,switch_down,run_scenario_jellyfish_widest_path_switch_down_20260607_084642,h0,jellyfish/widest_path/switch_down/run_scenario_jellyfish_widest_path_switch_down_20260607_084642/h0.pcap,00:00:00:00:02:01,00:00:00:00:00:01,10.0.0.3,10.0.0.1,TCP,5201,44850,66
2026-06-07T08:59:10.606608+00:00,jellyfish,widest_path,switch_down,run_scenario_jellyfish_widest_path_switch_down_20260607_084642,h0,jellyfish/widest_path/switch_down/run_scenario_jellyfish_widest_path_switch_down_20260607_084642/h0.pcap,00:00:00:00:00:01,00:00:00:00:02:01,10.0.0.1,10.0.0.3,TCP,44850,5201,96
2026-06-07T08:59:10.606717+00:00,jellyfish,widest_path,switch_down,run_scenario_jellyfish_widest_path_switch_down_20260607_084642,h0,jellyfish/widest_path/switch_down/run_scenario_jellyfish_widest_path_switch_down_20260607_084642/h0.pcap,00:00:00:00:02:01,00:00:00:00:00:01,10.0.0.3,10.0.0.1,TCP,5201,44850,66
2026-06-07T08:59:10.611974+00:00,jellyfish,widest_path,switch_down,run_scenario_jellyfish_widest_path_switch_down_20260607_084642,h0,jellyfish/widest_path/switch_down/run_scenario_jellyfish_widest_path_switch_down_20260607_084642/h0.pcap,00:00:00:00:00:01,00:00:00:00:02:01,10.0.0.1,10.0.0.3,TCP,44850,5201,96
2026-06-07T08:59:10.612125+00:00,jellyfish,widest_path,switch_down,run_scenario_jellyfish_widest_path_switch_down_20260607_084642,h0,jellyfish/widest_path/switch_down/run_scenario_jellyfish_widest_path_switch_down_20260607_084642/h0.pcap,00:00:00:00:02:01,00:00:00:00:00:01,10.0.0.3,10.0.0.1,TCP,5201,44850,66
2026-06-07T08:59:10.617406+00:00,jellyfish,widest_path,switch_down,run_scenario_jellyfish_widest_path_switch_down_20260607_084642,h0,jellyfish/widest_path/switch_down/run_scenario_jellyfish_widest_path_switch_down_20260607_084642/h0.pcap,00:00:00:00:00:01,00:00:00:00:02:01,10.0.0.1,10.0.0.3,TCP,44850,5201,96
2026-06-07T08:59:10.617514+00:00,jellyfish,widest_path,switch_down,run_scenario_jellyfish_widest_path_switch_down_20260607_084642,h0,jellyfish/widest_path/switch_down/run_scenario_jellyfish_widest_path_switch_down_20260607_084642/h0.pcap,00:00:00:00:02:01,00:00:00:00:00:01,10.0.0.3,10.0.0.1,TCP,5201,44850,66
2026-06-07T08:59:10.623140+00:00,jellyfish,widest_path,switch_down,run_scenario_jellyfish_widest_path_switch_down_20260607_084642,h0,jellyfish/widest_path/switch_down/run_scenario_jellyfish_widest_path_switch_down_20260607_084642/h0.pcap,00:00:00:00:00:01,00:00:00:00:02:01,10.0.0.1,10.0.0.3,TCP,44850,5201,96
2026-06-07T08:59:10.623250+00:00,jellyfish,widest_path,switch_down,run_scenario_jellyfish_widest_path_switch_down_20260607_084642,h0,jellyfish/widest_path/switch_down/run_scenario_jellyfish_widest_path_switch_down_20260607_084642/h0.pcap,00:00:00:00:02:01,00:00:00:00:00:01,10.0.0.3,10.0.0.1,TCP,5201,44850,66
2026-06-07T08:59:10.628525+00:00,jellyfish,widest_path,switch_down,run_scenario_jellyfish_widest_path_switch_down_20260607_084642,h0,jellyfish/widest_path/switch_down/run_scenario_jellyfish_widest_path_switch_down_20260607_084642/h0.pcap,00:00:00:00:00:01,00:00:00:00:02:01,10.0.0.1,10.0.0.3,TCP,44850,5201,96
2026-06-07T08:59:10.628634+00:00,jellyfish,widest_path,switch_down,run_scenario_jellyfish_widest_path_switch_down_20260607_084642,h0,jellyfish/widest_path/switch_down/run_scenario_jellyfish_widest_path_switch_down_20260607_084642/h0.pcap,00:00:00:00:02:01,00:00:00:00:00:01,10.0.0.3,10.0.0.1,TCP,5201,44850,66
2026-06-07T08:59:10.634138+00:00,jellyfish,widest_path,switch_down,run_scenario_jellyfish_widest_path_switch_down_20260607_084642,h0,jellyfish/widest_path/switch_down/run_scenario_jellyfish_widest_path_switch_down_20260607_084642/h0.pcap,00:00:00:00:00:01,00:00:00:00:02:01,10.0.0.1,10.0.0.3,TCP,44850,5201,96
2026-06-07T08:59:10.634269+00:00,jellyfish,widest_path,switch_down,run_scenario_jellyfish_widest_path_switch_down_20260607_084642,h0,jellyfish/widest_path/switch_down/run_scenario_jellyfish_widest_path_switch_down_20260607_084642/h0.pcap,00:00:00:00:02:01,00:00:00:00:00:01,10.0.0.3,10.0.0.1,TCP,5201,44850,66
2026-06-07T08:59:10.639502+00:00,jellyfish,widest_path,switch_down,run_scenario_jellyfish_widest_path_switch_down_20260607_084642,h0,jellyfish/widest_path/switch_down/run_scenario_jellyfish_widest_path_switch_down_20260607_084642/h0.pcap,00:00:00:00:00:01,00:00:00:00:02:01,10.0.0.1,10.0.0.3,TCP,44850,5201,96
2026-06-07T08:59:10.639686+00:00,jellyfish,widest_path,switch_down,run_scenario_jellyfish_widest_path_switch_down_20260607_084642,h0,jellyfish/widest_path/switch_down/run_scenario_jellyfish_widest_path_switch_down_20260607_084642/h0.pcap,00:00:00:00:02:01,00:00:00:00:00:01,10.0.0.3,10.0.0.1,TCP,5201,44850,66
2026-06-07T08:59:10.645398+00:00,jellyfish,widest_path,switch_down,run_scenario_jellyfish_widest_path_switch_down_20260607_084642,h0,jellyfish/widest_path/switch_down/run_scenario_jellyfish_widest_path_switch_down_20260607_084642/h0.pcap,00:00:00:00:00:01,00:00:00:00:02:01,10.0.0.1,10.0.0.3,TCP,44850,5201,96
2026-06-07T08:59:10.645537+00:00,jellyfish,widest_path,switch_down,run_scenario_jellyfish_widest_path_switch_down_20260607_084642,h0,jellyfish/widest_path/switch_down/run_scenario_jellyfish_widest_path_switch_down_20260607_084642/h0.pcap,00:00:00:00:02:01,00:00:00:00:00:01,10.0.0.3,10.0.0.1,TCP,5201,44850,66
2026-06-07T08:59:10.650855+00:00,jellyfish,widest_path,switch_down,run_scenario_jellyfish_widest_path_switch_down_20260607_084642,h0,jellyfish/widest_path/switch_down/run_scenario_jellyfish_widest_path_switch_down_20260607_084642/h0.pcap,00:00:00:00:00:01,00:00:00:00:02:01,10.0.0.1,10.0.0.3,TCP,44850,5201,96
2026-06-07T08:59:10.650989+00:00,jellyfish,widest_path,switch_down,run_scenario_jellyfish_widest_path_switch_down_20260607_084642,h0,jellyfish/widest_path/switch_down/run_scenario_jellyfish_widest_path_switch_down_20260607_084642/h0.pcap,00:00:00:00:02:01,00:00:00:00:00:01,10.0.0.3,10.0.0.1,TCP,5201,44850,66
2026-06-07T08:59:10.656217+00:00,jellyfish,widest_path,switch_down,run_scenario_jellyfish_widest_path_switch_down_20260607_084642,h0,jellyfish/widest_path/switch_down/run_scenario_jellyfish_widest_path_switch_down_20260607_084642/h0.pcap,00:00:00:00:00:01,00:00:00:00:02:01,10.0.0.1,10.0.0.3,TCP,44850,5201,96
2026-06-07T08:59:10.656325+00:00,jellyfish,widest_path,switch_down,run_scenario_jellyfish_widest_path_switch_down_20260607_084642,h0,jellyfish/widest_path/switch_down/run_scenario_jellyfish_widest_path_switch_down_20260607_084642/h0.pcap,00:00:00:00:02:01,00:00:00:00:00:01,10.0.0.3,10.0.0.1,TCP,5201,44850,66
2026-06-07T08:59:10.661649+00:00,jellyfish,widest_path,switch_down,run_scenario_jellyfish_widest_path_switch_down_20260607_084642,h0,jellyfish/widest_path/switch_down/run_scenario_jellyfish_widest_path_switch_down_20260607_084642/h0.pcap,00:00:00:00:00:01,00:00:00:00:02:01,10.0.0.1,10.0.0.3,TCP,44850,5201,96
2026-06-07T08:59:10.661865+00:00,jellyfish,widest_path,switch_down,run_scenario_jellyfish_widest_path_switch_down_20260607_084642,h0,jellyfish/widest_path/switch_down/run_scenario_jellyfish_widest_path_switch_down_20260607_084642/h0.pcap,00:00:00:00:02:01,00:00:00:00:00:01,10.0.0.3,10.0.0.1,TCP,5201,44850,66
2026-06-07T08:59:10.667110+00:00,jellyfish,widest_path,switch_down,run_scenario_jellyfish_widest_path_switch_down_20260607_084642,h0,jellyfish/widest_path/switch_down/run_scenario_jellyfish_widest_path_switch_down_20260607_084642/h0.pcap,00:00:00:00:00:01,00:00:00:00:02:01,10.0.0.1,10.0.0.3,TCP,44850,5201,96
2026-06-07T08:59:10.667294+00:00,jellyfish,widest_path,switch_down,run_scenario_jellyfish_widest_path_switch_down_20260607_084642,h0,jellyfish/widest_path/switch_down/run_scenario_jellyfish_widest_path_switch_down_20260607_084642/h0.pcap,00:00:00:00:02:01,00:00:00:00:00:01,10.0.0.3,10.0.0.1,TCP,5201,44850,66
2026-06-07T08:59:10.672557+00:00,jellyfish,widest_path,switch_down,run_scenario_jellyfish_widest_path_switch_down_20260607_084642,h0,jellyfish/widest_path/switch_down/run_scenario_jellyfish_widest_path_switch_down_20260607_084642/h0.pcap,00:00:00:00:00:01,00:00:00:00:02:01,10.0.0.1,10.0.0.3,TCP,44850,5201,96
2026-06-07T08:59:10.672705+00:00,jellyfish,widest_path,switch_down,run_scenario_jellyfish_widest_path_switch_down_20260607_084642,h0,jellyfish/widest_path/switch_down/run_scenario_jellyfish_widest_path_switch_down_20260607_084642/h0.pcap,00:00:00:00:02:01,00:00:00:00:00:01,10.0.0.3,10.0.0.1,TCP,5201,44850,66
2026-06-07T08:59:10.677986+00:00,jellyfish,widest_path,switch_down,run_scenario_jellyfish_widest_path_switch_down_20260607_084642,h0,jellyfish/widest_path/switch_down/run_scenario_jellyfish_widest_path_switch_down_20260607_084642/h0.pcap,00:00:00:00:00:01,00:00:00:00:02:01,10.0.0.1,10.0.0.3,TCP,44850,5201,96
2026-06-07T08:59:10.678079+00:00,jellyfish,widest_path,switch_down,run_scenario_jellyfish_widest_path_switch_down_20260607_084642,h0,jellyfish/widest_path/switch_down/run_scenario_jellyfish_widest_path_switch_down_20260607_084642/h0.pcap,00:00:00:00:02:01,00:00:00:00:00:01,10.0.0.3,10.0.0.1,TCP,5201,44850,66
2026-06-07T08:59:10.683441+00:00,jellyfish,widest_path,switch_down,run_scenario_jellyfish_widest_path_switch_down_20260607_084642,h0,jellyfish/widest_path/switch_down/run_scenario_jellyfish_widest_path_switch_down_20260607_084642/h0.pcap,00:00:00:00:00:01,00:00:00:00:02:01,10.0.0.1,10.0.0.3,TCP,44850,5201,96
2026-06-07T08:59:10.683508+00:00,jellyfish,widest_path,switch_down,run_scenario_jellyfish_widest_path_switch_down_20260607_084642,h0,jellyfish/widest_path/switch_down/run_scenario_jellyfish_widest_path_switch_down_20260607_084642/h0.pcap,00:00:00:00:02:01,00:00:00:00:00:01,10.0.0.3,10.0.0.1,TCP,5201,44850,66
2026-06-07T08:59:10.688882+00:00,jellyfish,widest_path,switch_down,run_scenario_jellyfish_widest_path_switch_down_20260607_084642,h0,jellyfish/widest_path/switch_down/run_scenario_jellyfish_widest_path_switch_down_20260607_084642/h0.pcap,00:00:00:00:00:01,00:00:00:00:02:01,10.0.0.1,10.0.0.3,TCP,44850,5201,96
2026-06-07T08:59:10.688990+00:00,jellyfish,widest_path,switch_down,run_scenario_jellyfish_widest_path_switch_down_20260607_084642,h0,jellyfish/widest_path/switch_down/run_scenario_jellyfish_widest_path_switch_down_20260607_084642/h0.pcap,00:00:00:00:02:01,00:00:00:00:00:01,10.0.0.3,10.0.0.1,TCP,5201,44850,66
2026-06-07T08:59:10.694330+00:00,jellyfish,widest_path,switch_down,run_scenario_jellyfish_widest_path_switch_down_20260607_084642,h0,jellyfish/widest_path/switch_down/run_scenario_jellyfish_widest_path_switch_down_20260607_084642/h0.pcap,00:00:00:00:00:01,00:00:00:00:02:01,10.0.0.1,10.0.0.3,TCP,44850,5201,96
2026-06-07T08:59:10.694449+00:00,jellyfish,widest_path,switch_down,run_scenario_jellyfish_widest_path_switch_down_20260607_084642,h0,jellyfish/widest_path/switch_down/run_scenario_jellyfish_widest_path_switch_down_20260607_084642/h0.pcap,00:00:00:00:02:01,00:00:00:00:00:01,10.0.0.3,10.0.0.1,TCP,5201,44850,66
2026-06-07T08:59:10.699786+00:00,jellyfish,widest_path,switch_down,run_scenario_jellyfish_widest_path_switch_down_20260607_084642,h0,jellyfish/widest_path/switch_down/run_scenario_jellyfish_widest_path_switch_down_20260607_084642/h0.pcap,00:00:00:00:00:01,00:00:00:00:02:01,10.0.0.1,10.0.0.3,TCP,44850,5201,96
2026-06-07T08:59:10.699863+00:00,jellyfish,widest_path,switch_down,run_scenario_jellyfish_widest_path_switch_down_20260607_084642,h0,jellyfish/widest_path/switch_down/run_scenario_jellyfish_widest_path_switch_down_20260607_084642/h0.pcap,00:00:00:00:02:01,00:00:00:00:00:01,10.0.0.3,10.0.0.1,TCP,5201,44850,66
2026-06-07T08:59:10.705241+00:00,jellyfish,widest_path,switch_down,run_scenario_jellyfish_widest_path_switch_down_20260607_084642,h0,jellyfish/widest_path/switch_down/run_scenario_jellyfish_widest_path_switch_down_20260607_084642/h0.pcap,00:00:00:00:00:01,00:00:00:00:02:01,10.0.0.1,10.0.0.3,TCP,44850,5201,96
2026-06-07T08:59:10.705309+00:00,jellyfish,widest_path,switch_down,run_scenario_jellyfish_widest_path_switch_down_20260607_084642,h0,jellyfish/widest_path/switch_down/run_scenario_jellyfish_widest_path_switch_down_20260607_084642/h0.pcap,00:00:00:00:02:01,00:00:00:00:00:01,10.0.0.3,10.0.0.1,TCP,5201,44850,66
2026-06-07T08:59:10.710694+00:00,jellyfish,widest_path,switch_down,run_scenario_jellyfish_widest_path_switch_down_20260607_084642,h0,jellyfish/widest_path/switch_down/run_scenario_jellyfish_widest_path_switch_down_20260607_084642/h0.pcap,00:00:00:00:00:01,00:00:00:00:02:01,10.0.0.1,10.0.0.3,TCP,44850,5201,96
2026-06-07T08:59:10.710764+00:00,jellyfish,widest_path,switch_down,run_scenario_jellyfish_widest_path_switch_down_20260607_084642,h0,jellyfish/widest_path/switch_down/run_scenario_jellyfish_widest_path_switch_down_20260607_084642/h0.pcap,00:00:00:00:02:01,00:00:00:00:00:01,10.0.0.3,10.0.0.1,TCP,5201,44850,66
2026-06-07T08:59:10.716144+00:00,jellyfish,widest_path,switch_down,run_scenario_jellyfish_widest_path_switch_down_20260607_084642,h0,jellyfish/widest_path/switch_down/run_scenario_jellyfish_widest_path_switch_down_20260607_084642/h0.pcap,00:00:00:00:00:01,00:00:00:00:02:01,10.0.0.1,10.0.0.3,TCP,44850,5201,96
2026-06-07T08:59:10.716214+00:00,jellyfish,widest_path,switch_down,run_scenario_jellyfish_widest_path_switch_down_20260607_084642,h0,jellyfish/widest_path/switch_down/run_scenario_jellyfish_widest_path_switch_down_20260607_084642/h0.pcap,00:00:00:00:02:01,00:00:00:00:00:01,10.0.0.3,10.0.0.1,TCP,5201,44850,66
2026-06-07T08:59:10.721593+00:00,jellyfish,widest_path,switch_down,run_scenario_jellyfish_widest_path_switch_down_20260607_084642,h0,jellyfish/widest_path/switch_down/run_scenario_jellyfish_widest_path_switch_down_20260607_084642/h0.pcap,00:00:00:00:00:01,00:00:00:00:02:01,10.0.0.1,10.0.0.3,TCP,44850,5201,96
2026-06-07T08:59:10.721689+00:00,jellyfish,widest_path,switch_down,run_scenario_jellyfish_widest_path_switch_down_20260607_084642,h0,jellyfish/widest_path/switch_down/run_scenario_jellyfish_widest_path_switch_down_20260607_084642/h0.pcap,00:00:00:00:02:01,00:00:00:00:00:01,10.0.0.3,10.0.0.1,TCP,5201,44850,66
2026-06-07T08:59:10.727031+00:00,jellyfish,widest_path,switch_down,run_scenario_jellyfish_widest_path_switch_down_20260607_084642,h0,jellyfish/widest_path/switch_down/run_scenario_jellyfish_widest_path_switch_down_20260607_084642/h0.pcap,00:00:00:00:00:01,00:00:00:00:02:01,10.0.0.1,10.0.0.3,TCP,44850,5201,96
2026-06-07T08:59:10.727117+00:00,jellyfish,widest_path,switch_down,run_scenario_jellyfish_widest_path_switch_down_20260607_084642,h0,jellyfish/widest_path/switch_down/run_scenario_jellyfish_widest_path_switch_down_20260607_084642/h0.pcap,00:00:00:00:02:01,00:00:00:00:00:01,10.0.0.3,10.0.0.1,TCP,5201,44850,66
2026-06-07T08:59:10.732583+00:00,jellyfish,widest_path,switch_down,run_scenario_jellyfish_widest_path_switch_down_20260607_084642,h0,jellyfish/widest_path/switch_down/run_scenario_jellyfish_widest_path_switch_down_20260607_084642/h0.pcap,00:00:00:00:00:01,00:00:00:00:02:01,10.0.0.1,10.0.0.3,TCP,44850,5201,96
2026-06-07T08:59:10.732738+00:00,jellyfish,widest_path,switch_down,run_scenario_jellyfish_widest_path_switch_down_20260607_084642,h0,jellyfish/widest_path/switch_down/run_scenario_jellyfish_widest_path_switch_down_20260607_084642/h0.pcap,00:00:00:00:02:01,00:00:00:00:00:01,10.0.0.3,10.0.0.1,TCP,5201,44850,66
2026-06-07T08:59:10.737936+00:00,jellyfish,widest_path,switch_down,run_scenario_jellyfish_widest_path_switch_down_20260607_084642,h0,jellyfish/widest_path/switch_down/run_scenario_jellyfish_widest_path_switch_down_20260607_084642/h0.pcap,00:00:00:00:00:01,00:00:00:00:02:01,10.0.0.1,10.0.0.3,TCP,44850,5201,96
2026-06-07T08:59:10.738038+00:00,jellyfish,widest_path,switch_down,run_scenario_jellyfish_widest_path_switch_down_20260607_084642,h0,jellyfish/widest_path/switch_down/run_scenario_jellyfish_widest_path_switch_down_20260607_084642/h0.pcap,00:00:00:00:02:01,00:00:00:00:00:01,10.0.0.3,10.0.0.1,TCP,5201,44850,66
2026-06-07T08:59:10.743400+00:00,jellyfish,widest_path,switch_down,run_scenario_jellyfish_widest_path_switch_down_20260607_084642,h0,jellyfish/widest_path/switch_down/run_scenario_jellyfish_widest_path_switch_down_20260607_084642/h0.pcap,00:00:00:00:00:01,00:00:00:00:02:01,10.0.0.1,10.0.0.3,TCP,44850,5201,96
2026-06-07T08:59:10.743475+00:00,jellyfish,widest_path,switch_down,run_scenario_jellyfish_widest_path_switch_down_20260607_084642,h0,jellyfish/widest_path/switch_down/run_scenario_jellyfish_widest_path_switch_down_20260607_084642/h0.pcap,00:00:00:00:02:01,00:00:00:00:00:01,10.0.0.3,10.0.0.1,TCP,5201,44850,66
2026-06-07T08:59:10.748845+00:00,jellyfish,widest_path,switch_down,run_scenario_jellyfish_widest_path_switch_down_20260607_084642,h0,jellyfish/widest_path/switch_down/run_scenario_jellyfish_widest_path_switch_down_20260607_084642/h0.pcap,00:00:00:00:00:01,00:00:00:00:02:01,10.0.0.1,10.0.0.3,TCP,44850,5201,96
2026-06-07T08:59:10.748913+00:00,jellyfish,widest_path,switch_down,run_scenario_jellyfish_widest_path_switch_down_20260607_084642,h0,jellyfish/widest_path/switch_down/run_scenario_jellyfish_widest_path_switch_down_20260607_084642/h0.pcap,00:00:00:00:02:01,00:00:00:00:00:01,10.0.0.3,10.0.0.1,TCP,5201,44850,66
2026-06-07T08:59:10.754282+00:00,jellyfish,widest_path,switch_down,run_scenario_jellyfish_widest_path_switch_down_20260607_084642,h0,jellyfish/widest_path/switch_down/run_scenario_jellyfish_widest_path_switch_down_20260607_084642/h0.pcap,00:00:00:00:00:01,00:00:00:00:02:01,10.0.0.1,10.0.0.3,TCP,44850,5201,96
2026-06-07T08:59:10.754388+00:00,jellyfish,widest_path,switch_down,run_scenario_jellyfish_widest_path_switch_down_20260607_084642,h0,jellyfish/widest_path/switch_down/run_scenario_jellyfish_widest_path_switch_down_20260607_084642/h0.pcap,00:00:00:00:02:01,00:00:00:00:00:01,10.0.0.3,10.0.0.1,TCP,5201,44850,66
2026-06-07T08:59:10.759751+00:00,jellyfish,widest_path,switch_down,run_scenario_jellyfish_widest_path_switch_down_20260607_084642,h0,jellyfish/widest_path/switch_down/run_scenario_jellyfish_widest_path_switch_down_20260607_084642/h0.pcap,00:00:00:00:00:01,00:00:00:00:02:01,10.0.0.1,10.0.0.3,TCP,44850,5201,96
2026-06-07T08:59:10.759819+00:00,jellyfish,widest_path,switch_down,run_scenario_jellyfish_widest_path_switch_down_20260607_084642,h0,jellyfish/widest_path/switch_down/run_scenario_jellyfish_widest_path_switch_down_20260607_084642/h0.pcap,00:00:00:00:02:01,00:00:00:00:00:01,10.0.0.3,10.0.0.1,TCP,5201,44850,66
2026-06-07T08:59:10.765198+00:00,jellyfish,widest_path,switch_down,run_scenario_jellyfish_widest_path_switch_down_20260607_084642,h0,jellyfish/widest_path/switch_down/run_scenario_jellyfish_widest_path_switch_down_20260607_084642/h0.pcap,00:00:00:00:00:01,00:00:00:00:02:01,10.0.0.1,10.0.0.3,TCP,44850,5201,96
2026-06-07T08:59:10.765287+00:00,jellyfish,widest_path,switch_down,run_scenario_jellyfish_widest_path_switch_down_20260607_084642,h0,jellyfish/widest_path/switch_down/run_scenario_jellyfish_widest_path_switch_down_20260607_084642/h0.pcap,00:00:00:00:02:01,00:00:00:00:00:01,10.0.0.3,10.0.0.1,TCP,5201,44850,66
2026-06-07T08:59:10.770655+00:00,jellyfish,widest_path,switch_down,run_scenario_jellyfish_widest_path_switch_down_20260607_084642,h0,jellyfish/widest_path/switch_down/run_scenario_jellyfish_widest_path_switch_down_20260607_084642/h0.pcap,00:00:00:00:00:01,00:00:00:00:02:01,10.0.0.1,10.0.0.3,TCP,44850,5201,96
2026-06-07T08:59:10.770771+00:00,jellyfish,widest_path,switch_down,run_scenario_jellyfish_widest_path_switch_down_20260607_084642,h0,jellyfish/widest_path/switch_down/run_scenario_jellyfish_widest_path_switch_down_20260607_084642/h0.pcap,00:00:00:00:02:01,00:00:00:00:00:01,10.0.0.3,10.0.0.1,TCP,5201,44850,66
2026-06-07T08:59:10.776103+00:00,jellyfish,widest_path,switch_down,run_scenario_jellyfish_widest_path_switch_down_20260607_084642,h0,jellyfish/widest_path/switch_down/run_scenario_jellyfish_widest_path_switch_down_20260607_084642/h0.pcap,00:00:00:00:00:01,00:00:00:00:02:01,10.0.0.1,10.0.0.3,TCP,44850,5201,96
2026-06-07T08:59:10.776189+00:00,jellyfish,widest_path,switch_down,run_scenario_jellyfish_widest_path_switch_down_20260607_084642,h0,jellyfish/widest_path/switch_down/run_scenario_jellyfish_widest_path_switch_down_20260607_084642/h0.pcap,00:00:00:00:02:01,00:00:00:00:00:01,10.0.0.3,10.0.0.1,TCP,5201,44850,66
2026-06-07T08:59:10.781550+00:00,jellyfish,widest_path,switch_down,run_scenario_jellyfish_widest_path_switch_down_20260607_084642,h0,jellyfish/widest_path/switch_down/run_scenario_jellyfish_widest_path_switch_down_20260607_084642/h0.pcap,00:00:00:00:00:01,00:00:00:00:02:01,10.0.0.1,10.0.0.3,TCP,44850,5201,96
2026-06-07T08:59:10.781623+00:00,jellyfish,widest_path,switch_down,run_scenario_jellyfish_widest_path_switch_down_20260607_084642,h0,jellyfish/widest_path/switch_down/run_scenario_jellyfish_widest_path_switch_down_20260607_084642/h0.pcap,00:00:00:00:02:01,00:00:00:00:00:01,10.0.0.3,10.0.0.1,TCP,5201,44850,66
2026-06-07T08:59:10.787008+00:00,jellyfish,widest_path,switch_down,run_scenario_jellyfish_widest_path_switch_down_20260607_084642,h0,jellyfish/widest_path/switch_down/run_scenario_jellyfish_widest_path_switch_down_20260607_084642/h0.pcap,00:00:00:00:00:01,00:00:00:00:02:01,10.0.0.1,10.0.0.3,TCP,44850,5201,96
2026-06-07T08:59:10.787116+00:00,jellyfish,widest_path,switch_down,run_scenario_jellyfish_widest_path_switch_down_20260607_084642,h0,jellyfish/widest_path/switch_down/run_scenario_jellyfish_widest_path_switch_down_20260607_084642/h0.pcap,00:00:00:00:02:01,00:00:00:00:00:01,10.0.0.3,10.0.0.1,TCP,5201,44850,66
2026-06-07T08:59:10.792454+00:00,jellyfish,widest_path,switch_down,run_scenario_jellyfish_widest_path_switch_down_20260607_084642,h0,jellyfish/widest_path/switch_down/run_scenario_jellyfish_widest_path_switch_down_20260607_084642/h0.pcap,00:00:00:00:00:01,00:00:00:00:02:01,10.0.0.1,10.0.0.3,TCP,44850,5201,96
2026-06-07T08:59:10.792534+00:00,jellyfish,widest_path,switch_down,run_scenario_jellyfish_widest_path_switch_down_20260607_084642,h0,jellyfish/widest_path/switch_down/run_scenario_jellyfish_widest_path_switch_down_20260607_084642/h0.pcap,00:00:00:00:02:01,00:00:00:00:00:01,10.0.0.3,10.0.0.1,TCP,5201,44850,66
2026-06-07T08:59:10.797966+00:00,jellyfish,widest_path,switch_down,run_scenario_jellyfish_widest_path_switch_down_20260607_084642,h0,jellyfish/widest_path/switch_down/run_scenario_jellyfish_widest_path_switch_down_20260607_084642/h0.pcap,00:00:00:00:00:01,00:00:00:00:02:01,10.0.0.1,10.0.0.3,TCP,44850,5201,96
2026-06-07T08:59:10.798100+00:00,jellyfish,widest_path,switch_down,run_scenario_jellyfish_widest_path_switch_down_20260607_084642,h0,jellyfish/widest_path/switch_down/run_scenario_jellyfish_widest_path_switch_down_20260607_084642/h0.pcap,00:00:00:00:02:01,00:00:00:00:00:01,10.0.0.3,10.0.0.1,TCP,5201,44850,66
2026-06-07T08:59:10.803351+00:00,jellyfish,widest_path,switch_down,run_scenario_jellyfish_widest_path_switch_down_20260607_084642,h0,jellyfish/widest_path/switch_down/run_scenario_jellyfish_widest_path_switch_down_20260607_084642/h0.pcap,00:00:00:00:00:01,00:00:00:00:02:01,10.0.0.1,10.0.0.3,TCP,44850,5201,96
2026-06-07T08:59:10.803430+00:00,jellyfish,widest_path,switch_down,run_scenario_jellyfish_widest_path_switch_down_20260607_084642,h0,jellyfish/widest_path/switch_down/run_scenario_jellyfish_widest_path_switch_down_20260607_084642/h0.pcap,00:00:00:00:02:01,00:00:00:00:00:01,10.0.0.3,10.0.0.1,TCP,5201,44850,66
2026-06-07T08:59:10.808799+00:00,jellyfish,widest_path,switch_down,run_scenario_jellyfish_widest_path_switch_down_20260607_084642,h0,jellyfish/widest_path/switch_down/run_scenario_jellyfish_widest_path_switch_down_20260607_084642/h0.pcap,00:00:00:00:00:01,00:00:00:00:02:01,10.0.0.1,10.0.0.3,TCP,44850,5201,96
2026-06-07T08:59:10.808866+00:00,jellyfish,widest_path,switch_down,run_scenario_jellyfish_widest_path_switch_down_20260607_084642,h0,jellyfish/widest_path/switch_down/run_scenario_jellyfish_widest_path_switch_down_20260607_084642/h0.pcap,00:00:00:00:02:01,00:00:00:00:00:01,10.0.0.3,10.0.0.1,TCP,5201,44850,66
2026-06-07T08:59:10.814263+00:00,jellyfish,widest_path,switch_down,run_scenario_jellyfish_widest_path_switch_down_20260607_084642,h0,jellyfish/widest_path/switch_down/run_scenario_jellyfish_widest_path_switch_down_20260607_084642/h0.pcap,00:00:00:00:00:01,00:00:00:00:02:01,10.0.0.1,10.0.0.3,TCP,44850,5201,96
2026-06-07T08:59:10.814372+00:00,jellyfish,widest_path,switch_down,run_scenario_jellyfish_widest_path_switch_down_20260607_084642,h0,jellyfish/widest_path/switch_down/run_scenario_jellyfish_widest_path_switch_down_20260607_084642/h0.pcap,00:00:00:00:02:01,00:00:00:00:00:01,10.0.0.3,10.0.0.1,TCP,5201,44850,66
2026-06-07T08:59:10.819732+00:00,jellyfish,widest_path,switch_down,run_scenario_jellyfish_widest_path_switch_down_20260607_084642,h0,jellyfish/widest_path/switch_down/run_scenario_jellyfish_widest_path_switch_down_20260607_084642/h0.pcap,00:00:00:00:00:01,00:00:00:00:02:01,10.0.0.1,10.0.0.3,TCP,44850,5201,96
2026-06-07T08:59:10.819848+00:00,jellyfish,widest_path,switch_down,run_scenario_jellyfish_widest_path_switch_down_20260607_084642,h0,jellyfish/widest_path/switch_down/run_scenario_jellyfish_widest_path_switch_down_20260607_084642/h0.pcap,00:00:00:00:02:01,00:00:00:00:00:01,10.0.0.3,10.0.0.1,TCP,5201,44850,66
2026-06-07T08:59:10.825152+00:00,jellyfish,widest_path,switch_down,run_scenario_jellyfish_widest_path_switch_down_20260607_084642,h0,jellyfish/widest_path/switch_down/run_scenario_jellyfish_widest_path_switch_down_20260607_084642/h0.pcap,00:00:00:00:00:01,00:00:00:00:02:01,10.0.0.1,10.0.0.3,TCP,44850,5201,96
2026-06-07T08:59:10.825246+00:00,jellyfish,widest_path,switch_down,run_scenario_jellyfish_widest_path_switch_down_20260607_084642,h0,jellyfish/widest_path/switch_down/run_scenario_jellyfish_widest_path_switch_down_20260607_084642/h0.pcap,00:00:00:00:02:01,00:00:00:00:00:01,10.0.0.3,10.0.0.1,TCP,5201,44850,66
2026-06-07T08:59:10.830586+00:00,jellyfish,widest_path,switch_down,run_scenario_jellyfish_widest_path_switch_down_20260607_084642,h0,jellyfish/widest_path/switch_down/run_scenario_jellyfish_widest_path_switch_down_20260607_084642/h0.pcap,00:00:00:00:00:01,00:00:00:00:02:01,10.0.0.1,10.0.0.3,TCP,44850,5201,96
2026-06-07T08:59:10.830684+00:00,jellyfish,widest_path,switch_down,run_scenario_jellyfish_widest_path_switch_down_20260607_084642,h0,jellyfish/widest_path/switch_down/run_scenario_jellyfish_widest_path_switch_down_20260607_084642/h0.pcap,00:00:00:00:02:01,00:00:00:00:00:01,10.0.0.3,10.0.0.1,TCP,5201,44850,66
2026-06-07T08:59:10.836071+00:00,jellyfish,widest_path,switch_down,run_scenario_jellyfish_widest_path_switch_down_20260607_084642,h0,jellyfish/widest_path/switch_down/run_scenario_jellyfish_widest_path_switch_down_20260607_084642/h0.pcap,00:00:00:00:00:01,00:00:00:00:02:01,10.0.0.1,10.0.0.3,TCP,44850,5201,96
2026-06-07T08:59:10.836121+00:00,jellyfish,widest_path,switch_down,run_scenario_jellyfish_widest_path_switch_down_20260607_084642,h0,jellyfish/widest_path/switch_down/run_scenario_jellyfish_widest_path_switch_down_20260607_084642/h0.pcap,00:00:00:00:02:01,00:00:00:00:00:01,10.0.0.3,10.0.0.1,TCP,5201,44850,66
2026-06-07T08:59:10.841502+00:00,jellyfish,widest_path,switch_down,run_scenario_jellyfish_widest_path_switch_down_20260607_084642,h0,jellyfish/widest_path/switch_down/run_scenario_jellyfish_widest_path_switch_down_20260607_084642/h0.pcap,00:00:00:00:00:01,00:00:00:00:02:01,10.0.0.1,10.0.0.3,TCP,44850,5201,96
2026-06-07T08:59:10.841573+00:00,jellyfish,widest_path,switch_down,run_scenario_jellyfish_widest_path_switch_down_20260607_084642,h0,jellyfish/widest_path/switch_down/run_scenario_jellyfish_widest_path_switch_down_20260607_084642/h0.pcap,00:00:00:00:02:01,00:00:00:00:00:01,10.0.0.3,10.0.0.1,TCP,5201,44850,66
2026-06-07T08:59:10.846973+00:00,jellyfish,widest_path,switch_down,run_scenario_jellyfish_widest_path_switch_down_20260607_084642,h0,jellyfish/widest_path/switch_down/run_scenario_jellyfish_widest_path_switch_down_20260607_084642/h0.pcap,00:00:00:00:00:01,00:00:00:00:02:01,10.0.0.1,10.0.0.3,TCP,44850,5201,96
2026-06-07T08:59:10.847044+00:00,jellyfish,widest_path,switch_down,run_scenario_jellyfish_widest_path_switch_down_20260607_084642,h0,jellyfish/widest_path/switch_down/run_scenario_jellyfish_widest_path_switch_down_20260607_084642/h0.pcap,00:00:00:00:02:01,00:00:00:00:00:01,10.0.0.3,10.0.0.1,TCP,5201,44850,66
2026-06-07T08:59:10.852406+00:00,jellyfish,widest_path,switch_down,run_scenario_jellyfish_widest_path_switch_down_20260607_084642,h0,jellyfish/widest_path/switch_down/run_scenario_jellyfish_widest_path_switch_down_20260607_084642/h0.pcap,00:00:00:00:00:01,00:00:00:00:02:01,10.0.0.1,10.0.0.3,TCP,44850,5201,96
2026-06-07T08:59:10.852533+00:00,jellyfish,widest_path,switch_down,run_scenario_jellyfish_widest_path_switch_down_20260607_084642,h0,jellyfish/widest_path/switch_down/run_scenario_jellyfish_widest_path_switch_down_20260607_084642/h0.pcap,00:00:00:00:02:01,00:00:00:00:00:01,10.0.0.3,10.0.0.1,TCP,5201,44850,66
2026-06-07T08:59:10.857853+00:00,jellyfish,widest_path,switch_down,run_scenario_jellyfish_widest_path_switch_down_20260607_084642,h0,jellyfish/widest_path/switch_down/run_scenario_jellyfish_widest_path_switch_down_20260607_084642/h0.pcap,00:00:00:00:00:01,00:00:00:00:02:01,10.0.0.1,10.0.0.3,TCP,44850,5201,96
2026-06-07T08:59:10.857949+00:00,jellyfish,widest_path,switch_down,run_scenario_jellyfish_widest_path_switch_down_20260607_084642,h0,jellyfish/widest_path/switch_down/run_scenario_jellyfish_widest_path_switch_down_20260607_084642/h0.pcap,00:00:00:00:02:01,00:00:00:00:00:01,10.0.0.3,10.0.0.1,TCP,5201,44850,66
2026-06-07T08:59:10.863383+00:00,jellyfish,widest_path,switch_down,run_scenario_jellyfish_widest_path_switch_down_20260607_084642,h0,jellyfish/widest_path/switch_down/run_scenario_jellyfish_widest_path_switch_down_20260607_084642/h0.pcap,00:00:00:00:00:01,00:00:00:00:02:01,10.0.0.1,10.0.0.3,TCP,44850,5201,96
2026-06-07T08:59:10.863495+00:00,jellyfish,widest_path,switch_down,run_scenario_jellyfish_widest_path_switch_down_20260607_084642,h0,jellyfish/widest_path/switch_down/run_scenario_jellyfish_widest_path_switch_down_20260607_084642/h0.pcap,00:00:00:00:02:01,00:00:00:00:00:01,10.0.0.3,10.0.0.1,TCP,5201,44850,66
2026-06-07T08:59:10.868755+00:00,jellyfish,widest_path,switch_down,run_scenario_jellyfish_widest_path_switch_down_20260607_084642,h0,jellyfish/widest_path/switch_down/run_scenario_jellyfish_widest_path_switch_down_20260607_084642/h0.pcap,00:00:00:00:00:01,00:00:00:00:02:01,10.0.0.1,10.0.0.3,TCP,44850,5201,96
2026-06-07T08:59:10.868826+00:00,jellyfish,widest_path,switch_down,run_scenario_jellyfish_widest_path_switch_down_20260607_084642,h0,jellyfish/widest_path/switch_down/run_scenario_jellyfish_widest_path_switch_down_20260607_084642/h0.pcap,00:00:00:00:02:01,00:00:00:00:00:01,10.0.0.3,10.0.0.1,TCP,5201,44850,66
2026-06-07T08:59:10.874191+00:00,jellyfish,widest_path,switch_down,run_scenario_jellyfish_widest_path_switch_down_20260607_084642,h0,jellyfish/widest_path/switch_down/run_scenario_jellyfish_widest_path_switch_down_20260607_084642/h0.pcap,00:00:00:00:00:01,00:00:00:00:02:01,10.0.0.1,10.0.0.3,TCP,44850,5201,96
2026-06-07T08:59:10.874288+00:00,jellyfish,widest_path,switch_down,run_scenario_jellyfish_widest_path_switch_down_20260607_084642,h0,jellyfish/widest_path/switch_down/run_scenario_jellyfish_widest_path_switch_down_20260607_084642/h0.pcap,00:00:00:00:02:01,00:00:00:00:00:01,10.0.0.3,10.0.0.1,TCP,5201,44850,66
2026-06-07T08:59:10.879656+00:00,jellyfish,widest_path,switch_down,run_scenario_jellyfish_widest_path_switch_down_20260607_084642,h0,jellyfish/widest_path/switch_down/run_scenario_jellyfish_widest_path_switch_down_20260607_084642/h0.pcap,00:00:00:00:00:01,00:00:00:00:02:01,10.0.0.1,10.0.0.3,TCP,44850,5201,96
2026-06-07T08:59:10.879724+00:00,jellyfish,widest_path,switch_down,run_scenario_jellyfish_widest_path_switch_down_20260607_084642,h0,jellyfish/widest_path/switch_down/run_scenario_jellyfish_widest_path_switch_down_20260607_084642/h0.pcap,00:00:00:00:02:01,00:00:00:00:00:01,10.0.0.3,10.0.0.1,TCP,5201,44850,66
2026-06-07T08:59:10.885104+00:00,jellyfish,widest_path,switch_down,run_scenario_jellyfish_widest_path_switch_down_20260607_084642,h0,jellyfish/widest_path/switch_down/run_scenario_jellyfish_widest_path_switch_down_20260607_084642/h0.pcap,00:00:00:00:00:01,00:00:00:00:02:01,10.0.0.1,10.0.0.3,TCP,44850,5201,96
2026-06-07T08:59:10.885172+00:00,jellyfish,widest_path,switch_down,run_scenario_jellyfish_widest_path_switch_down_20260607_084642,h0,jellyfish/widest_path/switch_down/run_scenario_jellyfish_widest_path_switch_down_20260607_084642/h0.pcap,00:00:00:00:02:01,00:00:00:00:00:01,10.0.0.3,10.0.0.1,TCP,5201,44850,66
2026-06-07T08:59:10.890562+00:00,jellyfish,widest_path,switch_down,run_scenario_jellyfish_widest_path_switch_down_20260607_084642,h0,jellyfish/widest_path/switch_down/run_scenario_jellyfish_widest_path_switch_down_20260607_084642/h0.pcap,00:00:00:00:00:01,00:00:00:00:02:01,10.0.0.1,10.0.0.3,TCP,44850,5201,96
2026-06-07T08:59:10.890629+00:00,jellyfish,widest_path,switch_down,run_scenario_jellyfish_widest_path_switch_down_20260607_084642,h0,jellyfish/widest_path/switch_down/run_scenario_jellyfish_widest_path_switch_down_20260607_084642/h0.pcap,00:00:00:00:02:01,00:00:00:00:00:01,10.0.0.3,10.0.0.1,TCP,5201,44850,66
2026-06-07T08:59:10.896005+00:00,jellyfish,widest_path,switch_down,run_scenario_jellyfish_widest_path_switch_down_20260607_084642,h0,jellyfish/widest_path/switch_down/run_scenario_jellyfish_widest_path_switch_down_20260607_084642/h0.pcap,00:00:00:00:00:01,00:00:00:00:02:01,10.0.0.1,10.0.0.3,TCP,44850,5201,96
2026-06-07T08:59:10.896073+00:00,jellyfish,widest_path,switch_down,run_scenario_jellyfish_widest_path_switch_down_20260607_084642,h0,jellyfish/widest_path/switch_down/run_scenario_jellyfish_widest_path_switch_down_20260607_084642/h0.pcap,00:00:00:00:02:01,00:00:00:00:00:01,10.0.0.3,10.0.0.1,TCP,5201,44850,66
2026-06-07T08:59:10.901509+00:00,jellyfish,widest_path,switch_down,run_scenario_jellyfish_widest_path_switch_down_20260607_084642,h0,jellyfish/widest_path/switch_down/run_scenario_jellyfish_widest_path_switch_down_20260607_084642/h0.pcap,00:00:00:00:00:01,00:00:00:00:02:01,10.0.0.1,10.0.0.3,TCP,44850,5201,96
2026-06-07T08:59:10.901567+00:00,jellyfish,widest_path,switch_down,run_scenario_jellyfish_widest_path_switch_down_20260607_084642,h0,jellyfish/widest_path/switch_down/run_scenario_jellyfish_widest_path_switch_down_20260607_084642/h0.pcap,00:00:00:00:02:01,00:00:00:00:00:01,10.0.0.3,10.0.0.1,TCP,5201,44850,66
2026-06-07T08:59:10.906946+00:00,jellyfish,widest_path,switch_down,run_scenario_jellyfish_widest_path_switch_down_20260607_084642,h0,jellyfish/widest_path/switch_down/run_scenario_jellyfish_widest_path_switch_down_20260607_084642/h0.pcap,00:00:00:00:00:01,00:00:00:00:02:01,10.0.0.1,10.0.0.3,TCP,44850,5201,96
2026-06-07T08:59:10.907054+00:00,jellyfish,widest_path,switch_down,run_scenario_jellyfish_widest_path_switch_down_20260607_084642,h0,jellyfish/widest_path/switch_down/run_scenario_jellyfish_widest_path_switch_down_20260607_084642/h0.pcap,00:00:00:00:02:01,00:00:00:00:00:01,10.0.0.3,10.0.0.1,TCP,5201,44850,66
2026-06-07T08:59:10.912405+00:00,jellyfish,widest_path,switch_down,run_scenario_jellyfish_widest_path_switch_down_20260607_084642,h0,jellyfish/widest_path/switch_down/run_scenario_jellyfish_widest_path_switch_down_20260607_084642/h0.pcap,00:00:00:00:00:01,00:00:00:00:02:01,10.0.0.1,10.0.0.3,TCP,44850,5201,96
2026-06-07T08:59:10.912556+00:00,jellyfish,widest_path,switch_down,run_scenario_jellyfish_widest_path_switch_down_20260607_084642,h0,jellyfish/widest_path/switch_down/run_scenario_jellyfish_widest_path_switch_down_20260607_084642/h0.pcap,00:00:00:00:02:01,00:00:00:00:00:01,10.0.0.3,10.0.0.1,TCP,5201,44850,66
2026-06-07T08:59:10.917825+00:00,jellyfish,widest_path,switch_down,run_scenario_jellyfish_widest_path_switch_down_20260607_084642,h0,jellyfish/widest_path/switch_down/run_scenario_jellyfish_widest_path_switch_down_20260607_084642/h0.pcap,00:00:00:00:00:01,00:00:00:00:02:01,10.0.0.1,10.0.0.3,TCP,44850,5201,96
2026-06-07T08:59:10.917933+00:00,jellyfish,widest_path,switch_down,run_scenario_jellyfish_widest_path_switch_down_20260607_084642,h0,jellyfish/widest_path/switch_down/run_scenario_jellyfish_widest_path_switch_down_20260607_084642/h0.pcap,00:00:00:00:02:01,00:00:00:00:00:01,10.0.0.3,10.0.0.1,TCP,5201,44850,66
2026-06-07T08:59:10.923495+00:00,jellyfish,widest_path,switch_down,run_scenario_jellyfish_widest_path_switch_down_20260607_084642,h0,jellyfish/widest_path/switch_down/run_scenario_jellyfish_widest_path_switch_down_20260607_084642/h0.pcap,00:00:00:00:00:01,00:00:00:00:02:01,10.0.0.1,10.0.0.3,TCP,44850,5201,96
2026-06-07T08:59:10.923605+00:00,jellyfish,widest_path,switch_down,run_scenario_jellyfish_widest_path_switch_down_20260607_084642,h0,jellyfish/widest_path/switch_down/run_scenario_jellyfish_widest_path_switch_down_20260607_084642/h0.pcap,00:00:00:00:02:01,00:00:00:00:00:01,10.0.0.3,10.0.0.1,TCP,5201,44850,66
2026-06-07T08:59:10.928859+00:00,jellyfish,widest_path,switch_down,run_scenario_jellyfish_widest_path_switch_down_20260607_084642,h0,jellyfish/widest_path/switch_down/run_scenario_jellyfish_widest_path_switch_down_20260607_084642/h0.pcap,00:00:00:00:00:01,00:00:00:00:02:01,10.0.0.1,10.0.0.3,TCP,44850,5201,96
2026-06-07T08:59:10.929081+00:00,jellyfish,widest_path,switch_down,run_scenario_jellyfish_widest_path_switch_down_20260607_084642,h0,jellyfish/widest_path/switch_down/run_scenario_jellyfish_widest_path_switch_down_20260607_084642/h0.pcap,00:00:00:00:02:01,00:00:00:00:00:01,10.0.0.3,10.0.0.1,TCP,5201,44850,66
2026-06-07T08:59:10.934538+00:00,jellyfish,widest_path,switch_down,run_scenario_jellyfish_widest_path_switch_down_20260607_084642,h0,jellyfish/widest_path/switch_down/run_scenario_jellyfish_widest_path_switch_down_20260607_084642/h0.pcap,00:00:00:00:00:01,00:00:00:00:02:01,10.0.0.1,10.0.0.3,TCP,44850,5201,96
2026-06-07T08:59:10.934647+00:00,jellyfish,widest_path,switch_down,run_scenario_jellyfish_widest_path_switch_down_20260607_084642,h0,jellyfish/widest_path/switch_down/run_scenario_jellyfish_widest_path_switch_down_20260607_084642/h0.pcap,00:00:00:00:02:01,00:00:00:00:00:01,10.0.0.3,10.0.0.1,TCP,5201,44850,66
2026-06-07T08:59:10.939948+00:00,jellyfish,widest_path,switch_down,run_scenario_jellyfish_widest_path_switch_down_20260607_084642,h0,jellyfish/widest_path/switch_down/run_scenario_jellyfish_widest_path_switch_down_20260607_084642/h0.pcap,00:00:00:00:00:01,00:00:00:00:02:01,10.0.0.1,10.0.0.3,TCP,44850,5201,96
2026-06-07T08:59:10.940056+00:00,jellyfish,widest_path,switch_down,run_scenario_jellyfish_widest_path_switch_down_20260607_084642,h0,jellyfish/widest_path/switch_down/run_scenario_jellyfish_widest_path_switch_down_20260607_084642/h0.pcap,00:00:00:00:02:01,00:00:00:00:00:01,10.0.0.3,10.0.0.1,TCP,5201,44850,66
2026-06-07T08:59:10.945550+00:00,jellyfish,widest_path,switch_down,run_scenario_jellyfish_widest_path_switch_down_20260607_084642,h0,jellyfish/widest_path/switch_down/run_scenario_jellyfish_widest_path_switch_down_20260607_084642/h0.pcap,00:00:00:00:00:01,00:00:00:00:02:01,10.0.0.1,10.0.0.3,TCP,44850,5201,96
2026-06-07T08:59:10.945660+00:00,jellyfish,widest_path,switch_down,run_scenario_jellyfish_widest_path_switch_down_20260607_084642,h0,jellyfish/widest_path/switch_down/run_scenario_jellyfish_widest_path_switch_down_20260607_084642/h0.pcap,00:00:00:00:02:01,00:00:00:00:00:01,10.0.0.3,10.0.0.1,TCP,5201,44850,66
2026-06-07T08:59:10.950898+00:00,jellyfish,widest_path,switch_down,run_scenario_jellyfish_widest_path_switch_down_20260607_084642,h0,jellyfish/widest_path/switch_down/run_scenario_jellyfish_widest_path_switch_down_20260607_084642/h0.pcap,00:00:00:00:00:01,00:00:00:00:02:01,10.0.0.1,10.0.0.3,TCP,44850,5201,96
2026-06-07T08:59:10.951037+00:00,jellyfish,widest_path,switch_down,run_scenario_jellyfish_widest_path_switch_down_20260607_084642,h0,jellyfish/widest_path/switch_down/run_scenario_jellyfish_widest_path_switch_down_20260607_084642/h0.pcap,00:00:00:00:02:01,00:00:00:00:00:01,10.0.0.3,10.0.0.1,TCP,5201,44850,66
2026-06-07T08:59:10.956370+00:00,jellyfish,widest_path,switch_down,run_scenario_jellyfish_widest_path_switch_down_20260607_084642,h0,jellyfish/widest_path/switch_down/run_scenario_jellyfish_widest_path_switch_down_20260607_084642/h0.pcap,00:00:00:00:00:01,00:00:00:00:02:01,10.0.0.1,10.0.0.3,TCP,44850,5201,96
2026-06-07T08:59:10.956517+00:00,jellyfish,widest_path,switch_down,run_scenario_jellyfish_widest_path_switch_down_20260607_084642,h0,jellyfish/widest_path/switch_down/run_scenario_jellyfish_widest_path_switch_down_20260607_084642/h0.pcap,00:00:00:00:02:01,00:00:00:00:00:01,10.0.0.3,10.0.0.1,TCP,5201,44850,66
2026-06-07T08:59:10.961805+00:00,jellyfish,widest_path,switch_down,run_scenario_jellyfish_widest_path_switch_down_20260607_084642,h0,jellyfish/widest_path/switch_down/run_scenario_jellyfish_widest_path_switch_down_20260607_084642/h0.pcap,00:00:00:00:00:01,00:00:00:00:02:01,10.0.0.1,10.0.0.3,TCP,44850,5201,96
2026-06-07T08:59:10.961913+00:00,jellyfish,widest_path,switch_down,run_scenario_jellyfish_widest_path_switch_down_20260607_084642,h0,jellyfish/widest_path/switch_down/run_scenario_jellyfish_widest_path_switch_down_20260607_084642/h0.pcap,00:00:00:00:02:01,00:00:00:00:00:01,10.0.0.3,10.0.0.1,TCP,5201,44850,66
2026-06-07T08:59:10.967262+00:00,jellyfish,widest_path,switch_down,run_scenario_jellyfish_widest_path_switch_down_20260607_084642,h0,jellyfish/widest_path/switch_down/run_scenario_jellyfish_widest_path_switch_down_20260607_084642/h0.pcap,00:00:00:00:00:01,00:00:00:00:02:01,10.0.0.1,10.0.0.3,TCP,44850,5201,96
2026-06-07T08:59:10.967379+00:00,jellyfish,widest_path,switch_down,run_scenario_jellyfish_widest_path_switch_down_20260607_084642,h0,jellyfish/widest_path/switch_down/run_scenario_jellyfish_widest_path_switch_down_20260607_084642/h0.pcap,00:00:00:00:02:01,00:00:00:00:00:01,10.0.0.3,10.0.0.1,TCP,5201,44850,66
2026-06-07T08:59:10.972749+00:00,jellyfish,widest_path,switch_down,run_scenario_jellyfish_widest_path_switch_down_20260607_084642,h0,jellyfish/widest_path/switch_down/run_scenario_jellyfish_widest_path_switch_down_20260607_084642/h0.pcap,00:00:00:00:00:01,00:00:00:00:02:01,10.0.0.1,10.0.0.3,TCP,44850,5201,96
2026-06-07T08:59:10.972931+00:00,jellyfish,widest_path,switch_down,run_scenario_jellyfish_widest_path_switch_down_20260607_084642,h0,jellyfish/widest_path/switch_down/run_scenario_jellyfish_widest_path_switch_down_20260607_084642/h0.pcap,00:00:00:00:02:01,00:00:00:00:00:01,10.0.0.3,10.0.0.1,TCP,5201,44850,66
2026-06-07T08:59:10.978138+00:00,jellyfish,widest_path,switch_down,run_scenario_jellyfish_widest_path_switch_down_20260607_084642,h0,jellyfish/widest_path/switch_down/run_scenario_jellyfish_widest_path_switch_down_20260607_084642/h0.pcap,00:00:00:00:00:01,00:00:00:00:02:01,10.0.0.1,10.0.0.3,TCP,44850,5201,96
2026-06-07T08:59:10.978208+00:00,jellyfish,widest_path,switch_down,run_scenario_jellyfish_widest_path_switch_down_20260607_084642,h0,jellyfish/widest_path/switch_down/run_scenario_jellyfish_widest_path_switch_down_20260607_084642/h0.pcap,00:00:00:00:02:01,00:00:00:00:00:01,10.0.0.3,10.0.0.1,TCP,5201,44850,66
2026-06-07T08:59:10.983577+00:00,jellyfish,widest_path,switch_down,run_scenario_jellyfish_widest_path_switch_down_20260607_084642,h0,jellyfish/widest_path/switch_down/run_scenario_jellyfish_widest_path_switch_down_20260607_084642/h0.pcap,00:00:00:00:00:01,00:00:00:00:02:01,10.0.0.1,10.0.0.3,TCP,44850,5201,96
2026-06-07T08:59:10.983685+00:00,jellyfish,widest_path,switch_down,run_scenario_jellyfish_widest_path_switch_down_20260607_084642,h0,jellyfish/widest_path/switch_down/run_scenario_jellyfish_widest_path_switch_down_20260607_084642/h0.pcap,00:00:00:00:02:01,00:00:00:00:00:01,10.0.0.3,10.0.0.1,TCP,5201,44850,66
2026-06-07T08:59:10.989027+00:00,jellyfish,widest_path,switch_down,run_scenario_jellyfish_widest_path_switch_down_20260607_084642,h0,jellyfish/widest_path/switch_down/run_scenario_jellyfish_widest_path_switch_down_20260607_084642/h0.pcap,00:00:00:00:00:01,00:00:00:00:02:01,10.0.0.1,10.0.0.3,TCP,44850,5201,96
2026-06-07T08:59:10.989130+00:00,jellyfish,widest_path,switch_down,run_scenario_jellyfish_widest_path_switch_down_20260607_084642,h0,jellyfish/widest_path/switch_down/run_scenario_jellyfish_widest_path_switch_down_20260607_084642/h0.pcap,00:00:00:00:02:01,00:00:00:00:00:01,10.0.0.3,10.0.0.1,TCP,5201,44850,66
2026-06-07T08:59:10.994504+00:00,jellyfish,widest_path,switch_down,run_scenario_jellyfish_widest_path_switch_down_20260607_084642,h0,jellyfish/widest_path/switch_down/run_scenario_jellyfish_widest_path_switch_down_20260607_084642/h0.pcap,00:00:00:00:00:01,00:00:00:00:02:01,10.0.0.1,10.0.0.3,TCP,44850,5201,96
2026-06-07T08:59:10.994669+00:00,jellyfish,widest_path,switch_down,run_scenario_jellyfish_widest_path_switch_down_20260607_084642,h0,jellyfish/widest_path/switch_down/run_scenario_jellyfish_widest_path_switch_down_20260607_084642/h0.pcap,00:00:00:00:02:01,00:00:00:00:00:01,10.0.0.3,10.0.0.1,TCP,5201,44850,66
2026-06-07T08:59:10.999939+00:00,jellyfish,widest_path,switch_down,run_scenario_jellyfish_widest_path_switch_down_20260607_084642,h0,jellyfish/widest_path/switch_down/run_scenario_jellyfish_widest_path_switch_down_20260607_084642/h0.pcap,00:00:00:00:00:01,00:00:00:00:02:01,10.0.0.1,10.0.0.3,TCP,44850,5201,96
2026-06-07T08:59:11.000036+00:00,jellyfish,widest_path,switch_down,run_scenario_jellyfish_widest_path_switch_down_20260607_084642,h0,jellyfish/widest_path/switch_down/run_scenario_jellyfish_widest_path_switch_down_20260607_084642/h0.pcap,00:00:00:00:02:01,00:00:00:00:00:01,10.0.0.3,10.0.0.1,TCP,5201,44850,66
2026-06-07T08:59:11.005402+00:00,jellyfish,widest_path,switch_down,run_scenario_jellyfish_widest_path_switch_down_20260607_084642,h0,jellyfish/widest_path/switch_down/run_scenario_jellyfish_widest_path_switch_down_20260607_084642/h0.pcap,00:00:00:00:00:01,00:00:00:00:02:01,10.0.0.1,10.0.0.3,TCP,44850,5201,96
2026-06-07T08:59:11.005523+00:00,jellyfish,widest_path,switch_down,run_scenario_jellyfish_widest_path_switch_down_20260607_084642,h0,jellyfish/widest_path/switch_down/run_scenario_jellyfish_widest_path_switch_down_20260607_084642/h0.pcap,00:00:00:00:02:01,00:00:00:00:00:01,10.0.0.3,10.0.0.1,TCP,5201,44850,66
2026-06-07T08:59:11.010857+00:00,jellyfish,widest_path,switch_down,run_scenario_jellyfish_widest_path_switch_down_20260607_084642,h0,jellyfish/widest_path/switch_down/run_scenario_jellyfish_widest_path_switch_down_20260607_084642/h0.pcap,00:00:00:00:00:01,00:00:00:00:02:01,10.0.0.1,10.0.0.3,TCP,44850,5201,96
2026-06-07T08:59:11.010996+00:00,jellyfish,widest_path,switch_down,run_scenario_jellyfish_widest_path_switch_down_20260607_084642,h0,jellyfish/widest_path/switch_down/run_scenario_jellyfish_widest_path_switch_down_20260607_084642/h0.pcap,00:00:00:00:02:01,00:00:00:00:00:01,10.0.0.3,10.0.0.1,TCP,5201,44850,66
2026-06-07T08:59:11.016324+00:00,jellyfish,widest_path,switch_down,run_scenario_jellyfish_widest_path_switch_down_20260607_084642,h0,jellyfish/widest_path/switch_down/run_scenario_jellyfish_widest_path_switch_down_20260607_084642/h0.pcap,00:00:00:00:00:01,00:00:00:00:02:01,10.0.0.1,10.0.0.3,TCP,44850,5201,96
2026-06-07T08:59:11.016445+00:00,jellyfish,widest_path,switch_down,run_scenario_jellyfish_widest_path_switch_down_20260607_084642,h0,jellyfish/widest_path/switch_down/run_scenario_jellyfish_widest_path_switch_down_20260607_084642/h0.pcap,00:00:00:00:02:01,00:00:00:00:00:01,10.0.0.3,10.0.0.1,TCP,5201,44850,66
2026-06-07T08:59:11.021774+00:00,jellyfish,widest_path,switch_down,run_scenario_jellyfish_widest_path_switch_down_20260607_084642,h0,jellyfish/widest_path/switch_down/run_scenario_jellyfish_widest_path_switch_down_20260607_084642/h0.pcap,00:00:00:00:00:01,00:00:00:00:02:01,10.0.0.1,10.0.0.3,TCP,44850,5201,96
2026-06-07T08:59:11.021895+00:00,jellyfish,widest_path,switch_down,run_scenario_jellyfish_widest_path_switch_down_20260607_084642,h0,jellyfish/widest_path/switch_down/run_scenario_jellyfish_widest_path_switch_down_20260607_084642/h0.pcap,00:00:00:00:02:01,00:00:00:00:00:01,10.0.0.3,10.0.0.1,TCP,5201,44850,66
2026-06-07T08:59:11.027190+00:00,jellyfish,widest_path,switch_down,run_scenario_jellyfish_widest_path_switch_down_20260607_084642,h0,jellyfish/widest_path/switch_down/run_scenario_jellyfish_widest_path_switch_down_20260607_084642/h0.pcap,00:00:00:00:00:01,00:00:00:00:02:01,10.0.0.1,10.0.0.3,TCP,44850,5201,96
2026-06-07T08:59:11.027309+00:00,jellyfish,widest_path,switch_down,run_scenario_jellyfish_widest_path_switch_down_20260607_084642,h0,jellyfish/widest_path/switch_down/run_scenario_jellyfish_widest_path_switch_down_20260607_084642/h0.pcap,00:00:00:00:02:01,00:00:00:00:00:01,10.0.0.3,10.0.0.1,TCP,5201,44850,66
2026-06-07T08:59:11.032636+00:00,jellyfish,widest_path,switch_down,run_scenario_jellyfish_widest_path_switch_down_20260607_084642,h0,jellyfish/widest_path/switch_down/run_scenario_jellyfish_widest_path_switch_down_20260607_084642/h0.pcap,00:00:00:00:00:01,00:00:00:00:02:01,10.0.0.1,10.0.0.3,TCP,44850,5201,96
2026-06-07T08:59:11.032739+00:00,jellyfish,widest_path,switch_down,run_scenario_jellyfish_widest_path_switch_down_20260607_084642,h0,jellyfish/widest_path/switch_down/run_scenario_jellyfish_widest_path_switch_down_20260607_084642/h0.pcap,00:00:00:00:02:01,00:00:00:00:00:01,10.0.0.3,10.0.0.1,TCP,5201,44850,66
2026-06-07T08:59:11.038088+00:00,jellyfish,widest_path,switch_down,run_scenario_jellyfish_widest_path_switch_down_20260607_084642,h0,jellyfish/widest_path/switch_down/run_scenario_jellyfish_widest_path_switch_down_20260607_084642/h0.pcap,00:00:00:00:00:01,00:00:00:00:02:01,10.0.0.1,10.0.0.3,TCP,44850,5201,96
2026-06-07T08:59:11.038160+00:00,jellyfish,widest_path,switch_down,run_scenario_jellyfish_widest_path_switch_down_20260607_084642,h0,jellyfish/widest_path/switch_down/run_scenario_jellyfish_widest_path_switch_down_20260607_084642/h0.pcap,00:00:00:00:02:01,00:00:00:00:00:01,10.0.0.3,10.0.0.1,TCP,5201,44850,66
2026-06-07T08:59:11.043555+00:00,jellyfish,widest_path,switch_down,run_scenario_jellyfish_widest_path_switch_down_20260607_084642,h0,jellyfish/widest_path/switch_down/run_scenario_jellyfish_widest_path_switch_down_20260607_084642/h0.pcap,00:00:00:00:00:01,00:00:00:00:02:01,10.0.0.1,10.0.0.3,TCP,44850,5201,96
2026-06-07T08:59:11.043761+00:00,jellyfish,widest_path,switch_down,run_scenario_jellyfish_widest_path_switch_down_20260607_084642,h0,jellyfish/widest_path/switch_down/run_scenario_jellyfish_widest_path_switch_down_20260607_084642/h0.pcap,00:00:00:00:02:01,00:00:00:00:00:01,10.0.0.3,10.0.0.1,TCP,5201,44850,66
2026-06-07T08:59:11.049001+00:00,jellyfish,widest_path,switch_down,run_scenario_jellyfish_widest_path_switch_down_20260607_084642,h0,jellyfish/widest_path/switch_down/run_scenario_jellyfish_widest_path_switch_down_20260607_084642/h0.pcap,00:00:00:00:00:01,00:00:00:00:02:01,10.0.0.1,10.0.0.3,TCP,44850,5201,96
2026-06-07T08:59:11.049138+00:00,jellyfish,widest_path,switch_down,run_scenario_jellyfish_widest_path_switch_down_20260607_084642,h0,jellyfish/widest_path/switch_down/run_scenario_jellyfish_widest_path_switch_down_20260607_084642/h0.pcap,00:00:00:00:02:01,00:00:00:00:00:01,10.0.0.3,10.0.0.1,TCP,5201,44850,66
2026-06-07T08:59:11.054442+00:00,jellyfish,widest_path,switch_down,run_scenario_jellyfish_widest_path_switch_down_20260607_084642,h0,jellyfish/widest_path/switch_down/run_scenario_jellyfish_widest_path_switch_down_20260607_084642/h0.pcap,00:00:00:00:00:01,00:00:00:00:02:01,10.0.0.1,10.0.0.3,TCP,44850,5201,96
2026-06-07T08:59:11.054510+00:00,jellyfish,widest_path,switch_down,run_scenario_jellyfish_widest_path_switch_down_20260607_084642,h0,jellyfish/widest_path/switch_down/run_scenario_jellyfish_widest_path_switch_down_20260607_084642/h0.pcap,00:00:00:00:02:01,00:00:00:00:00:01,10.0.0.3,10.0.0.1,TCP,5201,44850,66
2026-06-07T08:59:11.059914+00:00,jellyfish,widest_path,switch_down,run_scenario_jellyfish_widest_path_switch_down_20260607_084642,h0,jellyfish/widest_path/switch_down/run_scenario_jellyfish_widest_path_switch_down_20260607_084642/h0.pcap,00:00:00:00:00:01,00:00:00:00:02:01,10.0.0.1,10.0.0.3,TCP,44850,5201,96
2026-06-07T08:59:11.060131+00:00,jellyfish,widest_path,switch_down,run_scenario_jellyfish_widest_path_switch_down_20260607_084642,h0,jellyfish/widest_path/switch_down/run_scenario_jellyfish_widest_path_switch_down_20260607_084642/h0.pcap,00:00:00:00:02:01,00:00:00:00:00:01,10.0.0.3,10.0.0.1,TCP,5201,44850,66
2026-06-07T08:59:11.065337+00:00,jellyfish,widest_path,switch_down,run_scenario_jellyfish_widest_path_switch_down_20260607_084642,h0,jellyfish/widest_path/switch_down/run_scenario_jellyfish_widest_path_switch_down_20260607_084642/h0.pcap,00:00:00:00:00:01,00:00:00:00:02:01,10.0.0.1,10.0.0.3,TCP,44850,5201,96
2026-06-07T08:59:11.065441+00:00,jellyfish,widest_path,switch_down,run_scenario_jellyfish_widest_path_switch_down_20260607_084642,h0,jellyfish/widest_path/switch_down/run_scenario_jellyfish_widest_path_switch_down_20260607_084642/h0.pcap,00:00:00:00:02:01,00:00:00:00:00:01,10.0.0.3,10.0.0.1,TCP,5201,44850,66
2026-06-07T08:59:11.070793+00:00,jellyfish,widest_path,switch_down,run_scenario_jellyfish_widest_path_switch_down_20260607_084642,h0,jellyfish/widest_path/switch_down/run_scenario_jellyfish_widest_path_switch_down_20260607_084642/h0.pcap,00:00:00:00:00:01,00:00:00:00:02:01,10.0.0.1,10.0.0.3,TCP,44850,5201,96
2026-06-07T08:59:11.070888+00:00,jellyfish,widest_path,switch_down,run_scenario_jellyfish_widest_path_switch_down_20260607_084642,h0,jellyfish/widest_path/switch_down/run_scenario_jellyfish_widest_path_switch_down_20260607_084642/h0.pcap,00:00:00:00:02:01,00:00:00:00:00:01,10.0.0.3,10.0.0.1,TCP,5201,44850,66
2026-06-07T08:59:11.076254+00:00,jellyfish,widest_path,switch_down,run_scenario_jellyfish_widest_path_switch_down_20260607_084642,h0,jellyfish/widest_path/switch_down/run_scenario_jellyfish_widest_path_switch_down_20260607_084642/h0.pcap,00:00:00:00:00:01,00:00:00:00:02:01,10.0.0.1,10.0.0.3,TCP,44850,5201,96
2026-06-07T08:59:11.076392+00:00,jellyfish,widest_path,switch_down,run_scenario_jellyfish_widest_path_switch_down_20260607_084642,h0,jellyfish/widest_path/switch_down/run_scenario_jellyfish_widest_path_switch_down_20260607_084642/h0.pcap,00:00:00:00:02:01,00:00:00:00:00:01,10.0.0.3,10.0.0.1,TCP,5201,44850,66
2026-06-07T08:59:11.081694+00:00,jellyfish,widest_path,switch_down,run_scenario_jellyfish_widest_path_switch_down_20260607_084642,h0,jellyfish/widest_path/switch_down/run_scenario_jellyfish_widest_path_switch_down_20260607_084642/h0.pcap,00:00:00:00:00:01,00:00:00:00:02:01,10.0.0.1,10.0.0.3,TCP,44850,5201,96
2026-06-07T08:59:11.081761+00:00,jellyfish,widest_path,switch_down,run_scenario_jellyfish_widest_path_switch_down_20260607_084642,h0,jellyfish/widest_path/switch_down/run_scenario_jellyfish_widest_path_switch_down_20260607_084642/h0.pcap,00:00:00:00:02:01,00:00:00:00:00:01,10.0.0.3,10.0.0.1,TCP,5201,44850,66
2026-06-07T08:59:11.087143+00:00,jellyfish,widest_path,switch_down,run_scenario_jellyfish_widest_path_switch_down_20260607_084642,h0,jellyfish/widest_path/switch_down/run_scenario_jellyfish_widest_path_switch_down_20260607_084642/h0.pcap,00:00:00:00:00:01,00:00:00:00:02:01,10.0.0.1,10.0.0.3,TCP,44850,5201,96
2026-06-07T08:59:11.087211+00:00,jellyfish,widest_path,switch_down,run_scenario_jellyfish_widest_path_switch_down_20260607_084642,h0,jellyfish/widest_path/switch_down/run_scenario_jellyfish_widest_path_switch_down_20260607_084642/h0.pcap,00:00:00:00:02:01,00:00:00:00:00:01,10.0.0.3,10.0.0.1,TCP,5201,44850,66
2026-06-07T08:59:11.092607+00:00,jellyfish,widest_path,switch_down,run_scenario_jellyfish_widest_path_switch_down_20260607_084642,h0,jellyfish/widest_path/switch_down/run_scenario_jellyfish_widest_path_switch_down_20260607_084642/h0.pcap,00:00:00:00:00:01,00:00:00:00:02:01,10.0.0.1,10.0.0.3,TCP,44850,5201,96
2026-06-07T08:59:11.092714+00:00,jellyfish,widest_path,switch_down,run_scenario_jellyfish_widest_path_switch_down_20260607_084642,h0,jellyfish/widest_path/switch_down/run_scenario_jellyfish_widest_path_switch_down_20260607_084642/h0.pcap,00:00:00:00:02:01,00:00:00:00:00:01,10.0.0.3,10.0.0.1,TCP,5201,44850,66
2026-06-07T08:59:11.098045+00:00,jellyfish,widest_path,switch_down,run_scenario_jellyfish_widest_path_switch_down_20260607_084642,h0,jellyfish/widest_path/switch_down/run_scenario_jellyfish_widest_path_switch_down_20260607_084642/h0.pcap,00:00:00:00:00:01,00:00:00:00:02:01,10.0.0.1,10.0.0.3,TCP,44850,5201,96
2026-06-07T08:59:11.098115+00:00,jellyfish,widest_path,switch_down,run_scenario_jellyfish_widest_path_switch_down_20260607_084642,h0,jellyfish/widest_path/switch_down/run_scenario_jellyfish_widest_path_switch_down_20260607_084642/h0.pcap,00:00:00:00:02:01,00:00:00:00:00:01,10.0.0.3,10.0.0.1,TCP,5201,44850,66
2026-06-07T08:59:11.103500+00:00,jellyfish,widest_path,switch_down,run_scenario_jellyfish_widest_path_switch_down_20260607_084642,h0,jellyfish/widest_path/switch_down/run_scenario_jellyfish_widest_path_switch_down_20260607_084642/h0.pcap,00:00:00:00:00:01,00:00:00:00:02:01,10.0.0.1,10.0.0.3,TCP,44850,5201,96
2026-06-07T08:59:11.103567+00:00,jellyfish,widest_path,switch_down,run_scenario_jellyfish_widest_path_switch_down_20260607_084642,h0,jellyfish/widest_path/switch_down/run_scenario_jellyfish_widest_path_switch_down_20260607_084642/h0.pcap,00:00:00:00:02:01,00:00:00:00:00:01,10.0.0.3,10.0.0.1,TCP,5201,44850,66
2026-06-07T08:59:11.108958+00:00,jellyfish,widest_path,switch_down,run_scenario_jellyfish_widest_path_switch_down_20260607_084642,h0,jellyfish/widest_path/switch_down/run_scenario_jellyfish_widest_path_switch_down_20260607_084642/h0.pcap,00:00:00:00:00:01,00:00:00:00:02:01,10.0.0.1,10.0.0.3,TCP,44850,5201,96
2026-06-07T08:59:11.109066+00:00,jellyfish,widest_path,switch_down,run_scenario_jellyfish_widest_path_switch_down_20260607_084642,h0,jellyfish/widest_path/switch_down/run_scenario_jellyfish_widest_path_switch_down_20260607_084642/h0.pcap,00:00:00:00:02:01,00:00:00:00:00:01,10.0.0.3,10.0.0.1,TCP,5201,44850,66
2026-06-07T08:59:11.114430+00:00,jellyfish,widest_path,switch_down,run_scenario_jellyfish_widest_path_switch_down_20260607_084642,h0,jellyfish/widest_path/switch_down/run_scenario_jellyfish_widest_path_switch_down_20260607_084642/h0.pcap,00:00:00:00:00:01,00:00:00:00:02:01,10.0.0.1,10.0.0.3,TCP,44850,5201,96
2026-06-07T08:59:11.114493+00:00,jellyfish,widest_path,switch_down,run_scenario_jellyfish_widest_path_switch_down_20260607_084642,h0,jellyfish/widest_path/switch_down/run_scenario_jellyfish_widest_path_switch_down_20260607_084642/h0.pcap,00:00:00:00:02:01,00:00:00:00:00:01,10.0.0.3,10.0.0.1,TCP,5201,44850,66
2026-06-07T08:59:11.119865+00:00,jellyfish,widest_path,switch_down,run_scenario_jellyfish_widest_path_switch_down_20260607_084642,h0,jellyfish/widest_path/switch_down/run_scenario_jellyfish_widest_path_switch_down_20260607_084642/h0.pcap,00:00:00:00:00:01,00:00:00:00:02:01,10.0.0.1,10.0.0.3,TCP,44850,5201,96
2026-06-07T08:59:11.119976+00:00,jellyfish,widest_path,switch_down,run_scenario_jellyfish_widest_path_switch_down_20260607_084642,h0,jellyfish/widest_path/switch_down/run_scenario_jellyfish_widest_path_switch_down_20260607_084642/h0.pcap,00:00:00:00:02:01,00:00:00:00:00:01,10.0.0.3,10.0.0.1,TCP,5201,44850,66
2026-06-07T08:59:11.125285+00:00,jellyfish,widest_path,switch_down,run_scenario_jellyfish_widest_path_switch_down_20260607_084642,h0,jellyfish/widest_path/switch_down/run_scenario_jellyfish_widest_path_switch_down_20260607_084642/h0.pcap,00:00:00:00:00:01,00:00:00:00:02:01,10.0.0.1,10.0.0.3,TCP,44850,5201,96
2026-06-07T08:59:11.125370+00:00,jellyfish,widest_path,switch_down,run_scenario_jellyfish_widest_path_switch_down_20260607_084642,h0,jellyfish/widest_path/switch_down/run_scenario_jellyfish_widest_path_switch_down_20260607_084642/h0.pcap,00:00:00:00:02:01,00:00:00:00:00:01,10.0.0.3,10.0.0.1,TCP,5201,44850,66
2026-06-07T08:59:11.130833+00:00,jellyfish,widest_path,switch_down,run_scenario_jellyfish_widest_path_switch_down_20260607_084642,h0,jellyfish/widest_path/switch_down/run_scenario_jellyfish_widest_path_switch_down_20260607_084642/h0.pcap,00:00:00:00:00:01,00:00:00:00:02:01,10.0.0.1,10.0.0.3,TCP,44850,5201,96
2026-06-07T08:59:11.130978+00:00,jellyfish,widest_path,switch_down,run_scenario_jellyfish_widest_path_switch_down_20260607_084642,h0,jellyfish/widest_path/switch_down/run_scenario_jellyfish_widest_path_switch_down_20260607_084642/h0.pcap,00:00:00:00:02:01,00:00:00:00:00:01,10.0.0.3,10.0.0.1,TCP,5201,44850,66
2026-06-07T08:59:11.136241+00:00,jellyfish,widest_path,switch_down,run_scenario_jellyfish_widest_path_switch_down_20260607_084642,h0,jellyfish/widest_path/switch_down/run_scenario_jellyfish_widest_path_switch_down_20260607_084642/h0.pcap,00:00:00:00:00:01,00:00:00:00:02:01,10.0.0.1,10.0.0.3,TCP,44850,5201,96
2026-06-07T08:59:11.136358+00:00,jellyfish,widest_path,switch_down,run_scenario_jellyfish_widest_path_switch_down_20260607_084642,h0,jellyfish/widest_path/switch_down/run_scenario_jellyfish_widest_path_switch_down_20260607_084642/h0.pcap,00:00:00:00:02:01,00:00:00:00:00:01,10.0.0.3,10.0.0.1,TCP,5201,44850,66
2026-06-07T08:59:11.141666+00:00,jellyfish,widest_path,switch_down,run_scenario_jellyfish_widest_path_switch_down_20260607_084642,h0,jellyfish/widest_path/switch_down/run_scenario_jellyfish_widest_path_switch_down_20260607_084642/h0.pcap,00:00:00:00:00:01,00:00:00:00:02:01,10.0.0.1,10.0.0.3,TCP,44850,5201,96
2026-06-07T08:59:11.141739+00:00,jellyfish,widest_path,switch_down,run_scenario_jellyfish_widest_path_switch_down_20260607_084642,h0,jellyfish/widest_path/switch_down/run_scenario_jellyfish_widest_path_switch_down_20260607_084642/h0.pcap,00:00:00:00:02:01,00:00:00:00:00:01,10.0.0.3,10.0.0.1,TCP,5201,44850,66
2026-06-07T08:59:11.147140+00:00,jellyfish,widest_path,switch_down,run_scenario_jellyfish_widest_path_switch_down_20260607_084642,h0,jellyfish/widest_path/switch_down/run_scenario_jellyfish_widest_path_switch_down_20260607_084642/h0.pcap,00:00:00:00:00:01,00:00:00:00:02:01,10.0.0.1,10.0.0.3,TCP,44850,5201,96
2026-06-07T08:59:11.147188+00:00,jellyfish,widest_path,switch_down,run_scenario_jellyfish_widest_path_switch_down_20260607_084642,h0,jellyfish/widest_path/switch_down/run_scenario_jellyfish_widest_path_switch_down_20260607_084642/h0.pcap,00:00:00:00:02:01,00:00:00:00:00:01,10.0.0.3,10.0.0.1,TCP,5201,44850,66
2026-06-07T08:59:11.152573+00:00,jellyfish,widest_path,switch_down,run_scenario_jellyfish_widest_path_switch_down_20260607_084642,h0,jellyfish/widest_path/switch_down/run_scenario_jellyfish_widest_path_switch_down_20260607_084642/h0.pcap,00:00:00:00:00:01,00:00:00:00:02:01,10.0.0.1,10.0.0.3,TCP,44850,5201,96
2026-06-07T08:59:11.152687+00:00,jellyfish,widest_path,switch_down,run_scenario_jellyfish_widest_path_switch_down_20260607_084642,h0,jellyfish/widest_path/switch_down/run_scenario_jellyfish_widest_path_switch_down_20260607_084642/h0.pcap,00:00:00:00:02:01,00:00:00:00:00:01,10.0.0.3,10.0.0.1,TCP,5201,44850,66
2026-06-07T08:59:11.158155+00:00,jellyfish,widest_path,switch_down,run_scenario_jellyfish_widest_path_switch_down_20260607_084642,h0,jellyfish/widest_path/switch_down/run_scenario_jellyfish_widest_path_switch_down_20260607_084642/h0.pcap,00:00:00:00:00:01,00:00:00:00:02:01,10.0.0.1,10.0.0.3,TCP,44850,5201,96
2026-06-07T08:59:11.158251+00:00,jellyfish,widest_path,switch_down,run_scenario_jellyfish_widest_path_switch_down_20260607_084642,h0,jellyfish/widest_path/switch_down/run_scenario_jellyfish_widest_path_switch_down_20260607_084642/h0.pcap,00:00:00:00:02:01,00:00:00:00:00:01,10.0.0.3,10.0.0.1,TCP,5201,44850,66
2026-06-07T08:59:11.163512+00:00,jellyfish,widest_path,switch_down,run_scenario_jellyfish_widest_path_switch_down_20260607_084642,h0,jellyfish/widest_path/switch_down/run_scenario_jellyfish_widest_path_switch_down_20260607_084642/h0.pcap,00:00:00:00:00:01,00:00:00:00:02:01,10.0.0.1,10.0.0.3,TCP,44850,5201,96
2026-06-07T08:59:11.163622+00:00,jellyfish,widest_path,switch_down,run_scenario_jellyfish_widest_path_switch_down_20260607_084642,h0,jellyfish/widest_path/switch_down/run_scenario_jellyfish_widest_path_switch_down_20260607_084642/h0.pcap,00:00:00:00:02:01,00:00:00:00:00:01,10.0.0.3,10.0.0.1,TCP,5201,44850,66
2026-06-07T08:59:11.168960+00:00,jellyfish,widest_path,switch_down,run_scenario_jellyfish_widest_path_switch_down_20260607_084642,h0,jellyfish/widest_path/switch_down/run_scenario_jellyfish_widest_path_switch_down_20260607_084642/h0.pcap,00:00:00:00:00:01,00:00:00:00:02:01,10.0.0.1,10.0.0.3,TCP,44850,5201,96
2026-06-07T08:59:11.169069+00:00,jellyfish,widest_path,switch_down,run_scenario_jellyfish_widest_path_switch_down_20260607_084642,h0,jellyfish/widest_path/switch_down/run_scenario_jellyfish_widest_path_switch_down_20260607_084642/h0.pcap,00:00:00:00:02:01,00:00:00:00:00:01,10.0.0.3,10.0.0.1,TCP,5201,44850,66
2026-06-07T08:59:11.174393+00:00,jellyfish,widest_path,switch_down,run_scenario_jellyfish_widest_path_switch_down_20260607_084642,h0,jellyfish/widest_path/switch_down/run_scenario_jellyfish_widest_path_switch_down_20260607_084642/h0.pcap,00:00:00:00:00:01,00:00:00:00:02:01,10.0.0.1,10.0.0.3,TCP,44850,5201,96
2026-06-07T08:59:11.174484+00:00,jellyfish,widest_path,switch_down,run_scenario_jellyfish_widest_path_switch_down_20260607_084642,h0,jellyfish/widest_path/switch_down/run_scenario_jellyfish_widest_path_switch_down_20260607_084642/h0.pcap,00:00:00:00:02:01,00:00:00:00:00:01,10.0.0.3,10.0.0.1,TCP,5201,44850,66
2026-06-07T08:59:11.179846+00:00,jellyfish,widest_path,switch_down,run_scenario_jellyfish_widest_path_switch_down_20260607_084642,h0,jellyfish/widest_path/switch_down/run_scenario_jellyfish_widest_path_switch_down_20260607_084642/h0.pcap,00:00:00:00:00:01,00:00:00:00:02:01,10.0.0.1,10.0.0.3,TCP,44850,5201,96
2026-06-07T08:59:11.179905+00:00,jellyfish,widest_path,switch_down,run_scenario_jellyfish_widest_path_switch_down_20260607_084642,h0,jellyfish/widest_path/switch_down/run_scenario_jellyfish_widest_path_switch_down_20260607_084642/h0.pcap,00:00:00:00:02:01,00:00:00:00:00:01,10.0.0.3,10.0.0.1,TCP,5201,44850,66
2026-06-07T08:59:11.185288+00:00,jellyfish,widest_path,switch_down,run_scenario_jellyfish_widest_path_switch_down_20260607_084642,h0,jellyfish/widest_path/switch_down/run_scenario_jellyfish_widest_path_switch_down_20260607_084642/h0.pcap,00:00:00:00:00:01,00:00:00:00:02:01,10.0.0.1,10.0.0.3,TCP,44850,5201,96
2026-06-07T08:59:11.185379+00:00,jellyfish,widest_path,switch_down,run_scenario_jellyfish_widest_path_switch_down_20260607_084642,h0,jellyfish/widest_path/switch_down/run_scenario_jellyfish_widest_path_switch_down_20260607_084642/h0.pcap,00:00:00:00:02:01,00:00:00:00:00:01,10.0.0.3,10.0.0.1,TCP,5201,44850,66
2026-06-07T08:59:11.190747+00:00,jellyfish,widest_path,switch_down,run_scenario_jellyfish_widest_path_switch_down_20260607_084642,h0,jellyfish/widest_path/switch_down/run_scenario_jellyfish_widest_path_switch_down_20260607_084642/h0.pcap,00:00:00:00:00:01,00:00:00:00:02:01,10.0.0.1,10.0.0.3,TCP,44850,5201,96
2026-06-07T08:59:11.190822+00:00,jellyfish,widest_path,switch_down,run_scenario_jellyfish_widest_path_switch_down_20260607_084642,h0,jellyfish/widest_path/switch_down/run_scenario_jellyfish_widest_path_switch_down_20260607_084642/h0.pcap,00:00:00:00:02:01,00:00:00:00:00:01,10.0.0.3,10.0.0.1,TCP,5201,44850,66
2026-06-07T08:59:11.196307+00:00,jellyfish,widest_path,switch_down,run_scenario_jellyfish_widest_path_switch_down_20260607_084642,h0,jellyfish/widest_path/switch_down/run_scenario_jellyfish_widest_path_switch_down_20260607_084642/h0.pcap,00:00:00:00:00:01,00:00:00:00:02:01,10.0.0.1,10.0.0.3,TCP,44850,5201,96
2026-06-07T08:59:11.196486+00:00,jellyfish,widest_path,switch_down,run_scenario_jellyfish_widest_path_switch_down_20260607_084642,h0,jellyfish/widest_path/switch_down/run_scenario_jellyfish_widest_path_switch_down_20260607_084642/h0.pcap,00:00:00:00:02:01,00:00:00:00:00:01,10.0.0.3,10.0.0.1,TCP,5201,44850,66
2026-06-07T08:59:11.201654+00:00,jellyfish,widest_path,switch_down,run_scenario_jellyfish_widest_path_switch_down_20260607_084642,h0,jellyfish/widest_path/switch_down/run_scenario_jellyfish_widest_path_switch_down_20260607_084642/h0.pcap,00:00:00:00:00:01,00:00:00:00:02:01,10.0.0.1,10.0.0.3,TCP,44850,5201,96
2026-06-07T08:59:11.201726+00:00,jellyfish,widest_path,switch_down,run_scenario_jellyfish_widest_path_switch_down_20260607_084642,h0,jellyfish/widest_path/switch_down/run_scenario_jellyfish_widest_path_switch_down_20260607_084642/h0.pcap,00:00:00:00:02:01,00:00:00:00:00:01,10.0.0.3,10.0.0.1,TCP,5201,44850,66
2026-06-07T08:59:11.207128+00:00,jellyfish,widest_path,switch_down,run_scenario_jellyfish_widest_path_switch_down_20260607_084642,h0,jellyfish/widest_path/switch_down/run_scenario_jellyfish_widest_path_switch_down_20260607_084642/h0.pcap,00:00:00:00:00:01,00:00:00:00:02:01,10.0.0.1,10.0.0.3,TCP,44850,5201,96
2026-06-07T08:59:11.207191+00:00,jellyfish,widest_path,switch_down,run_scenario_jellyfish_widest_path_switch_down_20260607_084642,h0,jellyfish/widest_path/switch_down/run_scenario_jellyfish_widest_path_switch_down_20260607_084642/h0.pcap,00:00:00:00:02:01,00:00:00:00:00:01,10.0.0.3,10.0.0.1,TCP,5201,44850,66
2026-06-07T08:59:11.212590+00:00,jellyfish,widest_path,switch_down,run_scenario_jellyfish_widest_path_switch_down_20260607_084642,h0,jellyfish/widest_path/switch_down/run_scenario_jellyfish_widest_path_switch_down_20260607_084642/h0.pcap,00:00:00:00:00:01,00:00:00:00:02:01,10.0.0.1,10.0.0.3,TCP,44850,5201,96
2026-06-07T08:59:11.212728+00:00,jellyfish,widest_path,switch_down,run_scenario_jellyfish_widest_path_switch_down_20260607_084642,h0,jellyfish/widest_path/switch_down/run_scenario_jellyfish_widest_path_switch_down_20260607_084642/h0.pcap,00:00:00:00:02:01,00:00:00:00:00:01,10.0.0.3,10.0.0.1,TCP,5201,44850,66
2026-06-07T08:59:11.217978+00:00,jellyfish,widest_path,switch_down,run_scenario_jellyfish_widest_path_switch_down_20260607_084642,h0,jellyfish/widest_path/switch_down/run_scenario_jellyfish_widest_path_switch_down_20260607_084642/h0.pcap,00:00:00:00:00:01,00:00:00:00:02:01,10.0.0.1,10.0.0.3,TCP,44850,5201,96
2026-06-07T08:59:11.218067+00:00,jellyfish,widest_path,switch_down,run_scenario_jellyfish_widest_path_switch_down_20260607_084642,h0,jellyfish/widest_path/switch_down/run_scenario_jellyfish_widest_path_switch_down_20260607_084642/h0.pcap,00:00:00:00:02:01,00:00:00:00:00:01,10.0.0.3,10.0.0.1,TCP,5201,44850,66
2026-06-07T08:59:11.223493+00:00,jellyfish,widest_path,switch_down,run_scenario_jellyfish_widest_path_switch_down_20260607_084642,h0,jellyfish/widest_path/switch_down/run_scenario_jellyfish_widest_path_switch_down_20260607_084642/h0.pcap,00:00:00:00:00:01,00:00:00:00:02:01,10.0.0.1,10.0.0.3,TCP,44850,5201,96
2026-06-07T08:59:11.223549+00:00,jellyfish,widest_path,switch_down,run_scenario_jellyfish_widest_path_switch_down_20260607_084642,h0,jellyfish/widest_path/switch_down/run_scenario_jellyfish_widest_path_switch_down_20260607_084642/h0.pcap,00:00:00:00:02:01,00:00:00:00:00:01,10.0.0.3,10.0.0.1,TCP,5201,44850,66
2026-06-07T08:59:11.228914+00:00,jellyfish,widest_path,switch_down,run_scenario_jellyfish_widest_path_switch_down_20260607_084642,h0,jellyfish/widest_path/switch_down/run_scenario_jellyfish_widest_path_switch_down_20260607_084642/h0.pcap,00:00:00:00:00:01,00:00:00:00:02:01,10.0.0.1,10.0.0.3,TCP,44850,5201,96
2026-06-07T08:59:11.229023+00:00,jellyfish,widest_path,switch_down,run_scenario_jellyfish_widest_path_switch_down_20260607_084642,h0,jellyfish/widest_path/switch_down/run_scenario_jellyfish_widest_path_switch_down_20260607_084642/h0.pcap,00:00:00:00:02:01,00:00:00:00:00:01,10.0.0.3,10.0.0.1,TCP,5201,44850,66
2026-06-07T08:59:11.234361+00:00,jellyfish,widest_path,switch_down,run_scenario_jellyfish_widest_path_switch_down_20260607_084642,h0,jellyfish/widest_path/switch_down/run_scenario_jellyfish_widest_path_switch_down_20260607_084642/h0.pcap,00:00:00:00:00:01,00:00:00:00:02:01,10.0.0.1,10.0.0.3,TCP,44850,5201,96
2026-06-07T08:59:11.234466+00:00,jellyfish,widest_path,switch_down,run_scenario_jellyfish_widest_path_switch_down_20260607_084642,h0,jellyfish/widest_path/switch_down/run_scenario_jellyfish_widest_path_switch_down_20260607_084642/h0.pcap,00:00:00:00:02:01,00:00:00:00:00:01,10.0.0.3,10.0.0.1,TCP,5201,44850,66
2026-06-07T08:59:11.239834+00:00,jellyfish,widest_path,switch_down,run_scenario_jellyfish_widest_path_switch_down_20260607_084642,h0,jellyfish/widest_path/switch_down/run_scenario_jellyfish_widest_path_switch_down_20260607_084642/h0.pcap,00:00:00:00:00:01,00:00:00:00:02:01,10.0.0.1,10.0.0.3,TCP,44850,5201,96
2026-06-07T08:59:11.239899+00:00,jellyfish,widest_path,switch_down,run_scenario_jellyfish_widest_path_switch_down_20260607_084642,h0,jellyfish/widest_path/switch_down/run_scenario_jellyfish_widest_path_switch_down_20260607_084642/h0.pcap,00:00:00:00:02:01,00:00:00:00:00:01,10.0.0.3,10.0.0.1,TCP,5201,44850,66
2026-06-07T08:59:11.245256+00:00,jellyfish,widest_path,switch_down,run_scenario_jellyfish_widest_path_switch_down_20260607_084642,h0,jellyfish/widest_path/switch_down/run_scenario_jellyfish_widest_path_switch_down_20260607_084642/h0.pcap,00:00:00:00:00:01,00:00:00:00:02:01,10.0.0.1,10.0.0.3,TCP,44850,5201,96
2026-06-07T08:59:11.245358+00:00,jellyfish,widest_path,switch_down,run_scenario_jellyfish_widest_path_switch_down_20260607_084642,h0,jellyfish/widest_path/switch_down/run_scenario_jellyfish_widest_path_switch_down_20260607_084642/h0.pcap,00:00:00:00:02:01,00:00:00:00:00:01,10.0.0.3,10.0.0.1,TCP,5201,44850,66
2026-06-07T08:59:11.250700+00:00,jellyfish,widest_path,switch_down,run_scenario_jellyfish_widest_path_switch_down_20260607_084642,h0,jellyfish/widest_path/switch_down/run_scenario_jellyfish_widest_path_switch_down_20260607_084642/h0.pcap,00:00:00:00:00:01,00:00:00:00:02:01,10.0.0.1,10.0.0.3,TCP,44850,5201,96
2026-06-07T08:59:11.250777+00:00,jellyfish,widest_path,switch_down,run_scenario_jellyfish_widest_path_switch_down_20260607_084642,h0,jellyfish/widest_path/switch_down/run_scenario_jellyfish_widest_path_switch_down_20260607_084642/h0.pcap,00:00:00:00:02:01,00:00:00:00:00:01,10.0.0.3,10.0.0.1,TCP,5201,44850,66
2026-06-07T08:59:11.256150+00:00,jellyfish,widest_path,switch_down,run_scenario_jellyfish_widest_path_switch_down_20260607_084642,h0,jellyfish/widest_path/switch_down/run_scenario_jellyfish_widest_path_switch_down_20260607_084642/h0.pcap,00:00:00:00:00:01,00:00:00:00:02:01,10.0.0.1,10.0.0.3,TCP,44850,5201,96
2026-06-07T08:59:11.256221+00:00,jellyfish,widest_path,switch_down,run_scenario_jellyfish_widest_path_switch_down_20260607_084642,h0,jellyfish/widest_path/switch_down/run_scenario_jellyfish_widest_path_switch_down_20260607_084642/h0.pcap,00:00:00:00:02:01,00:00:00:00:00:01,10.0.0.3,10.0.0.1,TCP,5201,44850,66
2026-06-07T08:59:11.261674+00:00,jellyfish,widest_path,switch_down,run_scenario_jellyfish_widest_path_switch_down_20260607_084642,h0,jellyfish/widest_path/switch_down/run_scenario_jellyfish_widest_path_switch_down_20260607_084642/h0.pcap,00:00:00:00:00:01,00:00:00:00:02:01,10.0.0.1,10.0.0.3,TCP,44850,5201,96
2026-06-07T08:59:11.261822+00:00,jellyfish,widest_path,switch_down,run_scenario_jellyfish_widest_path_switch_down_20260607_084642,h0,jellyfish/widest_path/switch_down/run_scenario_jellyfish_widest_path_switch_down_20260607_084642/h0.pcap,00:00:00:00:02:01,00:00:00:00:00:01,10.0.0.3,10.0.0.1,TCP,5201,44850,66
2026-06-07T08:59:11.267052+00:00,jellyfish,widest_path,switch_down,run_scenario_jellyfish_widest_path_switch_down_20260607_084642,h0,jellyfish/widest_path/switch_down/run_scenario_jellyfish_widest_path_switch_down_20260607_084642/h0.pcap,00:00:00:00:00:01,00:00:00:00:02:01,10.0.0.1,10.0.0.3,TCP,44850,5201,96
2026-06-07T08:59:11.267128+00:00,jellyfish,widest_path,switch_down,run_scenario_jellyfish_widest_path_switch_down_20260607_084642,h0,jellyfish/widest_path/switch_down/run_scenario_jellyfish_widest_path_switch_down_20260607_084642/h0.pcap,00:00:00:00:02:01,00:00:00:00:00:01,10.0.0.3,10.0.0.1,TCP,5201,44850,66
2026-06-07T08:59:11.272545+00:00,jellyfish,widest_path,switch_down,run_scenario_jellyfish_widest_path_switch_down_20260607_084642,h0,jellyfish/widest_path/switch_down/run_scenario_jellyfish_widest_path_switch_down_20260607_084642/h0.pcap,00:00:00:00:00:01,00:00:00:00:02:01,10.0.0.1,10.0.0.3,TCP,44850,5201,96
2026-06-07T08:59:11.272658+00:00,jellyfish,widest_path,switch_down,run_scenario_jellyfish_widest_path_switch_down_20260607_084642,h0,jellyfish/widest_path/switch_down/run_scenario_jellyfish_widest_path_switch_down_20260607_084642/h0.pcap,00:00:00:00:02:01,00:00:00:00:00:01,10.0.0.3,10.0.0.1,TCP,5201,44850,66
2026-06-07T08:59:11.277957+00:00,jellyfish,widest_path,switch_down,run_scenario_jellyfish_widest_path_switch_down_20260607_084642,h0,jellyfish/widest_path/switch_down/run_scenario_jellyfish_widest_path_switch_down_20260607_084642/h0.pcap,00:00:00:00:00:01,00:00:00:00:02:01,10.0.0.1,10.0.0.3,TCP,44850,5201,96
2026-06-07T08:59:11.278035+00:00,jellyfish,widest_path,switch_down,run_scenario_jellyfish_widest_path_switch_down_20260607_084642,h0,jellyfish/widest_path/switch_down/run_scenario_jellyfish_widest_path_switch_down_20260607_084642/h0.pcap,00:00:00:00:02:01,00:00:00:00:00:01,10.0.0.3,10.0.0.1,TCP,5201,44850,66
2026-06-07T08:59:11.283402+00:00,jellyfish,widest_path,switch_down,run_scenario_jellyfish_widest_path_switch_down_20260607_084642,h0,jellyfish/widest_path/switch_down/run_scenario_jellyfish_widest_path_switch_down_20260607_084642/h0.pcap,00:00:00:00:00:01,00:00:00:00:02:01,10.0.0.1,10.0.0.3,TCP,44850,5201,96
2026-06-07T08:59:11.283502+00:00,jellyfish,widest_path,switch_down,run_scenario_jellyfish_widest_path_switch_down_20260607_084642,h0,jellyfish/widest_path/switch_down/run_scenario_jellyfish_widest_path_switch_down_20260607_084642/h0.pcap,00:00:00:00:02:01,00:00:00:00:00:01,10.0.0.3,10.0.0.1,TCP,5201,44850,66
2026-06-07T08:59:11.288848+00:00,jellyfish,widest_path,switch_down,run_scenario_jellyfish_widest_path_switch_down_20260607_084642,h0,jellyfish/widest_path/switch_down/run_scenario_jellyfish_widest_path_switch_down_20260607_084642/h0.pcap,00:00:00:00:00:01,00:00:00:00:02:01,10.0.0.1,10.0.0.3,TCP,44850,5201,96
2026-06-07T08:59:11.288948+00:00,jellyfish,widest_path,switch_down,run_scenario_jellyfish_widest_path_switch_down_20260607_084642,h0,jellyfish/widest_path/switch_down/run_scenario_jellyfish_widest_path_switch_down_20260607_084642/h0.pcap,00:00:00:00:02:01,00:00:00:00:00:01,10.0.0.3,10.0.0.1,TCP,5201,44850,66
2026-06-07T08:59:11.294304+00:00,jellyfish,widest_path,switch_down,run_scenario_jellyfish_widest_path_switch_down_20260607_084642,h0,jellyfish/widest_path/switch_down/run_scenario_jellyfish_widest_path_switch_down_20260607_084642/h0.pcap,00:00:00:00:00:01,00:00:00:00:02:01,10.0.0.1,10.0.0.3,TCP,44850,5201,96
2026-06-07T08:59:11.294375+00:00,jellyfish,widest_path,switch_down,run_scenario_jellyfish_widest_path_switch_down_20260607_084642,h0,jellyfish/widest_path/switch_down/run_scenario_jellyfish_widest_path_switch_down_20260607_084642/h0.pcap,00:00:00:00:02:01,00:00:00:00:00:01,10.0.0.3,10.0.0.1,TCP,5201,44850,66
2026-06-07T08:59:11.299754+00:00,jellyfish,widest_path,switch_down,run_scenario_jellyfish_widest_path_switch_down_20260607_084642,h0,jellyfish/widest_path/switch_down/run_scenario_jellyfish_widest_path_switch_down_20260607_084642/h0.pcap,00:00:00:00:00:01,00:00:00:00:02:01,10.0.0.1,10.0.0.3,TCP,44850,5201,96
2026-06-07T08:59:11.299836+00:00,jellyfish,widest_path,switch_down,run_scenario_jellyfish_widest_path_switch_down_20260607_084642,h0,jellyfish/widest_path/switch_down/run_scenario_jellyfish_widest_path_switch_down_20260607_084642/h0.pcap,00:00:00:00:02:01,00:00:00:00:00:01,10.0.0.3,10.0.0.1,TCP,5201,44850,66
2026-06-07T08:59:11.305197+00:00,jellyfish,widest_path,switch_down,run_scenario_jellyfish_widest_path_switch_down_20260607_084642,h0,jellyfish/widest_path/switch_down/run_scenario_jellyfish_widest_path_switch_down_20260607_084642/h0.pcap,00:00:00:00:00:01,00:00:00:00:02:01,10.0.0.1,10.0.0.3,TCP,44850,5201,96
2026-06-07T08:59:11.305321+00:00,jellyfish,widest_path,switch_down,run_scenario_jellyfish_widest_path_switch_down_20260607_084642,h0,jellyfish/widest_path/switch_down/run_scenario_jellyfish_widest_path_switch_down_20260607_084642/h0.pcap,00:00:00:00:02:01,00:00:00:00:00:01,10.0.0.3,10.0.0.1,TCP,5201,44850,66
2026-06-07T08:59:11.310648+00:00,jellyfish,widest_path,switch_down,run_scenario_jellyfish_widest_path_switch_down_20260607_084642,h0,jellyfish/widest_path/switch_down/run_scenario_jellyfish_widest_path_switch_down_20260607_084642/h0.pcap,00:00:00:00:00:01,00:00:00:00:02:01,10.0.0.1,10.0.0.3,TCP,44850,5201,96
2026-06-07T08:59:11.310751+00:00,jellyfish,widest_path,switch_down,run_scenario_jellyfish_widest_path_switch_down_20260607_084642,h0,jellyfish/widest_path/switch_down/run_scenario_jellyfish_widest_path_switch_down_20260607_084642/h0.pcap,00:00:00:00:02:01,00:00:00:00:00:01,10.0.0.3,10.0.0.1,TCP,5201,44850,66
2026-06-07T08:59:11.316104+00:00,jellyfish,widest_path,switch_down,run_scenario_jellyfish_widest_path_switch_down_20260607_084642,h0,jellyfish/widest_path/switch_down/run_scenario_jellyfish_widest_path_switch_down_20260607_084642/h0.pcap,00:00:00:00:00:01,00:00:00:00:02:01,10.0.0.1,10.0.0.3,TCP,44850,5201,96
2026-06-07T08:59:11.316181+00:00,jellyfish,widest_path,switch_down,run_scenario_jellyfish_widest_path_switch_down_20260607_084642,h0,jellyfish/widest_path/switch_down/run_scenario_jellyfish_widest_path_switch_down_20260607_084642/h0.pcap,00:00:00:00:02:01,00:00:00:00:00:01,10.0.0.3,10.0.0.1,TCP,5201,44850,66
2026-06-07T08:59:11.321561+00:00,jellyfish,widest_path,switch_down,run_scenario_jellyfish_widest_path_switch_down_20260607_084642,h0,jellyfish/widest_path/switch_down/run_scenario_jellyfish_widest_path_switch_down_20260607_084642/h0.pcap,00:00:00:00:00:01,00:00:00:00:02:01,10.0.0.1,10.0.0.3,TCP,44850,5201,96
2026-06-07T08:59:11.321655+00:00,jellyfish,widest_path,switch_down,run_scenario_jellyfish_widest_path_switch_down_20260607_084642,h0,jellyfish/widest_path/switch_down/run_scenario_jellyfish_widest_path_switch_down_20260607_084642/h0.pcap,00:00:00:00:02:01,00:00:00:00:00:01,10.0.0.3,10.0.0.1,TCP,5201,44850,66
2026-06-07T08:59:11.327020+00:00,jellyfish,widest_path,switch_down,run_scenario_jellyfish_widest_path_switch_down_20260607_084642,h0,jellyfish/widest_path/switch_down/run_scenario_jellyfish_widest_path_switch_down_20260607_084642/h0.pcap,00:00:00:00:00:01,00:00:00:00:02:01,10.0.0.1,10.0.0.3,TCP,44850,5201,96
2026-06-07T08:59:11.327259+00:00,jellyfish,widest_path,switch_down,run_scenario_jellyfish_widest_path_switch_down_20260607_084642,h0,jellyfish/widest_path/switch_down/run_scenario_jellyfish_widest_path_switch_down_20260607_084642/h0.pcap,00:00:00:00:02:01,00:00:00:00:00:01,10.0.0.3,10.0.0.1,TCP,5201,44850,66
2026-06-07T08:59:11.332457+00:00,jellyfish,widest_path,switch_down,run_scenario_jellyfish_widest_path_switch_down_20260607_084642,h0,jellyfish/widest_path/switch_down/run_scenario_jellyfish_widest_path_switch_down_20260607_084642/h0.pcap,00:00:00:00:00:01,00:00:00:00:02:01,10.0.0.1,10.0.0.3,TCP,44850,5201,96
2026-06-07T08:59:11.332521+00:00,jellyfish,widest_path,switch_down,run_scenario_jellyfish_widest_path_switch_down_20260607_084642,h0,jellyfish/widest_path/switch_down/run_scenario_jellyfish_widest_path_switch_down_20260607_084642/h0.pcap,00:00:00:00:02:01,00:00:00:00:00:01,10.0.0.3,10.0.0.1,TCP,5201,44850,66
2026-06-07T08:59:11.337914+00:00,jellyfish,widest_path,switch_down,run_scenario_jellyfish_widest_path_switch_down_20260607_084642,h0,jellyfish/widest_path/switch_down/run_scenario_jellyfish_widest_path_switch_down_20260607_084642/h0.pcap,00:00:00:00:00:01,00:00:00:00:02:01,10.0.0.1,10.0.0.3,TCP,44850,5201,96
2026-06-07T08:59:11.338042+00:00,jellyfish,widest_path,switch_down,run_scenario_jellyfish_widest_path_switch_down_20260607_084642,h0,jellyfish/widest_path/switch_down/run_scenario_jellyfish_widest_path_switch_down_20260607_084642/h0.pcap,00:00:00:00:02:01,00:00:00:00:00:01,10.0.0.3,10.0.0.1,TCP,5201,44850,66
2026-06-07T08:59:11.343357+00:00,jellyfish,widest_path,switch_down,run_scenario_jellyfish_widest_path_switch_down_20260607_084642,h0,jellyfish/widest_path/switch_down/run_scenario_jellyfish_widest_path_switch_down_20260607_084642/h0.pcap,00:00:00:00:00:01,00:00:00:00:02:01,10.0.0.1,10.0.0.3,TCP,44850,5201,96
2026-06-07T08:59:11.343455+00:00,jellyfish,widest_path,switch_down,run_scenario_jellyfish_widest_path_switch_down_20260607_084642,h0,jellyfish/widest_path/switch_down/run_scenario_jellyfish_widest_path_switch_down_20260607_084642/h0.pcap,00:00:00:00:02:01,00:00:00:00:00:01,10.0.0.3,10.0.0.1,TCP,5201,44850,66
2026-06-07T08:59:11.348811+00:00,jellyfish,widest_path,switch_down,run_scenario_jellyfish_widest_path_switch_down_20260607_084642,h0,jellyfish/widest_path/switch_down/run_scenario_jellyfish_widest_path_switch_down_20260607_084642/h0.pcap,00:00:00:00:00:01,00:00:00:00:02:01,10.0.0.1,10.0.0.3,TCP,44850,5201,96
2026-06-07T08:59:11.348901+00:00,jellyfish,widest_path,switch_down,run_scenario_jellyfish_widest_path_switch_down_20260607_084642,h0,jellyfish/widest_path/switch_down/run_scenario_jellyfish_widest_path_switch_down_20260607_084642/h0.pcap,00:00:00:00:02:01,00:00:00:00:00:01,10.0.0.3,10.0.0.1,TCP,5201,44850,66
2026-06-07T08:59:11.354258+00:00,jellyfish,widest_path,switch_down,run_scenario_jellyfish_widest_path_switch_down_20260607_084642,h0,jellyfish/widest_path/switch_down/run_scenario_jellyfish_widest_path_switch_down_20260607_084642/h0.pcap,00:00:00:00:00:01,00:00:00:00:02:01,10.0.0.1,10.0.0.3,TCP,44850,5201,96
2026-06-07T08:59:11.354348+00:00,jellyfish,widest_path,switch_down,run_scenario_jellyfish_widest_path_switch_down_20260607_084642,h0,jellyfish/widest_path/switch_down/run_scenario_jellyfish_widest_path_switch_down_20260607_084642/h0.pcap,00:00:00:00:02:01,00:00:00:00:00:01,10.0.0.3,10.0.0.1,TCP,5201,44850,66
2026-06-07T08:59:11.359721+00:00,jellyfish,widest_path,switch_down,run_scenario_jellyfish_widest_path_switch_down_20260607_084642,h0,jellyfish/widest_path/switch_down/run_scenario_jellyfish_widest_path_switch_down_20260607_084642/h0.pcap,00:00:00:00:00:01,00:00:00:00:02:01,10.0.0.1,10.0.0.3,TCP,44850,5201,96
2026-06-07T08:59:11.359811+00:00,jellyfish,widest_path,switch_down,run_scenario_jellyfish_widest_path_switch_down_20260607_084642,h0,jellyfish/widest_path/switch_down/run_scenario_jellyfish_widest_path_switch_down_20260607_084642/h0.pcap,00:00:00:00:02:01,00:00:00:00:00:01,10.0.0.3,10.0.0.1,TCP,5201,44850,66
2026-06-07T08:59:11.365147+00:00,jellyfish,widest_path,switch_down,run_scenario_jellyfish_widest_path_switch_down_20260607_084642,h0,jellyfish/widest_path/switch_down/run_scenario_jellyfish_widest_path_switch_down_20260607_084642/h0.pcap,00:00:00:00:00:01,00:00:00:00:02:01,10.0.0.1,10.0.0.3,TCP,44850,5201,96
2026-06-07T08:59:11.365254+00:00,jellyfish,widest_path,switch_down,run_scenario_jellyfish_widest_path_switch_down_20260607_084642,h0,jellyfish/widest_path/switch_down/run_scenario_jellyfish_widest_path_switch_down_20260607_084642/h0.pcap,00:00:00:00:02:01,00:00:00:00:00:01,10.0.0.3,10.0.0.1,TCP,5201,44850,66
2026-06-07T08:59:11.370610+00:00,jellyfish,widest_path,switch_down,run_scenario_jellyfish_widest_path_switch_down_20260607_084642,h0,jellyfish/widest_path/switch_down/run_scenario_jellyfish_widest_path_switch_down_20260607_084642/h0.pcap,00:00:00:00:00:01,00:00:00:00:02:01,10.0.0.1,10.0.0.3,TCP,44850,5201,96
2026-06-07T08:59:11.370695+00:00,jellyfish,widest_path,switch_down,run_scenario_jellyfish_widest_path_switch_down_20260607_084642,h0,jellyfish/widest_path/switch_down/run_scenario_jellyfish_widest_path_switch_down_20260607_084642/h0.pcap,00:00:00:00:02:01,00:00:00:00:00:01,10.0.0.3,10.0.0.1,TCP,5201,44850,66
2026-06-07T08:59:11.376096+00:00,jellyfish,widest_path,switch_down,run_scenario_jellyfish_widest_path_switch_down_20260607_084642,h0,jellyfish/widest_path/switch_down/run_scenario_jellyfish_widest_path_switch_down_20260607_084642/h0.pcap,00:00:00:00:00:01,00:00:00:00:02:01,10.0.0.1,10.0.0.3,TCP,44850,5201,96
2026-06-07T08:59:11.376193+00:00,jellyfish,widest_path,switch_down,run_scenario_jellyfish_widest_path_switch_down_20260607_084642,h0,jellyfish/widest_path/switch_down/run_scenario_jellyfish_widest_path_switch_down_20260607_084642/h0.pcap,00:00:00:00:02:01,00:00:00:00:00:01,10.0.0.3,10.0.0.1,TCP,5201,44850,66
2026-06-07T08:59:11.381540+00:00,jellyfish,widest_path,switch_down,run_scenario_jellyfish_widest_path_switch_down_20260607_084642,h0,jellyfish/widest_path/switch_down/run_scenario_jellyfish_widest_path_switch_down_20260607_084642/h0.pcap,00:00:00:00:00:01,00:00:00:00:02:01,10.0.0.1,10.0.0.3,TCP,44850,5201,96
2026-06-07T08:59:11.381623+00:00,jellyfish,widest_path,switch_down,run_scenario_jellyfish_widest_path_switch_down_20260607_084642,h0,jellyfish/widest_path/switch_down/run_scenario_jellyfish_widest_path_switch_down_20260607_084642/h0.pcap,00:00:00:00:02:01,00:00:00:00:00:01,10.0.0.3,10.0.0.1,TCP,5201,44850,66
2026-06-07T08:59:11.386974+00:00,jellyfish,widest_path,switch_down,run_scenario_jellyfish_widest_path_switch_down_20260607_084642,h0,jellyfish/widest_path/switch_down/run_scenario_jellyfish_widest_path_switch_down_20260607_084642/h0.pcap,00:00:00:00:00:01,00:00:00:00:02:01,10.0.0.1,10.0.0.3,TCP,44850,5201,96
2026-06-07T08:59:11.387038+00:00,jellyfish,widest_path,switch_down,run_scenario_jellyfish_widest_path_switch_down_20260607_084642,h0,jellyfish/widest_path/switch_down/run_scenario_jellyfish_widest_path_switch_down_20260607_084642/h0.pcap,00:00:00:00:02:01,00:00:00:00:00:01,10.0.0.3,10.0.0.1,TCP,5201,44850,66
2026-06-07T08:59:11.392418+00:00,jellyfish,widest_path,switch_down,run_scenario_jellyfish_widest_path_switch_down_20260607_084642,h0,jellyfish/widest_path/switch_down/run_scenario_jellyfish_widest_path_switch_down_20260607_084642/h0.pcap,00:00:00:00:00:01,00:00:00:00:02:01,10.0.0.1,10.0.0.3,TCP,44850,5201,96
2026-06-07T08:59:11.392509+00:00,jellyfish,widest_path,switch_down,run_scenario_jellyfish_widest_path_switch_down_20260607_084642,h0,jellyfish/widest_path/switch_down/run_scenario_jellyfish_widest_path_switch_down_20260607_084642/h0.pcap,00:00:00:00:02:01,00:00:00:00:00:01,10.0.0.3,10.0.0.1,TCP,5201,44850,66
2026-06-07T08:59:11.397854+00:00,jellyfish,widest_path,switch_down,run_scenario_jellyfish_widest_path_switch_down_20260607_084642,h0,jellyfish/widest_path/switch_down/run_scenario_jellyfish_widest_path_switch_down_20260607_084642/h0.pcap,00:00:00:00:00:01,00:00:00:00:02:01,10.0.0.1,10.0.0.3,TCP,44850,5201,96
2026-06-07T08:59:11.397966+00:00,jellyfish,widest_path,switch_down,run_scenario_jellyfish_widest_path_switch_down_20260607_084642,h0,jellyfish/widest_path/switch_down/run_scenario_jellyfish_widest_path_switch_down_20260607_084642/h0.pcap,00:00:00:00:02:01,00:00:00:00:00:01,10.0.0.3,10.0.0.1,TCP,5201,44850,66
2026-06-07T08:59:11.403360+00:00,jellyfish,widest_path,switch_down,run_scenario_jellyfish_widest_path_switch_down_20260607_084642,h0,jellyfish/widest_path/switch_down/run_scenario_jellyfish_widest_path_switch_down_20260607_084642/h0.pcap,00:00:00:00:00:01,00:00:00:00:02:01,10.0.0.1,10.0.0.3,TCP,44850,5201,96
2026-06-07T08:59:11.403491+00:00,jellyfish,widest_path,switch_down,run_scenario_jellyfish_widest_path_switch_down_20260607_084642,h0,jellyfish/widest_path/switch_down/run_scenario_jellyfish_widest_path_switch_down_20260607_084642/h0.pcap,00:00:00:00:02:01,00:00:00:00:00:01,10.0.0.3,10.0.0.1,TCP,5201,44850,66
2026-06-07T08:59:11.408760+00:00,jellyfish,widest_path,switch_down,run_scenario_jellyfish_widest_path_switch_down_20260607_084642,h0,jellyfish/widest_path/switch_down/run_scenario_jellyfish_widest_path_switch_down_20260607_084642/h0.pcap,00:00:00:00:00:01,00:00:00:00:02:01,10.0.0.1,10.0.0.3,TCP,44850,5201,96
2026-06-07T08:59:11.408833+00:00,jellyfish,widest_path,switch_down,run_scenario_jellyfish_widest_path_switch_down_20260607_084642,h0,jellyfish/widest_path/switch_down/run_scenario_jellyfish_widest_path_switch_down_20260607_084642/h0.pcap,00:00:00:00:02:01,00:00:00:00:00:01,10.0.0.3,10.0.0.1,TCP,5201,44850,66
2026-06-07T08:59:11.414200+00:00,jellyfish,widest_path,switch_down,run_scenario_jellyfish_widest_path_switch_down_20260607_084642,h0,jellyfish/widest_path/switch_down/run_scenario_jellyfish_widest_path_switch_down_20260607_084642/h0.pcap,00:00:00:00:00:01,00:00:00:00:02:01,10.0.0.1,10.0.0.3,TCP,44850,5201,96
2026-06-07T08:59:11.414321+00:00,jellyfish,widest_path,switch_down,run_scenario_jellyfish_widest_path_switch_down_20260607_084642,h0,jellyfish/widest_path/switch_down/run_scenario_jellyfish_widest_path_switch_down_20260607_084642/h0.pcap,00:00:00:00:02:01,00:00:00:00:00:01,10.0.0.3,10.0.0.1,TCP,5201,44850,66
2026-06-07T08:59:11.419779+00:00,jellyfish,widest_path,switch_down,run_scenario_jellyfish_widest_path_switch_down_20260607_084642,h0,jellyfish/widest_path/switch_down/run_scenario_jellyfish_widest_path_switch_down_20260607_084642/h0.pcap,00:00:00:00:00:01,00:00:00:00:02:01,10.0.0.1,10.0.0.3,TCP,44850,5201,96
2026-06-07T08:59:11.419936+00:00,jellyfish,widest_path,switch_down,run_scenario_jellyfish_widest_path_switch_down_20260607_084642,h0,jellyfish/widest_path/switch_down/run_scenario_jellyfish_widest_path_switch_down_20260607_084642/h0.pcap,00:00:00:00:02:01,00:00:00:00:00:01,10.0.0.3,10.0.0.1,TCP,5201,44850,66
2026-06-07T08:59:11.425130+00:00,jellyfish,widest_path,switch_down,run_scenario_jellyfish_widest_path_switch_down_20260607_084642,h0,jellyfish/widest_path/switch_down/run_scenario_jellyfish_widest_path_switch_down_20260607_084642/h0.pcap,00:00:00:00:00:01,00:00:00:00:02:01,10.0.0.1,10.0.0.3,TCP,44850,5201,96
2026-06-07T08:59:11.425222+00:00,jellyfish,widest_path,switch_down,run_scenario_jellyfish_widest_path_switch_down_20260607_084642,h0,jellyfish/widest_path/switch_down/run_scenario_jellyfish_widest_path_switch_down_20260607_084642/h0.pcap,00:00:00:00:02:01,00:00:00:00:00:01,10.0.0.3,10.0.0.1,TCP,5201,44850,66
2026-06-07T08:59:11.430579+00:00,jellyfish,widest_path,switch_down,run_scenario_jellyfish_widest_path_switch_down_20260607_084642,h0,jellyfish/widest_path/switch_down/run_scenario_jellyfish_widest_path_switch_down_20260607_084642/h0.pcap,00:00:00:00:00:01,00:00:00:00:02:01,10.0.0.1,10.0.0.3,TCP,44850,5201,96
2026-06-07T08:59:11.430691+00:00,jellyfish,widest_path,switch_down,run_scenario_jellyfish_widest_path_switch_down_20260607_084642,h0,jellyfish/widest_path/switch_down/run_scenario_jellyfish_widest_path_switch_down_20260607_084642/h0.pcap,00:00:00:00:02:01,00:00:00:00:00:01,10.0.0.3,10.0.0.1,TCP,5201,44850,66
2026-06-07T08:59:11.436031+00:00,jellyfish,widest_path,switch_down,run_scenario_jellyfish_widest_path_switch_down_20260607_084642,h0,jellyfish/widest_path/switch_down/run_scenario_jellyfish_widest_path_switch_down_20260607_084642/h0.pcap,00:00:00:00:00:01,00:00:00:00:02:01,10.0.0.1,10.0.0.3,TCP,44850,5201,96
2026-06-07T08:59:11.436144+00:00,jellyfish,widest_path,switch_down,run_scenario_jellyfish_widest_path_switch_down_20260607_084642,h0,jellyfish/widest_path/switch_down/run_scenario_jellyfish_widest_path_switch_down_20260607_084642/h0.pcap,00:00:00:00:02:01,00:00:00:00:00:01,10.0.0.3,10.0.0.1,TCP,5201,44850,66
2026-06-07T08:59:11.441476+00:00,jellyfish,widest_path,switch_down,run_scenario_jellyfish_widest_path_switch_down_20260607_084642,h0,jellyfish/widest_path/switch_down/run_scenario_jellyfish_widest_path_switch_down_20260607_084642/h0.pcap,00:00:00:00:00:01,00:00:00:00:02:01,10.0.0.1,10.0.0.3,TCP,44850,5201,96
2026-06-07T08:59:11.441586+00:00,jellyfish,widest_path,switch_down,run_scenario_jellyfish_widest_path_switch_down_20260607_084642,h0,jellyfish/widest_path/switch_down/run_scenario_jellyfish_widest_path_switch_down_20260607_084642/h0.pcap,00:00:00:00:02:01,00:00:00:00:00:01,10.0.0.3,10.0.0.1,TCP,5201,44850,66
2026-06-07T08:59:11.446930+00:00,jellyfish,widest_path,switch_down,run_scenario_jellyfish_widest_path_switch_down_20260607_084642,h0,jellyfish/widest_path/switch_down/run_scenario_jellyfish_widest_path_switch_down_20260607_084642/h0.pcap,00:00:00:00:00:01,00:00:00:00:02:01,10.0.0.1,10.0.0.3,TCP,44850,5201,96
2026-06-07T08:59:11.447031+00:00,jellyfish,widest_path,switch_down,run_scenario_jellyfish_widest_path_switch_down_20260607_084642,h0,jellyfish/widest_path/switch_down/run_scenario_jellyfish_widest_path_switch_down_20260607_084642/h0.pcap,00:00:00:00:02:01,00:00:00:00:00:01,10.0.0.3,10.0.0.1,TCP,5201,44850,66
2026-06-07T08:59:11.452385+00:00,jellyfish,widest_path,switch_down,run_scenario_jellyfish_widest_path_switch_down_20260607_084642,h0,jellyfish/widest_path/switch_down/run_scenario_jellyfish_widest_path_switch_down_20260607_084642/h0.pcap,00:00:00:00:00:01,00:00:00:00:02:01,10.0.0.1,10.0.0.3,TCP,44850,5201,96
2026-06-07T08:59:11.452462+00:00,jellyfish,widest_path,switch_down,run_scenario_jellyfish_widest_path_switch_down_20260607_084642,h0,jellyfish/widest_path/switch_down/run_scenario_jellyfish_widest_path_switch_down_20260607_084642/h0.pcap,00:00:00:00:02:01,00:00:00:00:00:01,10.0.0.3,10.0.0.1,TCP,5201,44850,66
2026-06-07T08:59:11.457830+00:00,jellyfish,widest_path,switch_down,run_scenario_jellyfish_widest_path_switch_down_20260607_084642,h0,jellyfish/widest_path/switch_down/run_scenario_jellyfish_widest_path_switch_down_20260607_084642/h0.pcap,00:00:00:00:00:01,00:00:00:00:02:01,10.0.0.1,10.0.0.3,TCP,44850,5201,96
2026-06-07T08:59:11.457966+00:00,jellyfish,widest_path,switch_down,run_scenario_jellyfish_widest_path_switch_down_20260607_084642,h0,jellyfish/widest_path/switch_down/run_scenario_jellyfish_widest_path_switch_down_20260607_084642/h0.pcap,00:00:00:00:02:01,00:00:00:00:00:01,10.0.0.3,10.0.0.1,TCP,5201,44850,66
2026-06-07T08:59:11.463269+00:00,jellyfish,widest_path,switch_down,run_scenario_jellyfish_widest_path_switch_down_20260607_084642,h0,jellyfish/widest_path/switch_down/run_scenario_jellyfish_widest_path_switch_down_20260607_084642/h0.pcap,00:00:00:00:00:01,00:00:00:00:02:01,10.0.0.1,10.0.0.3,TCP,44850,5201,96
2026-06-07T08:59:11.463381+00:00,jellyfish,widest_path,switch_down,run_scenario_jellyfish_widest_path_switch_down_20260607_084642,h0,jellyfish/widest_path/switch_down/run_scenario_jellyfish_widest_path_switch_down_20260607_084642/h0.pcap,00:00:00:00:02:01,00:00:00:00:00:01,10.0.0.3,10.0.0.1,TCP,5201,44850,66
2026-06-07T08:59:11.468719+00:00,jellyfish,widest_path,switch_down,run_scenario_jellyfish_widest_path_switch_down_20260607_084642,h0,jellyfish/widest_path/switch_down/run_scenario_jellyfish_widest_path_switch_down_20260607_084642/h0.pcap,00:00:00:00:00:01,00:00:00:00:02:01,10.0.0.1,10.0.0.3,TCP,44850,5201,96
2026-06-07T08:59:11.468839+00:00,jellyfish,widest_path,switch_down,run_scenario_jellyfish_widest_path_switch_down_20260607_084642,h0,jellyfish/widest_path/switch_down/run_scenario_jellyfish_widest_path_switch_down_20260607_084642/h0.pcap,00:00:00:00:02:01,00:00:00:00:00:01,10.0.0.3,10.0.0.1,TCP,5201,44850,66
2026-06-07T08:59:11.474178+00:00,jellyfish,widest_path,switch_down,run_scenario_jellyfish_widest_path_switch_down_20260607_084642,h0,jellyfish/widest_path/switch_down/run_scenario_jellyfish_widest_path_switch_down_20260607_084642/h0.pcap,00:00:00:00:00:01,00:00:00:00:02:01,10.0.0.1,10.0.0.3,TCP,44850,5201,96
2026-06-07T08:59:11.474272+00:00,jellyfish,widest_path,switch_down,run_scenario_jellyfish_widest_path_switch_down_20260607_084642,h0,jellyfish/widest_path/switch_down/run_scenario_jellyfish_widest_path_switch_down_20260607_084642/h0.pcap,00:00:00:00:02:01,00:00:00:00:00:01,10.0.0.3,10.0.0.1,TCP,5201,44850,66
2026-06-07T08:59:11.479626+00:00,jellyfish,widest_path,switch_down,run_scenario_jellyfish_widest_path_switch_down_20260607_084642,h0,jellyfish/widest_path/switch_down/run_scenario_jellyfish_widest_path_switch_down_20260607_084642/h0.pcap,00:00:00:00:00:01,00:00:00:00:02:01,10.0.0.1,10.0.0.3,TCP,44850,5201,96
2026-06-07T08:59:11.479721+00:00,jellyfish,widest_path,switch_down,run_scenario_jellyfish_widest_path_switch_down_20260607_084642,h0,jellyfish/widest_path/switch_down/run_scenario_jellyfish_widest_path_switch_down_20260607_084642/h0.pcap,00:00:00:00:02:01,00:00:00:00:00:01,10.0.0.3,10.0.0.1,TCP,5201,44850,66
2026-06-07T08:59:11.485130+00:00,jellyfish,widest_path,switch_down,run_scenario_jellyfish_widest_path_switch_down_20260607_084642,h0,jellyfish/widest_path/switch_down/run_scenario_jellyfish_widest_path_switch_down_20260607_084642/h0.pcap,00:00:00:00:00:01,00:00:00:00:02:01,10.0.0.1,10.0.0.3,TCP,44850,5201,96
2026-06-07T08:59:11.485234+00:00,jellyfish,widest_path,switch_down,run_scenario_jellyfish_widest_path_switch_down_20260607_084642,h0,jellyfish/widest_path/switch_down/run_scenario_jellyfish_widest_path_switch_down_20260607_084642/h0.pcap,00:00:00:00:02:01,00:00:00:00:00:01,10.0.0.3,10.0.0.1,TCP,5201,44850,66
2026-06-07T08:59:11.490512+00:00,jellyfish,widest_path,switch_down,run_scenario_jellyfish_widest_path_switch_down_20260607_084642,h0,jellyfish/widest_path/switch_down/run_scenario_jellyfish_widest_path_switch_down_20260607_084642/h0.pcap,00:00:00:00:00:01,00:00:00:00:02:01,10.0.0.1,10.0.0.3,TCP,44850,5201,96
2026-06-07T08:59:11.490616+00:00,jellyfish,widest_path,switch_down,run_scenario_jellyfish_widest_path_switch_down_20260607_084642,h0,jellyfish/widest_path/switch_down/run_scenario_jellyfish_widest_path_switch_down_20260607_084642/h0.pcap,00:00:00:00:02:01,00:00:00:00:00:01,10.0.0.3,10.0.0.1,TCP,5201,44850,66
2026-06-07T08:59:11.495985+00:00,jellyfish,widest_path,switch_down,run_scenario_jellyfish_widest_path_switch_down_20260607_084642,h0,jellyfish/widest_path/switch_down/run_scenario_jellyfish_widest_path_switch_down_20260607_084642/h0.pcap,00:00:00:00:00:01,00:00:00:00:02:01,10.0.0.1,10.0.0.3,TCP,44850,5201,96
2026-06-07T08:59:11.496050+00:00,jellyfish,widest_path,switch_down,run_scenario_jellyfish_widest_path_switch_down_20260607_084642,h0,jellyfish/widest_path/switch_down/run_scenario_jellyfish_widest_path_switch_down_20260607_084642/h0.pcap,00:00:00:00:02:01,00:00:00:00:00:01,10.0.0.3,10.0.0.1,TCP,5201,44850,66
2026-06-07T08:59:11.501434+00:00,jellyfish,widest_path,switch_down,run_scenario_jellyfish_widest_path_switch_down_20260607_084642,h0,jellyfish/widest_path/switch_down/run_scenario_jellyfish_widest_path_switch_down_20260607_084642/h0.pcap,00:00:00:00:00:01,00:00:00:00:02:01,10.0.0.1,10.0.0.3,TCP,44850,5201,96
2026-06-07T08:59:11.501588+00:00,jellyfish,widest_path,switch_down,run_scenario_jellyfish_widest_path_switch_down_20260607_084642,h0,jellyfish/widest_path/switch_down/run_scenario_jellyfish_widest_path_switch_down_20260607_084642/h0.pcap,00:00:00:00:02:01,00:00:00:00:00:01,10.0.0.3,10.0.0.1,TCP,5201,44850,66
2026-06-07T08:59:11.506880+00:00,jellyfish,widest_path,switch_down,run_scenario_jellyfish_widest_path_switch_down_20260607_084642,h0,jellyfish/widest_path/switch_down/run_scenario_jellyfish_widest_path_switch_down_20260607_084642/h0.pcap,00:00:00:00:00:01,00:00:00:00:02:01,10.0.0.1,10.0.0.3,TCP,44850,5201,96
2026-06-07T08:59:11.507018+00:00,jellyfish,widest_path,switch_down,run_scenario_jellyfish_widest_path_switch_down_20260607_084642,h0,jellyfish/widest_path/switch_down/run_scenario_jellyfish_widest_path_switch_down_20260607_084642/h0.pcap,00:00:00:00:02:01,00:00:00:00:00:01,10.0.0.3,10.0.0.1,TCP,5201,44850,66
2026-06-07T08:59:11.512319+00:00,jellyfish,widest_path,switch_down,run_scenario_jellyfish_widest_path_switch_down_20260607_084642,h0,jellyfish/widest_path/switch_down/run_scenario_jellyfish_widest_path_switch_down_20260607_084642/h0.pcap,00:00:00:00:00:01,00:00:00:00:02:01,10.0.0.1,10.0.0.3,TCP,44850,5201,96
2026-06-07T08:59:11.512393+00:00,jellyfish,widest_path,switch_down,run_scenario_jellyfish_widest_path_switch_down_20260607_084642,h0,jellyfish/widest_path/switch_down/run_scenario_jellyfish_widest_path_switch_down_20260607_084642/h0.pcap,00:00:00:00:02:01,00:00:00:00:00:01,10.0.0.3,10.0.0.1,TCP,5201,44850,66
2026-06-07T08:59:11.517792+00:00,jellyfish,widest_path,switch_down,run_scenario_jellyfish_widest_path_switch_down_20260607_084642,h0,jellyfish/widest_path/switch_down/run_scenario_jellyfish_widest_path_switch_down_20260607_084642/h0.pcap,00:00:00:00:00:01,00:00:00:00:02:01,10.0.0.1,10.0.0.3,TCP,44850,5201,96
2026-06-07T08:59:11.517906+00:00,jellyfish,widest_path,switch_down,run_scenario_jellyfish_widest_path_switch_down_20260607_084642,h0,jellyfish/widest_path/switch_down/run_scenario_jellyfish_widest_path_switch_down_20260607_084642/h0.pcap,00:00:00:00:02:01,00:00:00:00:00:01,10.0.0.3,10.0.0.1,TCP,5201,44850,66
2026-06-07T08:59:11.523221+00:00,jellyfish,widest_path,switch_down,run_scenario_jellyfish_widest_path_switch_down_20260607_084642,h0,jellyfish/widest_path/switch_down/run_scenario_jellyfish_widest_path_switch_down_20260607_084642/h0.pcap,00:00:00:00:00:01,00:00:00:00:02:01,10.0.0.1,10.0.0.3,TCP,44850,5201,96
2026-06-07T08:59:11.523289+00:00,jellyfish,widest_path,switch_down,run_scenario_jellyfish_widest_path_switch_down_20260607_084642,h0,jellyfish/widest_path/switch_down/run_scenario_jellyfish_widest_path_switch_down_20260607_084642/h0.pcap,00:00:00:00:02:01,00:00:00:00:00:01,10.0.0.3,10.0.0.1,TCP,5201,44850,66
2026-06-07T08:59:11.528687+00:00,jellyfish,widest_path,switch_down,run_scenario_jellyfish_widest_path_switch_down_20260607_084642,h0,jellyfish/widest_path/switch_down/run_scenario_jellyfish_widest_path_switch_down_20260607_084642/h0.pcap,00:00:00:00:00:01,00:00:00:00:02:01,10.0.0.1,10.0.0.3,TCP,44850,5201,96
2026-06-07T08:59:11.528729+00:00,jellyfish,widest_path,switch_down,run_scenario_jellyfish_widest_path_switch_down_20260607_084642,h0,jellyfish/widest_path/switch_down/run_scenario_jellyfish_widest_path_switch_down_20260607_084642/h0.pcap,00:00:00:00:02:01,00:00:00:00:00:01,10.0.0.3,10.0.0.1,TCP,5201,44850,66
2026-06-07T08:59:11.534133+00:00,jellyfish,widest_path,switch_down,run_scenario_jellyfish_widest_path_switch_down_20260607_084642,h0,jellyfish/widest_path/switch_down/run_scenario_jellyfish_widest_path_switch_down_20260607_084642/h0.pcap,00:00:00:00:00:01,00:00:00:00:02:01,10.0.0.1,10.0.0.3,TCP,44850,5201,96
2026-06-07T08:59:11.534243+00:00,jellyfish,widest_path,switch_down,run_scenario_jellyfish_widest_path_switch_down_20260607_084642,h0,jellyfish/widest_path/switch_down/run_scenario_jellyfish_widest_path_switch_down_20260607_084642/h0.pcap,00:00:00:00:02:01,00:00:00:00:00:01,10.0.0.3,10.0.0.1,TCP,5201,44850,66
2026-06-07T08:59:11.539564+00:00,jellyfish,widest_path,switch_down,run_scenario_jellyfish_widest_path_switch_down_20260607_084642,h0,jellyfish/widest_path/switch_down/run_scenario_jellyfish_widest_path_switch_down_20260607_084642/h0.pcap,00:00:00:00:00:01,00:00:00:00:02:01,10.0.0.1,10.0.0.3,TCP,44850,5201,96
2026-06-07T08:59:11.539690+00:00,jellyfish,widest_path,switch_down,run_scenario_jellyfish_widest_path_switch_down_20260607_084642,h0,jellyfish/widest_path/switch_down/run_scenario_jellyfish_widest_path_switch_down_20260607_084642/h0.pcap,00:00:00:00:02:01,00:00:00:00:00:01,10.0.0.3,10.0.0.1,TCP,5201,44850,66
2026-06-07T08:59:11.545022+00:00,jellyfish,widest_path,switch_down,run_scenario_jellyfish_widest_path_switch_down_20260607_084642,h0,jellyfish/widest_path/switch_down/run_scenario_jellyfish_widest_path_switch_down_20260607_084642/h0.pcap,00:00:00:00:00:01,00:00:00:00:02:01,10.0.0.1,10.0.0.3,TCP,44850,5201,96
2026-06-07T08:59:11.545100+00:00,jellyfish,widest_path,switch_down,run_scenario_jellyfish_widest_path_switch_down_20260607_084642,h0,jellyfish/widest_path/switch_down/run_scenario_jellyfish_widest_path_switch_down_20260607_084642/h0.pcap,00:00:00:00:02:01,00:00:00:00:00:01,10.0.0.3,10.0.0.1,TCP,5201,44850,66
2026-06-07T08:59:11.550554+00:00,jellyfish,widest_path,switch_down,run_scenario_jellyfish_widest_path_switch_down_20260607_084642,h0,jellyfish/widest_path/switch_down/run_scenario_jellyfish_widest_path_switch_down_20260607_084642/h0.pcap,00:00:00:00:00:01,00:00:00:00:02:01,10.0.0.1,10.0.0.3,TCP,44850,5201,96
2026-06-07T08:59:11.550743+00:00,jellyfish,widest_path,switch_down,run_scenario_jellyfish_widest_path_switch_down_20260607_084642,h0,jellyfish/widest_path/switch_down/run_scenario_jellyfish_widest_path_switch_down_20260607_084642/h0.pcap,00:00:00:00:02:01,00:00:00:00:00:01,10.0.0.3,10.0.0.1,TCP,5201,44850,66
2026-06-07T08:59:11.555924+00:00,jellyfish,widest_path,switch_down,run_scenario_jellyfish_widest_path_switch_down_20260607_084642,h0,jellyfish/widest_path/switch_down/run_scenario_jellyfish_widest_path_switch_down_20260607_084642/h0.pcap,00:00:00:00:00:01,00:00:00:00:02:01,10.0.0.1,10.0.0.3,TCP,44850,5201,96
2026-06-07T08:59:11.556005+00:00,jellyfish,widest_path,switch_down,run_scenario_jellyfish_widest_path_switch_down_20260607_084642,h0,jellyfish/widest_path/switch_down/run_scenario_jellyfish_widest_path_switch_down_20260607_084642/h0.pcap,00:00:00:00:02:01,00:00:00:00:00:01,10.0.0.3,10.0.0.1,TCP,5201,44850,66
2026-06-07T08:59:11.561373+00:00,jellyfish,widest_path,switch_down,run_scenario_jellyfish_widest_path_switch_down_20260607_084642,h0,jellyfish/widest_path/switch_down/run_scenario_jellyfish_widest_path_switch_down_20260607_084642/h0.pcap,00:00:00:00:00:01,00:00:00:00:02:01,10.0.0.1,10.0.0.3,TCP,44850,5201,96
2026-06-07T08:59:11.561473+00:00,jellyfish,widest_path,switch_down,run_scenario_jellyfish_widest_path_switch_down_20260607_084642,h0,jellyfish/widest_path/switch_down/run_scenario_jellyfish_widest_path_switch_down_20260607_084642/h0.pcap,00:00:00:00:02:01,00:00:00:00:00:01,10.0.0.3,10.0.0.1,TCP,5201,44850,66
2026-06-07T08:59:11.566853+00:00,jellyfish,widest_path,switch_down,run_scenario_jellyfish_widest_path_switch_down_20260607_084642,h0,jellyfish/widest_path/switch_down/run_scenario_jellyfish_widest_path_switch_down_20260607_084642/h0.pcap,00:00:00:00:00:01,00:00:00:00:02:01,10.0.0.1,10.0.0.3,TCP,44850,5201,96
2026-06-07T08:59:11.566962+00:00,jellyfish,widest_path,switch_down,run_scenario_jellyfish_widest_path_switch_down_20260607_084642,h0,jellyfish/widest_path/switch_down/run_scenario_jellyfish_widest_path_switch_down_20260607_084642/h0.pcap,00:00:00:00:02:01,00:00:00:00:00:01,10.0.0.3,10.0.0.1,TCP,5201,44850,66
2026-06-07T08:59:11.572284+00:00,jellyfish,widest_path,switch_down,run_scenario_jellyfish_widest_path_switch_down_20260607_084642,h0,jellyfish/widest_path/switch_down/run_scenario_jellyfish_widest_path_switch_down_20260607_084642/h0.pcap,00:00:00:00:00:01,00:00:00:00:02:01,10.0.0.1,10.0.0.3,TCP,44850,5201,96
2026-06-07T08:59:11.572422+00:00,jellyfish,widest_path,switch_down,run_scenario_jellyfish_widest_path_switch_down_20260607_084642,h0,jellyfish/widest_path/switch_down/run_scenario_jellyfish_widest_path_switch_down_20260607_084642/h0.pcap,00:00:00:00:02:01,00:00:00:00:00:01,10.0.0.3,10.0.0.1,TCP,5201,44850,66
2026-06-07T08:59:11.577740+00:00,jellyfish,widest_path,switch_down,run_scenario_jellyfish_widest_path_switch_down_20260607_084642,h0,jellyfish/widest_path/switch_down/run_scenario_jellyfish_widest_path_switch_down_20260607_084642/h0.pcap,00:00:00:00:00:01,00:00:00:00:02:01,10.0.0.1,10.0.0.3,TCP,44850,5201,96
2026-06-07T08:59:11.577895+00:00,jellyfish,widest_path,switch_down,run_scenario_jellyfish_widest_path_switch_down_20260607_084642,h0,jellyfish/widest_path/switch_down/run_scenario_jellyfish_widest_path_switch_down_20260607_084642/h0.pcap,00:00:00:00:02:01,00:00:00:00:00:01,10.0.0.3,10.0.0.1,TCP,5201,44850,66
2026-06-07T08:59:11.583161+00:00,jellyfish,widest_path,switch_down,run_scenario_jellyfish_widest_path_switch_down_20260607_084642,h0,jellyfish/widest_path/switch_down/run_scenario_jellyfish_widest_path_switch_down_20260607_084642/h0.pcap,00:00:00:00:00:01,00:00:00:00:02:01,10.0.0.1,10.0.0.3,TCP,44850,5201,96
2026-06-07T08:59:11.583255+00:00,jellyfish,widest_path,switch_down,run_scenario_jellyfish_widest_path_switch_down_20260607_084642,h0,jellyfish/widest_path/switch_down/run_scenario_jellyfish_widest_path_switch_down_20260607_084642/h0.pcap,00:00:00:00:02:01,00:00:00:00:00:01,10.0.0.3,10.0.0.1,TCP,5201,44850,66
2026-06-07T08:59:11.588628+00:00,jellyfish,widest_path,switch_down,run_scenario_jellyfish_widest_path_switch_down_20260607_084642,h0,jellyfish/widest_path/switch_down/run_scenario_jellyfish_widest_path_switch_down_20260607_084642/h0.pcap,00:00:00:00:00:01,00:00:00:00:02:01,10.0.0.1,10.0.0.3,TCP,44850,5201,96
2026-06-07T08:59:11.588695+00:00,jellyfish,widest_path,switch_down,run_scenario_jellyfish_widest_path_switch_down_20260607_084642,h0,jellyfish/widest_path/switch_down/run_scenario_jellyfish_widest_path_switch_down_20260607_084642/h0.pcap,00:00:00:00:02:01,00:00:00:00:00:01,10.0.0.3,10.0.0.1,TCP,5201,44850,66
2026-06-07T08:59:11.594087+00:00,jellyfish,widest_path,switch_down,run_scenario_jellyfish_widest_path_switch_down_20260607_084642,h0,jellyfish/widest_path/switch_down/run_scenario_jellyfish_widest_path_switch_down_20260607_084642/h0.pcap,00:00:00:00:00:01,00:00:00:00:02:01,10.0.0.1,10.0.0.3,TCP,44850,5201,96
2026-06-07T08:59:11.594198+00:00,jellyfish,widest_path,switch_down,run_scenario_jellyfish_widest_path_switch_down_20260607_084642,h0,jellyfish/widest_path/switch_down/run_scenario_jellyfish_widest_path_switch_down_20260607_084642/h0.pcap,00:00:00:00:02:01,00:00:00:00:00:01,10.0.0.3,10.0.0.1,TCP,5201,44850,66
2026-06-07T08:59:11.599525+00:00,jellyfish,widest_path,switch_down,run_scenario_jellyfish_widest_path_switch_down_20260607_084642,h0,jellyfish/widest_path/switch_down/run_scenario_jellyfish_widest_path_switch_down_20260607_084642/h0.pcap,00:00:00:00:00:01,00:00:00:00:02:01,10.0.0.1,10.0.0.3,TCP,44850,5201,96
2026-06-07T08:59:11.599611+00:00,jellyfish,widest_path,switch_down,run_scenario_jellyfish_widest_path_switch_down_20260607_084642,h0,jellyfish/widest_path/switch_down/run_scenario_jellyfish_widest_path_switch_down_20260607_084642/h0.pcap,00:00:00:00:02:01,00:00:00:00:00:01,10.0.0.3,10.0.0.1,TCP,5201,44850,66
2026-06-07T08:59:11.605008+00:00,jellyfish,widest_path,switch_down,run_scenario_jellyfish_widest_path_switch_down_20260607_084642,h0,jellyfish/widest_path/switch_down/run_scenario_jellyfish_widest_path_switch_down_20260607_084642/h0.pcap,00:00:00:00:00:01,00:00:00:00:02:01,10.0.0.1,10.0.0.3,TCP,44850,5201,96
2026-06-07T08:59:11.605079+00:00,jellyfish,widest_path,switch_down,run_scenario_jellyfish_widest_path_switch_down_20260607_084642,h0,jellyfish/widest_path/switch_down/run_scenario_jellyfish_widest_path_switch_down_20260607_084642/h0.pcap,00:00:00:00:02:01,00:00:00:00:00:01,10.0.0.3,10.0.0.1,TCP,5201,44850,66
2026-06-07T08:59:11.610410+00:00,jellyfish,widest_path,switch_down,run_scenario_jellyfish_widest_path_switch_down_20260607_084642,h0,jellyfish/widest_path/switch_down/run_scenario_jellyfish_widest_path_switch_down_20260607_084642/h0.pcap,00:00:00:00:00:01,00:00:00:00:02:01,10.0.0.1,10.0.0.3,TCP,44850,5201,96
2026-06-07T08:59:11.610576+00:00,jellyfish,widest_path,switch_down,run_scenario_jellyfish_widest_path_switch_down_20260607_084642,h0,jellyfish/widest_path/switch_down/run_scenario_jellyfish_widest_path_switch_down_20260607_084642/h0.pcap,00:00:00:00:02:01,00:00:00:00:00:01,10.0.0.3,10.0.0.1,TCP,5201,44850,66
2026-06-07T08:59:11.615866+00:00,jellyfish,widest_path,switch_down,run_scenario_jellyfish_widest_path_switch_down_20260607_084642,h0,jellyfish/widest_path/switch_down/run_scenario_jellyfish_widest_path_switch_down_20260607_084642/h0.pcap,00:00:00:00:00:01,00:00:00:00:02:01,10.0.0.1,10.0.0.3,TCP,44850,5201,96
2026-06-07T08:59:11.616136+00:00,jellyfish,widest_path,switch_down,run_scenario_jellyfish_widest_path_switch_down_20260607_084642,h0,jellyfish/widest_path/switch_down/run_scenario_jellyfish_widest_path_switch_down_20260607_084642/h0.pcap,00:00:00:00:02:01,00:00:00:00:00:01,10.0.0.3,10.0.0.1,TCP,5201,44850,66
2026-06-07T08:59:11.621367+00:00,jellyfish,widest_path,switch_down,run_scenario_jellyfish_widest_path_switch_down_20260607_084642,h0,jellyfish/widest_path/switch_down/run_scenario_jellyfish_widest_path_switch_down_20260607_084642/h0.pcap,00:00:00:00:00:01,00:00:00:00:02:01,10.0.0.1,10.0.0.3,TCP,44850,5201,96
2026-06-07T08:59:11.621475+00:00,jellyfish,widest_path,switch_down,run_scenario_jellyfish_widest_path_switch_down_20260607_084642,h0,jellyfish/widest_path/switch_down/run_scenario_jellyfish_widest_path_switch_down_20260607_084642/h0.pcap,00:00:00:00:02:01,00:00:00:00:00:01,10.0.0.3,10.0.0.1,TCP,5201,44850,66
2026-06-07T08:59:11.626789+00:00,jellyfish,widest_path,switch_down,run_scenario_jellyfish_widest_path_switch_down_20260607_084642,h0,jellyfish/widest_path/switch_down/run_scenario_jellyfish_widest_path_switch_down_20260607_084642/h0.pcap,00:00:00:00:00:01,00:00:00:00:02:01,10.0.0.1,10.0.0.3,TCP,44850,5201,96
2026-06-07T08:59:11.626896+00:00,jellyfish,widest_path,switch_down,run_scenario_jellyfish_widest_path_switch_down_20260607_084642,h0,jellyfish/widest_path/switch_down/run_scenario_jellyfish_widest_path_switch_down_20260607_084642/h0.pcap,00:00:00:00:02:01,00:00:00:00:00:01,10.0.0.3,10.0.0.1,TCP,5201,44850,66
2026-06-07T08:59:11.632225+00:00,jellyfish,widest_path,switch_down,run_scenario_jellyfish_widest_path_switch_down_20260607_084642,h0,jellyfish/widest_path/switch_down/run_scenario_jellyfish_widest_path_switch_down_20260607_084642/h0.pcap,00:00:00:00:00:01,00:00:00:00:02:01,10.0.0.1,10.0.0.3,TCP,44850,5201,96
2026-06-07T08:59:11.632296+00:00,jellyfish,widest_path,switch_down,run_scenario_jellyfish_widest_path_switch_down_20260607_084642,h0,jellyfish/widest_path/switch_down/run_scenario_jellyfish_widest_path_switch_down_20260607_084642/h0.pcap,00:00:00:00:02:01,00:00:00:00:00:01,10.0.0.3,10.0.0.1,TCP,5201,44850,66
2026-06-07T08:59:11.637685+00:00,jellyfish,widest_path,switch_down,run_scenario_jellyfish_widest_path_switch_down_20260607_084642,h0,jellyfish/widest_path/switch_down/run_scenario_jellyfish_widest_path_switch_down_20260607_084642/h0.pcap,00:00:00:00:00:01,00:00:00:00:02:01,10.0.0.1,10.0.0.3,TCP,44850,5201,96
2026-06-07T08:59:11.637764+00:00,jellyfish,widest_path,switch_down,run_scenario_jellyfish_widest_path_switch_down_20260607_084642,h0,jellyfish/widest_path/switch_down/run_scenario_jellyfish_widest_path_switch_down_20260607_084642/h0.pcap,00:00:00:00:02:01,00:00:00:00:00:01,10.0.0.3,10.0.0.1,TCP,5201,44850,66
2026-06-07T08:59:11.643138+00:00,jellyfish,widest_path,switch_down,run_scenario_jellyfish_widest_path_switch_down_20260607_084642,h0,jellyfish/widest_path/switch_down/run_scenario_jellyfish_widest_path_switch_down_20260607_084642/h0.pcap,00:00:00:00:00:01,00:00:00:00:02:01,10.0.0.1,10.0.0.3,TCP,44850,5201,96
2026-06-07T08:59:11.643208+00:00,jellyfish,widest_path,switch_down,run_scenario_jellyfish_widest_path_switch_down_20260607_084642,h0,jellyfish/widest_path/switch_down/run_scenario_jellyfish_widest_path_switch_down_20260607_084642/h0.pcap,00:00:00:00:02:01,00:00:00:00:00:01,10.0.0.3,10.0.0.1,TCP,5201,44850,66
2026-06-07T08:59:11.648600+00:00,jellyfish,widest_path,switch_down,run_scenario_jellyfish_widest_path_switch_down_20260607_084642,h0,jellyfish/widest_path/switch_down/run_scenario_jellyfish_widest_path_switch_down_20260607_084642/h0.pcap,00:00:00:00:00:01,00:00:00:00:02:01,10.0.0.1,10.0.0.3,TCP,44850,5201,96
2026-06-07T08:59:11.648774+00:00,jellyfish,widest_path,switch_down,run_scenario_jellyfish_widest_path_switch_down_20260607_084642,h0,jellyfish/widest_path/switch_down/run_scenario_jellyfish_widest_path_switch_down_20260607_084642/h0.pcap,00:00:00:00:02:01,00:00:00:00:00:01,10.0.0.3,10.0.0.1,TCP,5201,44850,66
2026-06-07T08:59:11.654076+00:00,jellyfish,widest_path,switch_down,run_scenario_jellyfish_widest_path_switch_down_20260607_084642,h0,jellyfish/widest_path/switch_down/run_scenario_jellyfish_widest_path_switch_down_20260607_084642/h0.pcap,00:00:00:00:00:01,00:00:00:00:02:01,10.0.0.1,10.0.0.3,TCP,44850,5201,96
2026-06-07T08:59:11.654177+00:00,jellyfish,widest_path,switch_down,run_scenario_jellyfish_widest_path_switch_down_20260607_084642,h0,jellyfish/widest_path/switch_down/run_scenario_jellyfish_widest_path_switch_down_20260607_084642/h0.pcap,00:00:00:00:02:01,00:00:00:00:00:01,10.0.0.3,10.0.0.1,TCP,5201,44850,66
2026-06-07T08:59:11.659560+00:00,jellyfish,widest_path,switch_down,run_scenario_jellyfish_widest_path_switch_down_20260607_084642,h0,jellyfish/widest_path/switch_down/run_scenario_jellyfish_widest_path_switch_down_20260607_084642/h0.pcap,00:00:00:00:00:01,00:00:00:00:02:01,10.0.0.1,10.0.0.3,TCP,44850,5201,96
2026-06-07T08:59:11.659626+00:00,jellyfish,widest_path,switch_down,run_scenario_jellyfish_widest_path_switch_down_20260607_084642,h0,jellyfish/widest_path/switch_down/run_scenario_jellyfish_widest_path_switch_down_20260607_084642/h0.pcap,00:00:00:00:02:01,00:00:00:00:00:01,10.0.0.3,10.0.0.1,TCP,5201,44850,66
2026-06-07T08:59:11.664946+00:00,jellyfish,widest_path,switch_down,run_scenario_jellyfish_widest_path_switch_down_20260607_084642,h0,jellyfish/widest_path/switch_down/run_scenario_jellyfish_widest_path_switch_down_20260607_084642/h0.pcap,00:00:00:00:00:01,00:00:00:00:02:01,10.0.0.1,10.0.0.3,TCP,44850,5201,96
2026-06-07T08:59:11.665075+00:00,jellyfish,widest_path,switch_down,run_scenario_jellyfish_widest_path_switch_down_20260607_084642,h0,jellyfish/widest_path/switch_down/run_scenario_jellyfish_widest_path_switch_down_20260607_084642/h0.pcap,00:00:00:00:02:01,00:00:00:00:00:01,10.0.0.3,10.0.0.1,TCP,5201,44850,66
2026-06-07T08:59:11.670391+00:00,jellyfish,widest_path,switch_down,run_scenario_jellyfish_widest_path_switch_down_20260607_084642,h0,jellyfish/widest_path/switch_down/run_scenario_jellyfish_widest_path_switch_down_20260607_084642/h0.pcap,00:00:00:00:00:01,00:00:00:00:02:01,10.0.0.1,10.0.0.3,TCP,44850,5201,96
2026-06-07T08:59:11.670461+00:00,jellyfish,widest_path,switch_down,run_scenario_jellyfish_widest_path_switch_down_20260607_084642,h0,jellyfish/widest_path/switch_down/run_scenario_jellyfish_widest_path_switch_down_20260607_084642/h0.pcap,00:00:00:00:02:01,00:00:00:00:00:01,10.0.0.3,10.0.0.1,TCP,5201,44850,66
2026-06-07T08:59:11.675843+00:00,jellyfish,widest_path,switch_down,run_scenario_jellyfish_widest_path_switch_down_20260607_084642,h0,jellyfish/widest_path/switch_down/run_scenario_jellyfish_widest_path_switch_down_20260607_084642/h0.pcap,00:00:00:00:00:01,00:00:00:00:02:01,10.0.0.1,10.0.0.3,TCP,44850,5201,96
2026-06-07T08:59:11.675919+00:00,jellyfish,widest_path,switch_down,run_scenario_jellyfish_widest_path_switch_down_20260607_084642,h0,jellyfish/widest_path/switch_down/run_scenario_jellyfish_widest_path_switch_down_20260607_084642/h0.pcap,00:00:00:00:02:01,00:00:00:00:00:01,10.0.0.3,10.0.0.1,TCP,5201,44850,66
2026-06-07T08:59:11.681268+00:00,jellyfish,widest_path,switch_down,run_scenario_jellyfish_widest_path_switch_down_20260607_084642,h0,jellyfish/widest_path/switch_down/run_scenario_jellyfish_widest_path_switch_down_20260607_084642/h0.pcap,00:00:00:00:00:01,00:00:00:00:02:01,10.0.0.1,10.0.0.3,TCP,44850,5201,96
2026-06-07T08:59:11.681446+00:00,jellyfish,widest_path,switch_down,run_scenario_jellyfish_widest_path_switch_down_20260607_084642,h0,jellyfish/widest_path/switch_down/run_scenario_jellyfish_widest_path_switch_down_20260607_084642/h0.pcap,00:00:00:00:02:01,00:00:00:00:00:01,10.0.0.3,10.0.0.1,TCP,5201,44850,66
2026-06-07T08:59:11.686732+00:00,jellyfish,widest_path,switch_down,run_scenario_jellyfish_widest_path_switch_down_20260607_084642,h0,jellyfish/widest_path/switch_down/run_scenario_jellyfish_widest_path_switch_down_20260607_084642/h0.pcap,00:00:00:00:00:01,00:00:00:00:02:01,10.0.0.1,10.0.0.3,TCP,44850,5201,96
2026-06-07T08:59:11.686808+00:00,jellyfish,widest_path,switch_down,run_scenario_jellyfish_widest_path_switch_down_20260607_084642,h0,jellyfish/widest_path/switch_down/run_scenario_jellyfish_widest_path_switch_down_20260607_084642/h0.pcap,00:00:00:00:02:01,00:00:00:00:00:01,10.0.0.3,10.0.0.1,TCP,5201,44850,66
2026-06-07T08:59:11.692190+00:00,jellyfish,widest_path,switch_down,run_scenario_jellyfish_widest_path_switch_down_20260607_084642,h0,jellyfish/widest_path/switch_down/run_scenario_jellyfish_widest_path_switch_down_20260607_084642/h0.pcap,00:00:00:00:00:01,00:00:00:00:02:01,10.0.0.1,10.0.0.3,TCP,44850,5201,96
2026-06-07T08:59:11.692258+00:00,jellyfish,widest_path,switch_down,run_scenario_jellyfish_widest_path_switch_down_20260607_084642,h0,jellyfish/widest_path/switch_down/run_scenario_jellyfish_widest_path_switch_down_20260607_084642/h0.pcap,00:00:00:00:02:01,00:00:00:00:00:01,10.0.0.3,10.0.0.1,TCP,5201,44850,66
2026-06-07T08:59:11.697633+00:00,jellyfish,widest_path,switch_down,run_scenario_jellyfish_widest_path_switch_down_20260607_084642,h0,jellyfish/widest_path/switch_down/run_scenario_jellyfish_widest_path_switch_down_20260607_084642/h0.pcap,00:00:00:00:00:01,00:00:00:00:02:01,10.0.0.1,10.0.0.3,TCP,44850,5201,96
2026-06-07T08:59:11.697711+00:00,jellyfish,widest_path,switch_down,run_scenario_jellyfish_widest_path_switch_down_20260607_084642,h0,jellyfish/widest_path/switch_down/run_scenario_jellyfish_widest_path_switch_down_20260607_084642/h0.pcap,00:00:00:00:02:01,00:00:00:00:00:01,10.0.0.3,10.0.0.1,TCP,5201,44850,66
2026-06-07T08:59:11.703085+00:00,jellyfish,widest_path,switch_down,run_scenario_jellyfish_widest_path_switch_down_20260607_084642,h0,jellyfish/widest_path/switch_down/run_scenario_jellyfish_widest_path_switch_down_20260607_084642/h0.pcap,00:00:00:00:00:01,00:00:00:00:02:01,10.0.0.1,10.0.0.3,TCP,44850,5201,96
2026-06-07T08:59:11.703188+00:00,jellyfish,widest_path,switch_down,run_scenario_jellyfish_widest_path_switch_down_20260607_084642,h0,jellyfish/widest_path/switch_down/run_scenario_jellyfish_widest_path_switch_down_20260607_084642/h0.pcap,00:00:00:00:02:01,00:00:00:00:00:01,10.0.0.3,10.0.0.1,TCP,5201,44850,66
2026-06-07T08:59:11.708573+00:00,jellyfish,widest_path,switch_down,run_scenario_jellyfish_widest_path_switch_down_20260607_084642,h0,jellyfish/widest_path/switch_down/run_scenario_jellyfish_widest_path_switch_down_20260607_084642/h0.pcap,00:00:00:00:00:01,00:00:00:00:02:01,10.0.0.1,10.0.0.3,TCP,44850,5201,96
2026-06-07T08:59:11.708683+00:00,jellyfish,widest_path,switch_down,run_scenario_jellyfish_widest_path_switch_down_20260607_084642,h0,jellyfish/widest_path/switch_down/run_scenario_jellyfish_widest_path_switch_down_20260607_084642/h0.pcap,00:00:00:00:02:01,00:00:00:00:00:01,10.0.0.3,10.0.0.1,TCP,5201,44850,66
2026-06-07T08:59:11.714216+00:00,jellyfish,widest_path,switch_down,run_scenario_jellyfish_widest_path_switch_down_20260607_084642,h0,jellyfish/widest_path/switch_down/run_scenario_jellyfish_widest_path_switch_down_20260607_084642/h0.pcap,00:00:00:00:00:01,00:00:00:00:02:01,10.0.0.1,10.0.0.3,TCP,44850,5201,96
2026-06-07T08:59:11.714354+00:00,jellyfish,widest_path,switch_down,run_scenario_jellyfish_widest_path_switch_down_20260607_084642,h0,jellyfish/widest_path/switch_down/run_scenario_jellyfish_widest_path_switch_down_20260607_084642/h0.pcap,00:00:00:00:02:01,00:00:00:00:00:01,10.0.0.3,10.0.0.1,TCP,5201,44850,66
2026-06-07T08:59:11.719566+00:00,jellyfish,widest_path,switch_down,run_scenario_jellyfish_widest_path_switch_down_20260607_084642,h0,jellyfish/widest_path/switch_down/run_scenario_jellyfish_widest_path_switch_down_20260607_084642/h0.pcap,00:00:00:00:00:01,00:00:00:00:02:01,10.0.0.1,10.0.0.3,TCP,44850,5201,96
2026-06-07T08:59:11.719675+00:00,jellyfish,widest_path,switch_down,run_scenario_jellyfish_widest_path_switch_down_20260607_084642,h0,jellyfish/widest_path/switch_down/run_scenario_jellyfish_widest_path_switch_down_20260607_084642/h0.pcap,00:00:00:00:02:01,00:00:00:00:00:01,10.0.0.3,10.0.0.1,TCP,5201,44850,66
2026-06-07T08:59:11.725222+00:00,jellyfish,widest_path,switch_down,run_scenario_jellyfish_widest_path_switch_down_20260607_084642,h0,jellyfish/widest_path/switch_down/run_scenario_jellyfish_widest_path_switch_down_20260607_084642/h0.pcap,00:00:00:00:00:01,00:00:00:00:02:01,10.0.0.1,10.0.0.3,TCP,44850,5201,96
2026-06-07T08:59:11.725360+00:00,jellyfish,widest_path,switch_down,run_scenario_jellyfish_widest_path_switch_down_20260607_084642,h0,jellyfish/widest_path/switch_down/run_scenario_jellyfish_widest_path_switch_down_20260607_084642/h0.pcap,00:00:00:00:02:01,00:00:00:00:00:01,10.0.0.3,10.0.0.1,TCP,5201,44850,66
2026-06-07T08:59:11.730581+00:00,jellyfish,widest_path,switch_down,run_scenario_jellyfish_widest_path_switch_down_20260607_084642,h0,jellyfish/widest_path/switch_down/run_scenario_jellyfish_widest_path_switch_down_20260607_084642/h0.pcap,00:00:00:00:00:01,00:00:00:00:02:01,10.0.0.1,10.0.0.3,TCP,44850,5201,96
2026-06-07T08:59:11.730690+00:00,jellyfish,widest_path,switch_down,run_scenario_jellyfish_widest_path_switch_down_20260607_084642,h0,jellyfish/widest_path/switch_down/run_scenario_jellyfish_widest_path_switch_down_20260607_084642/h0.pcap,00:00:00:00:02:01,00:00:00:00:00:01,10.0.0.3,10.0.0.1,TCP,5201,44850,66
2026-06-07T08:59:11.736287+00:00,jellyfish,widest_path,switch_down,run_scenario_jellyfish_widest_path_switch_down_20260607_084642,h0,jellyfish/widest_path/switch_down/run_scenario_jellyfish_widest_path_switch_down_20260607_084642/h0.pcap,00:00:00:00:00:01,00:00:00:00:02:01,10.0.0.1,10.0.0.3,TCP,44850,5201,96
2026-06-07T08:59:11.736397+00:00,jellyfish,widest_path,switch_down,run_scenario_jellyfish_widest_path_switch_down_20260607_084642,h0,jellyfish/widest_path/switch_down/run_scenario_jellyfish_widest_path_switch_down_20260607_084642/h0.pcap,00:00:00:00:02:01,00:00:00:00:00:01,10.0.0.3,10.0.0.1,TCP,5201,44850,66
2026-06-07T08:59:11.741648+00:00,jellyfish,widest_path,switch_down,run_scenario_jellyfish_widest_path_switch_down_20260607_084642,h0,jellyfish/widest_path/switch_down/run_scenario_jellyfish_widest_path_switch_down_20260607_084642/h0.pcap,00:00:00:00:00:01,00:00:00:00:02:01,10.0.0.1,10.0.0.3,TCP,44850,5201,96
2026-06-07T08:59:11.741757+00:00,jellyfish,widest_path,switch_down,run_scenario_jellyfish_widest_path_switch_down_20260607_084642,h0,jellyfish/widest_path/switch_down/run_scenario_jellyfish_widest_path_switch_down_20260607_084642/h0.pcap,00:00:00:00:02:01,00:00:00:00:00:01,10.0.0.3,10.0.0.1,TCP,5201,44850,66
2026-06-07T08:59:11.747084+00:00,jellyfish,widest_path,switch_down,run_scenario_jellyfish_widest_path_switch_down_20260607_084642,h0,jellyfish/widest_path/switch_down/run_scenario_jellyfish_widest_path_switch_down_20260607_084642/h0.pcap,00:00:00:00:00:01,00:00:00:00:02:01,10.0.0.1,10.0.0.3,TCP,44850,5201,96
2026-06-07T08:59:11.747190+00:00,jellyfish,widest_path,switch_down,run_scenario_jellyfish_widest_path_switch_down_20260607_084642,h0,jellyfish/widest_path/switch_down/run_scenario_jellyfish_widest_path_switch_down_20260607_084642/h0.pcap,00:00:00:00:02:01,00:00:00:00:00:01,10.0.0.3,10.0.0.1,TCP,5201,44850,66
2026-06-07T08:59:11.752617+00:00,jellyfish,widest_path,switch_down,run_scenario_jellyfish_widest_path_switch_down_20260607_084642,h0,jellyfish/widest_path/switch_down/run_scenario_jellyfish_widest_path_switch_down_20260607_084642/h0.pcap,00:00:00:00:00:01,00:00:00:00:02:01,10.0.0.1,10.0.0.3,TCP,44850,5201,96
2026-06-07T08:59:11.752769+00:00,jellyfish,widest_path,switch_down,run_scenario_jellyfish_widest_path_switch_down_20260607_084642,h0,jellyfish/widest_path/switch_down/run_scenario_jellyfish_widest_path_switch_down_20260607_084642/h0.pcap,00:00:00:00:02:01,00:00:00:00:00:01,10.0.0.3,10.0.0.1,TCP,5201,44850,66
2026-06-07T08:59:11.757978+00:00,jellyfish,widest_path,switch_down,run_scenario_jellyfish_widest_path_switch_down_20260607_084642,h0,jellyfish/widest_path/switch_down/run_scenario_jellyfish_widest_path_switch_down_20260607_084642/h0.pcap,00:00:00:00:00:01,00:00:00:00:02:01,10.0.0.1,10.0.0.3,TCP,44850,5201,96
2026-06-07T08:59:11.758110+00:00,jellyfish,widest_path,switch_down,run_scenario_jellyfish_widest_path_switch_down_20260607_084642,h0,jellyfish/widest_path/switch_down/run_scenario_jellyfish_widest_path_switch_down_20260607_084642/h0.pcap,00:00:00:00:02:01,00:00:00:00:00:01,10.0.0.3,10.0.0.1,TCP,5201,44850,66
2026-06-07T08:59:11.763668+00:00,jellyfish,widest_path,switch_down,run_scenario_jellyfish_widest_path_switch_down_20260607_084642,h0,jellyfish/widest_path/switch_down/run_scenario_jellyfish_widest_path_switch_down_20260607_084642/h0.pcap,00:00:00:00:00:01,00:00:00:00:02:01,10.0.0.1,10.0.0.3,TCP,44850,5201,96
2026-06-07T08:59:11.763776+00:00,jellyfish,widest_path,switch_down,run_scenario_jellyfish_widest_path_switch_down_20260607_084642,h0,jellyfish/widest_path/switch_down/run_scenario_jellyfish_widest_path_switch_down_20260607_084642/h0.pcap,00:00:00:00:02:01,00:00:00:00:00:01,10.0.0.3,10.0.0.1,TCP,5201,44850,66
2026-06-07T08:59:11.769046+00:00,jellyfish,widest_path,switch_down,run_scenario_jellyfish_widest_path_switch_down_20260607_084642,h0,jellyfish/widest_path/switch_down/run_scenario_jellyfish_widest_path_switch_down_20260607_084642/h0.pcap,00:00:00:00:00:01,00:00:00:00:02:01,10.0.0.1,10.0.0.3,TCP,44850,5201,96
2026-06-07T08:59:11.769158+00:00,jellyfish,widest_path,switch_down,run_scenario_jellyfish_widest_path_switch_down_20260607_084642,h0,jellyfish/widest_path/switch_down/run_scenario_jellyfish_widest_path_switch_down_20260607_084642/h0.pcap,00:00:00:00:02:01,00:00:00:00:00:01,10.0.0.3,10.0.0.1,TCP,5201,44850,66
2026-06-07T08:59:11.774486+00:00,jellyfish,widest_path,switch_down,run_scenario_jellyfish_widest_path_switch_down_20260607_084642,h0,jellyfish/widest_path/switch_down/run_scenario_jellyfish_widest_path_switch_down_20260607_084642/h0.pcap,00:00:00:00:00:01,00:00:00:00:02:01,10.0.0.1,10.0.0.3,TCP,44850,5201,96
2026-06-07T08:59:11.774638+00:00,jellyfish,widest_path,switch_down,run_scenario_jellyfish_widest_path_switch_down_20260607_084642,h0,jellyfish/widest_path/switch_down/run_scenario_jellyfish_widest_path_switch_down_20260607_084642/h0.pcap,00:00:00:00:02:01,00:00:00:00:00:01,10.0.0.3,10.0.0.1,TCP,5201,44850,66
2026-06-07T08:59:11.779919+00:00,jellyfish,widest_path,switch_down,run_scenario_jellyfish_widest_path_switch_down_20260607_084642,h0,jellyfish/widest_path/switch_down/run_scenario_jellyfish_widest_path_switch_down_20260607_084642/h0.pcap,00:00:00:00:00:01,00:00:00:00:02:01,10.0.0.1,10.0.0.3,TCP,44850,5201,96
2026-06-07T08:59:11.780028+00:00,jellyfish,widest_path,switch_down,run_scenario_jellyfish_widest_path_switch_down_20260607_084642,h0,jellyfish/widest_path/switch_down/run_scenario_jellyfish_widest_path_switch_down_20260607_084642/h0.pcap,00:00:00:00:02:01,00:00:00:00:00:01,10.0.0.3,10.0.0.1,TCP,5201,44850,66
2026-06-07T08:59:11.785361+00:00,jellyfish,widest_path,switch_down,run_scenario_jellyfish_widest_path_switch_down_20260607_084642,h0,jellyfish/widest_path/switch_down/run_scenario_jellyfish_widest_path_switch_down_20260607_084642/h0.pcap,00:00:00:00:00:01,00:00:00:00:02:01,10.0.0.1,10.0.0.3,TCP,44850,5201,96
2026-06-07T08:59:11.785456+00:00,jellyfish,widest_path,switch_down,run_scenario_jellyfish_widest_path_switch_down_20260607_084642,h0,jellyfish/widest_path/switch_down/run_scenario_jellyfish_widest_path_switch_down_20260607_084642/h0.pcap,00:00:00:00:02:01,00:00:00:00:00:01,10.0.0.3,10.0.0.1,TCP,5201,44850,66
2026-06-07T08:59:11.790818+00:00,jellyfish,widest_path,switch_down,run_scenario_jellyfish_widest_path_switch_down_20260607_084642,h0,jellyfish/widest_path/switch_down/run_scenario_jellyfish_widest_path_switch_down_20260607_084642/h0.pcap,00:00:00:00:00:01,00:00:00:00:02:01,10.0.0.1,10.0.0.3,TCP,44850,5201,96
2026-06-07T08:59:11.790906+00:00,jellyfish,widest_path,switch_down,run_scenario_jellyfish_widest_path_switch_down_20260607_084642,h0,jellyfish/widest_path/switch_down/run_scenario_jellyfish_widest_path_switch_down_20260607_084642/h0.pcap,00:00:00:00:02:01,00:00:00:00:00:01,10.0.0.3,10.0.0.1,TCP,5201,44850,66
2026-06-07T08:59:11.796255+00:00,jellyfish,widest_path,switch_down,run_scenario_jellyfish_widest_path_switch_down_20260607_084642,h0,jellyfish/widest_path/switch_down/run_scenario_jellyfish_widest_path_switch_down_20260607_084642/h0.pcap,00:00:00:00:00:01,00:00:00:00:02:01,10.0.0.1,10.0.0.3,TCP,44850,5201,96
2026-06-07T08:59:11.796329+00:00,jellyfish,widest_path,switch_down,run_scenario_jellyfish_widest_path_switch_down_20260607_084642,h0,jellyfish/widest_path/switch_down/run_scenario_jellyfish_widest_path_switch_down_20260607_084642/h0.pcap,00:00:00:00:02:01,00:00:00:00:00:01,10.0.0.3,10.0.0.1,TCP,5201,44850,66
2026-06-07T08:59:11.801690+00:00,jellyfish,widest_path,switch_down,run_scenario_jellyfish_widest_path_switch_down_20260607_084642,h0,jellyfish/widest_path/switch_down/run_scenario_jellyfish_widest_path_switch_down_20260607_084642/h0.pcap,00:00:00:00:00:01,00:00:00:00:02:01,10.0.0.1,10.0.0.3,TCP,44850,5201,96
2026-06-07T08:59:11.801791+00:00,jellyfish,widest_path,switch_down,run_scenario_jellyfish_widest_path_switch_down_20260607_084642,h0,jellyfish/widest_path/switch_down/run_scenario_jellyfish_widest_path_switch_down_20260607_084642/h0.pcap,00:00:00:00:02:01,00:00:00:00:00:01,10.0.0.3,10.0.0.1,TCP,5201,44850,66
2026-06-07T08:59:11.807164+00:00,jellyfish,widest_path,switch_down,run_scenario_jellyfish_widest_path_switch_down_20260607_084642,h0,jellyfish/widest_path/switch_down/run_scenario_jellyfish_widest_path_switch_down_20260607_084642/h0.pcap,00:00:00:00:00:01,00:00:00:00:02:01,10.0.0.1,10.0.0.3,TCP,44850,5201,96
2026-06-07T08:59:11.807262+00:00,jellyfish,widest_path,switch_down,run_scenario_jellyfish_widest_path_switch_down_20260607_084642,h0,jellyfish/widest_path/switch_down/run_scenario_jellyfish_widest_path_switch_down_20260607_084642/h0.pcap,00:00:00:00:02:01,00:00:00:00:00:01,10.0.0.3,10.0.0.1,TCP,5201,44850,66
2026-06-07T08:59:11.812640+00:00,jellyfish,widest_path,switch_down,run_scenario_jellyfish_widest_path_switch_down_20260607_084642,h0,jellyfish/widest_path/switch_down/run_scenario_jellyfish_widest_path_switch_down_20260607_084642/h0.pcap,00:00:00:00:00:01,00:00:00:00:02:01,10.0.0.1,10.0.0.3,TCP,44850,5201,96
2026-06-07T08:59:11.812746+00:00,jellyfish,widest_path,switch_down,run_scenario_jellyfish_widest_path_switch_down_20260607_084642,h0,jellyfish/widest_path/switch_down/run_scenario_jellyfish_widest_path_switch_down_20260607_084642/h0.pcap,00:00:00:00:02:01,00:00:00:00:00:01,10.0.0.3,10.0.0.1,TCP,5201,44850,66
2026-06-07T08:59:11.818119+00:00,jellyfish,widest_path,switch_down,run_scenario_jellyfish_widest_path_switch_down_20260607_084642,h0,jellyfish/widest_path/switch_down/run_scenario_jellyfish_widest_path_switch_down_20260607_084642/h0.pcap,00:00:00:00:00:01,00:00:00:00:02:01,10.0.0.1,10.0.0.3,TCP,44850,5201,96
2026-06-07T08:59:11.818232+00:00,jellyfish,widest_path,switch_down,run_scenario_jellyfish_widest_path_switch_down_20260607_084642,h0,jellyfish/widest_path/switch_down/run_scenario_jellyfish_widest_path_switch_down_20260607_084642/h0.pcap,00:00:00:00:02:01,00:00:00:00:00:01,10.0.0.3,10.0.0.1,TCP,5201,44850,66
2026-06-07T08:59:11.823509+00:00,jellyfish,widest_path,switch_down,run_scenario_jellyfish_widest_path_switch_down_20260607_084642,h0,jellyfish/widest_path/switch_down/run_scenario_jellyfish_widest_path_switch_down_20260607_084642/h0.pcap,00:00:00:00:00:01,00:00:00:00:02:01,10.0.0.1,10.0.0.3,TCP,44850,5201,96
2026-06-07T08:59:11.823579+00:00,jellyfish,widest_path,switch_down,run_scenario_jellyfish_widest_path_switch_down_20260607_084642,h0,jellyfish/widest_path/switch_down/run_scenario_jellyfish_widest_path_switch_down_20260607_084642/h0.pcap,00:00:00:00:02:01,00:00:00:00:00:01,10.0.0.3,10.0.0.1,TCP,5201,44850,66
2026-06-07T08:59:11.828956+00:00,jellyfish,widest_path,switch_down,run_scenario_jellyfish_widest_path_switch_down_20260607_084642,h0,jellyfish/widest_path/switch_down/run_scenario_jellyfish_widest_path_switch_down_20260607_084642/h0.pcap,00:00:00:00:00:01,00:00:00:00:02:01,10.0.0.1,10.0.0.3,TCP,44850,5201,96
2026-06-07T08:59:11.829024+00:00,jellyfish,widest_path,switch_down,run_scenario_jellyfish_widest_path_switch_down_20260607_084642,h0,jellyfish/widest_path/switch_down/run_scenario_jellyfish_widest_path_switch_down_20260607_084642/h0.pcap,00:00:00:00:02:01,00:00:00:00:00:01,10.0.0.3,10.0.0.1,TCP,5201,44850,66
2026-06-07T08:59:11.834405+00:00,jellyfish,widest_path,switch_down,run_scenario_jellyfish_widest_path_switch_down_20260607_084642,h0,jellyfish/widest_path/switch_down/run_scenario_jellyfish_widest_path_switch_down_20260607_084642/h0.pcap,00:00:00:00:00:01,00:00:00:00:02:01,10.0.0.1,10.0.0.3,TCP,44850,5201,96
2026-06-07T08:59:11.834472+00:00,jellyfish,widest_path,switch_down,run_scenario_jellyfish_widest_path_switch_down_20260607_084642,h0,jellyfish/widest_path/switch_down/run_scenario_jellyfish_widest_path_switch_down_20260607_084642/h0.pcap,00:00:00:00:02:01,00:00:00:00:00:01,10.0.0.3,10.0.0.1,TCP,5201,44850,66
2026-06-07T08:59:11.839856+00:00,jellyfish,widest_path,switch_down,run_scenario_jellyfish_widest_path_switch_down_20260607_084642,h0,jellyfish/widest_path/switch_down/run_scenario_jellyfish_widest_path_switch_down_20260607_084642/h0.pcap,00:00:00:00:00:01,00:00:00:00:02:01,10.0.0.1,10.0.0.3,TCP,44850,5201,96
2026-06-07T08:59:11.839923+00:00,jellyfish,widest_path,switch_down,run_scenario_jellyfish_widest_path_switch_down_20260607_084642,h0,jellyfish/widest_path/switch_down/run_scenario_jellyfish_widest_path_switch_down_20260607_084642/h0.pcap,00:00:00:00:02:01,00:00:00:00:00:01,10.0.0.3,10.0.0.1,TCP,5201,44850,66
2026-06-07T08:59:11.845306+00:00,jellyfish,widest_path,switch_down,run_scenario_jellyfish_widest_path_switch_down_20260607_084642,h0,jellyfish/widest_path/switch_down/run_scenario_jellyfish_widest_path_switch_down_20260607_084642/h0.pcap,00:00:00:00:00:01,00:00:00:00:02:01,10.0.0.1,10.0.0.3,TCP,44850,5201,96
2026-06-07T08:59:11.845373+00:00,jellyfish,widest_path,switch_down,run_scenario_jellyfish_widest_path_switch_down_20260607_084642,h0,jellyfish/widest_path/switch_down/run_scenario_jellyfish_widest_path_switch_down_20260607_084642/h0.pcap,00:00:00:00:02:01,00:00:00:00:00:01,10.0.0.3,10.0.0.1,TCP,5201,44850,66
2026-06-07T08:59:11.850740+00:00,jellyfish,widest_path,switch_down,run_scenario_jellyfish_widest_path_switch_down_20260607_084642,h0,jellyfish/widest_path/switch_down/run_scenario_jellyfish_widest_path_switch_down_20260607_084642/h0.pcap,00:00:00:00:00:01,00:00:00:00:02:01,10.0.0.1,10.0.0.3,TCP,44850,5201,96
2026-06-07T08:59:11.850894+00:00,jellyfish,widest_path,switch_down,run_scenario_jellyfish_widest_path_switch_down_20260607_084642,h0,jellyfish/widest_path/switch_down/run_scenario_jellyfish_widest_path_switch_down_20260607_084642/h0.pcap,00:00:00:00:02:01,00:00:00:00:00:01,10.0.0.3,10.0.0.1,TCP,5201,44850,66
2026-06-07T08:59:11.856209+00:00,jellyfish,widest_path,switch_down,run_scenario_jellyfish_widest_path_switch_down_20260607_084642,h0,jellyfish/widest_path/switch_down/run_scenario_jellyfish_widest_path_switch_down_20260607_084642/h0.pcap,00:00:00:00:00:01,00:00:00:00:02:01,10.0.0.1,10.0.0.3,TCP,44850,5201,96
2026-06-07T08:59:11.856277+00:00,jellyfish,widest_path,switch_down,run_scenario_jellyfish_widest_path_switch_down_20260607_084642,h0,jellyfish/widest_path/switch_down/run_scenario_jellyfish_widest_path_switch_down_20260607_084642/h0.pcap,00:00:00:00:02:01,00:00:00:00:00:01,10.0.0.3,10.0.0.1,TCP,5201,44850,66
2026-06-07T08:59:11.861686+00:00,jellyfish,widest_path,switch_down,run_scenario_jellyfish_widest_path_switch_down_20260607_084642,h0,jellyfish/widest_path/switch_down/run_scenario_jellyfish_widest_path_switch_down_20260607_084642/h0.pcap,00:00:00:00:00:01,00:00:00:00:02:01,10.0.0.1,10.0.0.3,TCP,44850,5201,96
2026-06-07T08:59:11.861743+00:00,jellyfish,widest_path,switch_down,run_scenario_jellyfish_widest_path_switch_down_20260607_084642,h0,jellyfish/widest_path/switch_down/run_scenario_jellyfish_widest_path_switch_down_20260607_084642/h0.pcap,00:00:00:00:02:01,00:00:00:00:00:01,10.0.0.3,10.0.0.1,TCP,5201,44850,66
2026-06-07T08:59:11.867122+00:00,jellyfish,widest_path,switch_down,run_scenario_jellyfish_widest_path_switch_down_20260607_084642,h0,jellyfish/widest_path/switch_down/run_scenario_jellyfish_widest_path_switch_down_20260607_084642/h0.pcap,00:00:00:00:00:01,00:00:00:00:02:01,10.0.0.1,10.0.0.3,TCP,44850,5201,96
2026-06-07T08:59:11.867180+00:00,jellyfish,widest_path,switch_down,run_scenario_jellyfish_widest_path_switch_down_20260607_084642,h0,jellyfish/widest_path/switch_down/run_scenario_jellyfish_widest_path_switch_down_20260607_084642/h0.pcap,00:00:00:00:02:01,00:00:00:00:00:01,10.0.0.3,10.0.0.1,TCP,5201,44850,66
2026-06-07T08:59:11.872560+00:00,jellyfish,widest_path,switch_down,run_scenario_jellyfish_widest_path_switch_down_20260607_084642,h0,jellyfish/widest_path/switch_down/run_scenario_jellyfish_widest_path_switch_down_20260607_084642/h0.pcap,00:00:00:00:00:01,00:00:00:00:02:01,10.0.0.1,10.0.0.3,TCP,44850,5201,96
2026-06-07T08:59:11.872661+00:00,jellyfish,widest_path,switch_down,run_scenario_jellyfish_widest_path_switch_down_20260607_084642,h0,jellyfish/widest_path/switch_down/run_scenario_jellyfish_widest_path_switch_down_20260607_084642/h0.pcap,00:00:00:00:02:01,00:00:00:00:00:01,10.0.0.3,10.0.0.1,TCP,5201,44850,66
2026-06-07T08:59:11.878009+00:00,jellyfish,widest_path,switch_down,run_scenario_jellyfish_widest_path_switch_down_20260607_084642,h0,jellyfish/widest_path/switch_down/run_scenario_jellyfish_widest_path_switch_down_20260607_084642/h0.pcap,00:00:00:00:00:01,00:00:00:00:02:01,10.0.0.1,10.0.0.3,TCP,44850,5201,96
2026-06-07T08:59:11.878076+00:00,jellyfish,widest_path,switch_down,run_scenario_jellyfish_widest_path_switch_down_20260607_084642,h0,jellyfish/widest_path/switch_down/run_scenario_jellyfish_widest_path_switch_down_20260607_084642/h0.pcap,00:00:00:00:02:01,00:00:00:00:00:01,10.0.0.3,10.0.0.1,TCP,5201,44850,66
2026-06-07T08:59:11.883523+00:00,jellyfish,widest_path,switch_down,run_scenario_jellyfish_widest_path_switch_down_20260607_084642,h0,jellyfish/widest_path/switch_down/run_scenario_jellyfish_widest_path_switch_down_20260607_084642/h0.pcap,00:00:00:00:00:01,00:00:00:00:02:01,10.0.0.1,10.0.0.3,TCP,44850,5201,96
2026-06-07T08:59:11.883700+00:00,jellyfish,widest_path,switch_down,run_scenario_jellyfish_widest_path_switch_down_20260607_084642,h0,jellyfish/widest_path/switch_down/run_scenario_jellyfish_widest_path_switch_down_20260607_084642/h0.pcap,00:00:00:00:02:01,00:00:00:00:00:01,10.0.0.3,10.0.0.1,TCP,5201,44850,66
2026-06-07T08:59:11.888910+00:00,jellyfish,widest_path,switch_down,run_scenario_jellyfish_widest_path_switch_down_20260607_084642,h0,jellyfish/widest_path/switch_down/run_scenario_jellyfish_widest_path_switch_down_20260607_084642/h0.pcap,00:00:00:00:00:01,00:00:00:00:02:01,10.0.0.1,10.0.0.3,TCP,44850,5201,96
2026-06-07T08:59:11.888978+00:00,jellyfish,widest_path,switch_down,run_scenario_jellyfish_widest_path_switch_down_20260607_084642,h0,jellyfish/widest_path/switch_down/run_scenario_jellyfish_widest_path_switch_down_20260607_084642/h0.pcap,00:00:00:00:02:01,00:00:00:00:00:01,10.0.0.3,10.0.0.1,TCP,5201,44850,66
2026-06-07T08:59:11.894360+00:00,jellyfish,widest_path,switch_down,run_scenario_jellyfish_widest_path_switch_down_20260607_084642,h0,jellyfish/widest_path/switch_down/run_scenario_jellyfish_widest_path_switch_down_20260607_084642/h0.pcap,00:00:00:00:00:01,00:00:00:00:02:01,10.0.0.1,10.0.0.3,TCP,44850,5201,96
2026-06-07T08:59:11.894428+00:00,jellyfish,widest_path,switch_down,run_scenario_jellyfish_widest_path_switch_down_20260607_084642,h0,jellyfish/widest_path/switch_down/run_scenario_jellyfish_widest_path_switch_down_20260607_084642/h0.pcap,00:00:00:00:02:01,00:00:00:00:00:01,10.0.0.3,10.0.0.1,TCP,5201,44850,66
2026-06-07T08:59:11.899827+00:00,jellyfish,widest_path,switch_down,run_scenario_jellyfish_widest_path_switch_down_20260607_084642,h0,jellyfish/widest_path/switch_down/run_scenario_jellyfish_widest_path_switch_down_20260607_084642/h0.pcap,00:00:00:00:00:01,00:00:00:00:02:01,10.0.0.1,10.0.0.3,TCP,44850,5201,96
2026-06-07T08:59:11.899898+00:00,jellyfish,widest_path,switch_down,run_scenario_jellyfish_widest_path_switch_down_20260607_084642,h0,jellyfish/widest_path/switch_down/run_scenario_jellyfish_widest_path_switch_down_20260607_084642/h0.pcap,00:00:00:00:02:01,00:00:00:00:00:01,10.0.0.3,10.0.0.1,TCP,5201,44850,66
2026-06-07T08:59:11.905263+00:00,jellyfish,widest_path,switch_down,run_scenario_jellyfish_widest_path_switch_down_20260607_084642,h0,jellyfish/widest_path/switch_down/run_scenario_jellyfish_widest_path_switch_down_20260607_084642/h0.pcap,00:00:00:00:00:01,00:00:00:00:02:01,10.0.0.1,10.0.0.3,TCP,44850,5201,96
2026-06-07T08:59:11.905333+00:00,jellyfish,widest_path,switch_down,run_scenario_jellyfish_widest_path_switch_down_20260607_084642,h0,jellyfish/widest_path/switch_down/run_scenario_jellyfish_widest_path_switch_down_20260607_084642/h0.pcap,00:00:00:00:02:01,00:00:00:00:00:01,10.0.0.3,10.0.0.1,TCP,5201,44850,66
2026-06-07T08:59:11.910710+00:00,jellyfish,widest_path,switch_down,run_scenario_jellyfish_widest_path_switch_down_20260607_084642,h0,jellyfish/widest_path/switch_down/run_scenario_jellyfish_widest_path_switch_down_20260607_084642/h0.pcap,00:00:00:00:00:01,00:00:00:00:02:01,10.0.0.1,10.0.0.3,TCP,44850,5201,96
2026-06-07T08:59:11.910777+00:00,jellyfish,widest_path,switch_down,run_scenario_jellyfish_widest_path_switch_down_20260607_084642,h0,jellyfish/widest_path/switch_down/run_scenario_jellyfish_widest_path_switch_down_20260607_084642/h0.pcap,00:00:00:00:02:01,00:00:00:00:00:01,10.0.0.3,10.0.0.1,TCP,5201,44850,66
2026-06-07T08:59:11.916161+00:00,jellyfish,widest_path,switch_down,run_scenario_jellyfish_widest_path_switch_down_20260607_084642,h0,jellyfish/widest_path/switch_down/run_scenario_jellyfish_widest_path_switch_down_20260607_084642/h0.pcap,00:00:00:00:00:01,00:00:00:00:02:01,10.0.0.1,10.0.0.3,TCP,44850,5201,96
2026-06-07T08:59:11.916228+00:00,jellyfish,widest_path,switch_down,run_scenario_jellyfish_widest_path_switch_down_20260607_084642,h0,jellyfish/widest_path/switch_down/run_scenario_jellyfish_widest_path_switch_down_20260607_084642/h0.pcap,00:00:00:00:02:01,00:00:00:00:00:01,10.0.0.3,10.0.0.1,TCP,5201,44850,66
2026-06-07T08:59:11.921619+00:00,jellyfish,widest_path,switch_down,run_scenario_jellyfish_widest_path_switch_down_20260607_084642,h0,jellyfish/widest_path/switch_down/run_scenario_jellyfish_widest_path_switch_down_20260607_084642/h0.pcap,00:00:00:00:00:01,00:00:00:00:02:01,10.0.0.1,10.0.0.3,TCP,44850,5201,96
2026-06-07T08:59:11.921718+00:00,jellyfish,widest_path,switch_down,run_scenario_jellyfish_widest_path_switch_down_20260607_084642,h0,jellyfish/widest_path/switch_down/run_scenario_jellyfish_widest_path_switch_down_20260607_084642/h0.pcap,00:00:00:00:02:01,00:00:00:00:00:01,10.0.0.3,10.0.0.1,TCP,5201,44850,66
2026-06-07T08:59:11.927059+00:00,jellyfish,widest_path,switch_down,run_scenario_jellyfish_widest_path_switch_down_20260607_084642,h0,jellyfish/widest_path/switch_down/run_scenario_jellyfish_widest_path_switch_down_20260607_084642/h0.pcap,00:00:00:00:00:01,00:00:00:00:02:01,10.0.0.1,10.0.0.3,TCP,44850,5201,96
2026-06-07T08:59:11.927150+00:00,jellyfish,widest_path,switch_down,run_scenario_jellyfish_widest_path_switch_down_20260607_084642,h0,jellyfish/widest_path/switch_down/run_scenario_jellyfish_widest_path_switch_down_20260607_084642/h0.pcap,00:00:00:00:02:01,00:00:00:00:00:01,10.0.0.3,10.0.0.1,TCP,5201,44850,66
2026-06-07T08:59:11.932517+00:00,jellyfish,widest_path,switch_down,run_scenario_jellyfish_widest_path_switch_down_20260607_084642,h0,jellyfish/widest_path/switch_down/run_scenario_jellyfish_widest_path_switch_down_20260607_084642/h0.pcap,00:00:00:00:00:01,00:00:00:00:02:01,10.0.0.1,10.0.0.3,TCP,44850,5201,96
2026-06-07T08:59:11.932605+00:00,jellyfish,widest_path,switch_down,run_scenario_jellyfish_widest_path_switch_down_20260607_084642,h0,jellyfish/widest_path/switch_down/run_scenario_jellyfish_widest_path_switch_down_20260607_084642/h0.pcap,00:00:00:00:02:01,00:00:00:00:00:01,10.0.0.3,10.0.0.1,TCP,5201,44850,66
2026-06-07T08:59:11.937970+00:00,jellyfish,widest_path,switch_down,run_scenario_jellyfish_widest_path_switch_down_20260607_084642,h0,jellyfish/widest_path/switch_down/run_scenario_jellyfish_widest_path_switch_down_20260607_084642/h0.pcap,00:00:00:00:00:01,00:00:00:00:02:01,10.0.0.1,10.0.0.3,TCP,44850,5201,96
2026-06-07T08:59:11.938059+00:00,jellyfish,widest_path,switch_down,run_scenario_jellyfish_widest_path_switch_down_20260607_084642,h0,jellyfish/widest_path/switch_down/run_scenario_jellyfish_widest_path_switch_down_20260607_084642/h0.pcap,00:00:00:00:02:01,00:00:00:00:00:01,10.0.0.3,10.0.0.1,TCP,5201,44850,66
2026-06-07T08:59:11.943421+00:00,jellyfish,widest_path,switch_down,run_scenario_jellyfish_widest_path_switch_down_20260607_084642,h0,jellyfish/widest_path/switch_down/run_scenario_jellyfish_widest_path_switch_down_20260607_084642/h0.pcap,00:00:00:00:00:01,00:00:00:00:02:01,10.0.0.1,10.0.0.3,TCP,44850,5201,96
2026-06-07T08:59:11.943513+00:00,jellyfish,widest_path,switch_down,run_scenario_jellyfish_widest_path_switch_down_20260607_084642,h0,jellyfish/widest_path/switch_down/run_scenario_jellyfish_widest_path_switch_down_20260607_084642/h0.pcap,00:00:00:00:02:01,00:00:00:00:00:01,10.0.0.3,10.0.0.1,TCP,5201,44850,66
2026-06-07T08:59:11.948858+00:00,jellyfish,widest_path,switch_down,run_scenario_jellyfish_widest_path_switch_down_20260607_084642,h0,jellyfish/widest_path/switch_down/run_scenario_jellyfish_widest_path_switch_down_20260607_084642/h0.pcap,00:00:00:00:00:01,00:00:00:00:02:01,10.0.0.1,10.0.0.3,TCP,44850,5201,96
2026-06-07T08:59:11.949026+00:00,jellyfish,widest_path,switch_down,run_scenario_jellyfish_widest_path_switch_down_20260607_084642,h0,jellyfish/widest_path/switch_down/run_scenario_jellyfish_widest_path_switch_down_20260607_084642/h0.pcap,00:00:00:00:02:01,00:00:00:00:00:01,10.0.0.3,10.0.0.1,TCP,5201,44850,66
2026-06-07T08:59:11.954335+00:00,jellyfish,widest_path,switch_down,run_scenario_jellyfish_widest_path_switch_down_20260607_084642,h0,jellyfish/widest_path/switch_down/run_scenario_jellyfish_widest_path_switch_down_20260607_084642/h0.pcap,00:00:00:00:00:01,00:00:00:00:02:01,10.0.0.1,10.0.0.3,TCP,44850,5201,96
2026-06-07T08:59:11.954435+00:00,jellyfish,widest_path,switch_down,run_scenario_jellyfish_widest_path_switch_down_20260607_084642,h0,jellyfish/widest_path/switch_down/run_scenario_jellyfish_widest_path_switch_down_20260607_084642/h0.pcap,00:00:00:00:02:01,00:00:00:00:00:01,10.0.0.3,10.0.0.1,TCP,5201,44850,66
2026-06-07T08:59:11.959785+00:00,jellyfish,widest_path,switch_down,run_scenario_jellyfish_widest_path_switch_down_20260607_084642,h0,jellyfish/widest_path/switch_down/run_scenario_jellyfish_widest_path_switch_down_20260607_084642/h0.pcap,00:00:00:00:00:01,00:00:00:00:02:01,10.0.0.1,10.0.0.3,TCP,44850,5201,96
2026-06-07T08:59:11.959845+00:00,jellyfish,widest_path,switch_down,run_scenario_jellyfish_widest_path_switch_down_20260607_084642,h0,jellyfish/widest_path/switch_down/run_scenario_jellyfish_widest_path_switch_down_20260607_084642/h0.pcap,00:00:00:00:02:01,00:00:00:00:00:01,10.0.0.3,10.0.0.1,TCP,5201,44850,66
2026-06-07T08:59:11.965232+00:00,jellyfish,widest_path,switch_down,run_scenario_jellyfish_widest_path_switch_down_20260607_084642,h0,jellyfish/widest_path/switch_down/run_scenario_jellyfish_widest_path_switch_down_20260607_084642/h0.pcap,00:00:00:00:00:01,00:00:00:00:02:01,10.0.0.1,10.0.0.3,TCP,44850,5201,96
2026-06-07T08:59:11.965298+00:00,jellyfish,widest_path,switch_down,run_scenario_jellyfish_widest_path_switch_down_20260607_084642,h0,jellyfish/widest_path/switch_down/run_scenario_jellyfish_widest_path_switch_down_20260607_084642/h0.pcap,00:00:00:00:02:01,00:00:00:00:00:01,10.0.0.3,10.0.0.1,TCP,5201,44850,66
2026-06-07T08:59:11.970678+00:00,jellyfish,widest_path,switch_down,run_scenario_jellyfish_widest_path_switch_down_20260607_084642,h0,jellyfish/widest_path/switch_down/run_scenario_jellyfish_widest_path_switch_down_20260607_084642/h0.pcap,00:00:00:00:00:01,00:00:00:00:02:01,10.0.0.1,10.0.0.3,TCP,44850,5201,96
2026-06-07T08:59:11.970785+00:00,jellyfish,widest_path,switch_down,run_scenario_jellyfish_widest_path_switch_down_20260607_084642,h0,jellyfish/widest_path/switch_down/run_scenario_jellyfish_widest_path_switch_down_20260607_084642/h0.pcap,00:00:00:00:02:01,00:00:00:00:00:01,10.0.0.3,10.0.0.1,TCP,5201,44850,66
2026-06-07T08:59:11.976117+00:00,jellyfish,widest_path,switch_down,run_scenario_jellyfish_widest_path_switch_down_20260607_084642,h0,jellyfish/widest_path/switch_down/run_scenario_jellyfish_widest_path_switch_down_20260607_084642/h0.pcap,00:00:00:00:00:01,00:00:00:00:02:01,10.0.0.1,10.0.0.3,TCP,44850,5201,96
2026-06-07T08:59:11.976185+00:00,jellyfish,widest_path,switch_down,run_scenario_jellyfish_widest_path_switch_down_20260607_084642,h0,jellyfish/widest_path/switch_down/run_scenario_jellyfish_widest_path_switch_down_20260607_084642/h0.pcap,00:00:00:00:02:01,00:00:00:00:00:01,10.0.0.3,10.0.0.1,TCP,5201,44850,66
2026-06-07T08:59:11.981578+00:00,jellyfish,widest_path,switch_down,run_scenario_jellyfish_widest_path_switch_down_20260607_084642,h0,jellyfish/widest_path/switch_down/run_scenario_jellyfish_widest_path_switch_down_20260607_084642/h0.pcap,00:00:00:00:00:01,00:00:00:00:02:01,10.0.0.1,10.0.0.3,TCP,44850,5201,96
2026-06-07T08:59:11.981675+00:00,jellyfish,widest_path,switch_down,run_scenario_jellyfish_widest_path_switch_down_20260607_084642,h0,jellyfish/widest_path/switch_down/run_scenario_jellyfish_widest_path_switch_down_20260607_084642/h0.pcap,00:00:00:00:02:01,00:00:00:00:00:01,10.0.0.3,10.0.0.1,TCP,5201,44850,66
2026-06-07T08:59:11.987046+00:00,jellyfish,widest_path,switch_down,run_scenario_jellyfish_widest_path_switch_down_20260607_084642,h0,jellyfish/widest_path/switch_down/run_scenario_jellyfish_widest_path_switch_down_20260607_084642/h0.pcap,00:00:00:00:00:01,00:00:00:00:02:01,10.0.0.1,10.0.0.3,TCP,44850,5201,96
2026-06-07T08:59:11.987156+00:00,jellyfish,widest_path,switch_down,run_scenario_jellyfish_widest_path_switch_down_20260607_084642,h0,jellyfish/widest_path/switch_down/run_scenario_jellyfish_widest_path_switch_down_20260607_084642/h0.pcap,00:00:00:00:02:01,00:00:00:00:00:01,10.0.0.3,10.0.0.1,TCP,5201,44850,66
2026-06-07T08:59:11.992500+00:00,jellyfish,widest_path,switch_down,run_scenario_jellyfish_widest_path_switch_down_20260607_084642,h0,jellyfish/widest_path/switch_down/run_scenario_jellyfish_widest_path_switch_down_20260607_084642/h0.pcap,00:00:00:00:00:01,00:00:00:00:02:01,10.0.0.1,10.0.0.3,TCP,44850,5201,96
2026-06-07T08:59:11.992632+00:00,jellyfish,widest_path,switch_down,run_scenario_jellyfish_widest_path_switch_down_20260607_084642,h0,jellyfish/widest_path/switch_down/run_scenario_jellyfish_widest_path_switch_down_20260607_084642/h0.pcap,00:00:00:00:02:01,00:00:00:00:00:01,10.0.0.3,10.0.0.1,TCP,5201,44850,66
2026-06-07T08:59:11.998126+00:00,jellyfish,widest_path,switch_down,run_scenario_jellyfish_widest_path_switch_down_20260607_084642,h0,jellyfish/widest_path/switch_down/run_scenario_jellyfish_widest_path_switch_down_20260607_084642/h0.pcap,00:00:00:00:00:01,00:00:00:00:02:01,10.0.0.1,10.0.0.3,TCP,44850,5201,96
2026-06-07T08:59:11.998235+00:00,jellyfish,widest_path,switch_down,run_scenario_jellyfish_widest_path_switch_down_20260607_084642,h0,jellyfish/widest_path/switch_down/run_scenario_jellyfish_widest_path_switch_down_20260607_084642/h0.pcap,00:00:00:00:02:01,00:00:00:00:00:01,10.0.0.3,10.0.0.1,TCP,5201,44850,66
2026-06-07T08:59:12.003456+00:00,jellyfish,widest_path,switch_down,run_scenario_jellyfish_widest_path_switch_down_20260607_084642,h0,jellyfish/widest_path/switch_down/run_scenario_jellyfish_widest_path_switch_down_20260607_084642/h0.pcap,00:00:00:00:00:01,00:00:00:00:02:01,10.0.0.1,10.0.0.3,TCP,44850,5201,96
2026-06-07T08:59:12.003573+00:00,jellyfish,widest_path,switch_down,run_scenario_jellyfish_widest_path_switch_down_20260607_084642,h0,jellyfish/widest_path/switch_down/run_scenario_jellyfish_widest_path_switch_down_20260607_084642/h0.pcap,00:00:00:00:02:01,00:00:00:00:00:01,10.0.0.3,10.0.0.1,TCP,5201,44850,66
2026-06-07T08:59:12.008941+00:00,jellyfish,widest_path,switch_down,run_scenario_jellyfish_widest_path_switch_down_20260607_084642,h0,jellyfish/widest_path/switch_down/run_scenario_jellyfish_widest_path_switch_down_20260607_084642/h0.pcap,00:00:00:00:00:01,00:00:00:00:02:01,10.0.0.1,10.0.0.3,TCP,44850,5201,96
2026-06-07T08:59:12.009069+00:00,jellyfish,widest_path,switch_down,run_scenario_jellyfish_widest_path_switch_down_20260607_084642,h0,jellyfish/widest_path/switch_down/run_scenario_jellyfish_widest_path_switch_down_20260607_084642/h0.pcap,00:00:00:00:02:01,00:00:00:00:00:01,10.0.0.3,10.0.0.1,TCP,5201,44850,66
2026-06-07T08:59:12.014358+00:00,jellyfish,widest_path,switch_down,run_scenario_jellyfish_widest_path_switch_down_20260607_084642,h0,jellyfish/widest_path/switch_down/run_scenario_jellyfish_widest_path_switch_down_20260607_084642/h0.pcap,00:00:00:00:00:01,00:00:00:00:02:01,10.0.0.1,10.0.0.3,TCP,44850,5201,96
2026-06-07T08:59:12.014582+00:00,jellyfish,widest_path,switch_down,run_scenario_jellyfish_widest_path_switch_down_20260607_084642,h0,jellyfish/widest_path/switch_down/run_scenario_jellyfish_widest_path_switch_down_20260607_084642/h0.pcap,00:00:00:00:02:01,00:00:00:00:00:01,10.0.0.3,10.0.0.1,TCP,5201,44850,66
2026-06-07T08:59:12.019818+00:00,jellyfish,widest_path,switch_down,run_scenario_jellyfish_widest_path_switch_down_20260607_084642,h0,jellyfish/widest_path/switch_down/run_scenario_jellyfish_widest_path_switch_down_20260607_084642/h0.pcap,00:00:00:00:00:01,00:00:00:00:02:01,10.0.0.1,10.0.0.3,TCP,44850,5201,96
2026-06-07T08:59:12.019903+00:00,jellyfish,widest_path,switch_down,run_scenario_jellyfish_widest_path_switch_down_20260607_084642,h0,jellyfish/widest_path/switch_down/run_scenario_jellyfish_widest_path_switch_down_20260607_084642/h0.pcap,00:00:00:00:02:01,00:00:00:00:00:01,10.0.0.3,10.0.0.1,TCP,5201,44850,66
2026-06-07T08:59:12.025272+00:00,jellyfish,widest_path,switch_down,run_scenario_jellyfish_widest_path_switch_down_20260607_084642,h0,jellyfish/widest_path/switch_down/run_scenario_jellyfish_widest_path_switch_down_20260607_084642/h0.pcap,00:00:00:00:00:01,00:00:00:00:02:01,10.0.0.1,10.0.0.3,TCP,44850,5201,96
2026-06-07T08:59:12.025377+00:00,jellyfish,widest_path,switch_down,run_scenario_jellyfish_widest_path_switch_down_20260607_084642,h0,jellyfish/widest_path/switch_down/run_scenario_jellyfish_widest_path_switch_down_20260607_084642/h0.pcap,00:00:00:00:02:01,00:00:00:00:00:01,10.0.0.3,10.0.0.1,TCP,5201,44850,66
2026-06-07T08:59:12.030945+00:00,jellyfish,widest_path,switch_down,run_scenario_jellyfish_widest_path_switch_down_20260607_084642,h0,jellyfish/widest_path/switch_down/run_scenario_jellyfish_widest_path_switch_down_20260607_084642/h0.pcap,00:00:00:00:00:01,00:00:00:00:02:01,10.0.0.1,10.0.0.3,TCP,44850,5201,96
2026-06-07T08:59:12.031101+00:00,jellyfish,widest_path,switch_down,run_scenario_jellyfish_widest_path_switch_down_20260607_084642,h0,jellyfish/widest_path/switch_down/run_scenario_jellyfish_widest_path_switch_down_20260607_084642/h0.pcap,00:00:00:00:02:01,00:00:00:00:00:01,10.0.0.3,10.0.0.1,TCP,5201,44850,66
2026-06-07T08:59:12.036371+00:00,jellyfish,widest_path,switch_down,run_scenario_jellyfish_widest_path_switch_down_20260607_084642,h0,jellyfish/widest_path/switch_down/run_scenario_jellyfish_widest_path_switch_down_20260607_084642/h0.pcap,00:00:00:00:00:01,00:00:00:00:02:01,10.0.0.1,10.0.0.3,TCP,44850,5201,96
2026-06-07T08:59:12.036481+00:00,jellyfish,widest_path,switch_down,run_scenario_jellyfish_widest_path_switch_down_20260607_084642,h0,jellyfish/widest_path/switch_down/run_scenario_jellyfish_widest_path_switch_down_20260607_084642/h0.pcap,00:00:00:00:02:01,00:00:00:00:00:01,10.0.0.3,10.0.0.1,TCP,5201,44850,66
2026-06-07T08:59:12.041741+00:00,jellyfish,widest_path,switch_down,run_scenario_jellyfish_widest_path_switch_down_20260607_084642,h0,jellyfish/widest_path/switch_down/run_scenario_jellyfish_widest_path_switch_down_20260607_084642/h0.pcap,00:00:00:00:00:01,00:00:00:00:02:01,10.0.0.1,10.0.0.3,TCP,44850,5201,96
2026-06-07T08:59:12.041849+00:00,jellyfish,widest_path,switch_down,run_scenario_jellyfish_widest_path_switch_down_20260607_084642,h0,jellyfish/widest_path/switch_down/run_scenario_jellyfish_widest_path_switch_down_20260607_084642/h0.pcap,00:00:00:00:02:01,00:00:00:00:00:01,10.0.0.3,10.0.0.1,TCP,5201,44850,66
2026-06-07T08:59:12.047180+00:00,jellyfish,widest_path,switch_down,run_scenario_jellyfish_widest_path_switch_down_20260607_084642,h0,jellyfish/widest_path/switch_down/run_scenario_jellyfish_widest_path_switch_down_20260607_084642/h0.pcap,00:00:00:00:00:01,00:00:00:00:02:01,10.0.0.1,10.0.0.3,TCP,44850,5201,96
2026-06-07T08:59:12.047248+00:00,jellyfish,widest_path,switch_down,run_scenario_jellyfish_widest_path_switch_down_20260607_084642,h0,jellyfish/widest_path/switch_down/run_scenario_jellyfish_widest_path_switch_down_20260607_084642/h0.pcap,00:00:00:00:02:01,00:00:00:00:00:01,10.0.0.3,10.0.0.1,TCP,5201,44850,66
2026-06-07T08:59:12.052643+00:00,jellyfish,widest_path,switch_down,run_scenario_jellyfish_widest_path_switch_down_20260607_084642,h0,jellyfish/widest_path/switch_down/run_scenario_jellyfish_widest_path_switch_down_20260607_084642/h0.pcap,00:00:00:00:00:01,00:00:00:00:02:01,10.0.0.1,10.0.0.3,TCP,44850,5201,96
2026-06-07T08:59:12.052700+00:00,jellyfish,widest_path,switch_down,run_scenario_jellyfish_widest_path_switch_down_20260607_084642,h0,jellyfish/widest_path/switch_down/run_scenario_jellyfish_widest_path_switch_down_20260607_084642/h0.pcap,00:00:00:00:02:01,00:00:00:00:00:01,10.0.0.3,10.0.0.1,TCP,5201,44850,66
2026-06-07T08:59:12.058085+00:00,jellyfish,widest_path,switch_down,run_scenario_jellyfish_widest_path_switch_down_20260607_084642,h0,jellyfish/widest_path/switch_down/run_scenario_jellyfish_widest_path_switch_down_20260607_084642/h0.pcap,00:00:00:00:00:01,00:00:00:00:02:01,10.0.0.1,10.0.0.3,TCP,44850,5201,96
2026-06-07T08:59:12.058160+00:00,jellyfish,widest_path,switch_down,run_scenario_jellyfish_widest_path_switch_down_20260607_084642,h0,jellyfish/widest_path/switch_down/run_scenario_jellyfish_widest_path_switch_down_20260607_084642/h0.pcap,00:00:00:00:02:01,00:00:00:00:00:01,10.0.0.3,10.0.0.1,TCP,5201,44850,66
2026-06-07T08:59:12.063529+00:00,jellyfish,widest_path,switch_down,run_scenario_jellyfish_widest_path_switch_down_20260607_084642,h0,jellyfish/widest_path/switch_down/run_scenario_jellyfish_widest_path_switch_down_20260607_084642/h0.pcap,00:00:00:00:00:01,00:00:00:00:02:01,10.0.0.1,10.0.0.3,TCP,44850,5201,96
2026-06-07T08:59:12.063658+00:00,jellyfish,widest_path,switch_down,run_scenario_jellyfish_widest_path_switch_down_20260607_084642,h0,jellyfish/widest_path/switch_down/run_scenario_jellyfish_widest_path_switch_down_20260607_084642/h0.pcap,00:00:00:00:02:01,00:00:00:00:00:01,10.0.0.3,10.0.0.1,TCP,5201,44850,66
2026-06-07T08:59:12.068981+00:00,jellyfish,widest_path,switch_down,run_scenario_jellyfish_widest_path_switch_down_20260607_084642,h0,jellyfish/widest_path/switch_down/run_scenario_jellyfish_widest_path_switch_down_20260607_084642/h0.pcap,00:00:00:00:00:01,00:00:00:00:02:01,10.0.0.1,10.0.0.3,TCP,44850,5201,96
2026-06-07T08:59:12.069048+00:00,jellyfish,widest_path,switch_down,run_scenario_jellyfish_widest_path_switch_down_20260607_084642,h0,jellyfish/widest_path/switch_down/run_scenario_jellyfish_widest_path_switch_down_20260607_084642/h0.pcap,00:00:00:00:02:01,00:00:00:00:00:01,10.0.0.3,10.0.0.1,TCP,5201,44850,66
2026-06-07T08:59:12.074431+00:00,jellyfish,widest_path,switch_down,run_scenario_jellyfish_widest_path_switch_down_20260607_084642,h0,jellyfish/widest_path/switch_down/run_scenario_jellyfish_widest_path_switch_down_20260607_084642/h0.pcap,00:00:00:00:00:01,00:00:00:00:02:01,10.0.0.1,10.0.0.3,TCP,44850,5201,96
2026-06-07T08:59:12.074503+00:00,jellyfish,widest_path,switch_down,run_scenario_jellyfish_widest_path_switch_down_20260607_084642,h0,jellyfish/widest_path/switch_down/run_scenario_jellyfish_widest_path_switch_down_20260607_084642/h0.pcap,00:00:00:00:02:01,00:00:00:00:00:01,10.0.0.3,10.0.0.1,TCP,5201,44850,66
2026-06-07T08:59:12.079884+00:00,jellyfish,widest_path,switch_down,run_scenario_jellyfish_widest_path_switch_down_20260607_084642,h0,jellyfish/widest_path/switch_down/run_scenario_jellyfish_widest_path_switch_down_20260607_084642/h0.pcap,00:00:00:00:00:01,00:00:00:00:02:01,10.0.0.1,10.0.0.3,TCP,44850,5201,96
2026-06-07T08:59:12.080062+00:00,jellyfish,widest_path,switch_down,run_scenario_jellyfish_widest_path_switch_down_20260607_084642,h0,jellyfish/widest_path/switch_down/run_scenario_jellyfish_widest_path_switch_down_20260607_084642/h0.pcap,00:00:00:00:02:01,00:00:00:00:00:01,10.0.0.3,10.0.0.1,TCP,5201,44850,66
2026-06-07T08:59:12.085333+00:00,jellyfish,widest_path,switch_down,run_scenario_jellyfish_widest_path_switch_down_20260607_084642,h0,jellyfish/widest_path/switch_down/run_scenario_jellyfish_widest_path_switch_down_20260607_084642/h0.pcap,00:00:00:00:00:01,00:00:00:00:02:01,10.0.0.1,10.0.0.3,TCP,44850,5201,96
2026-06-07T08:59:12.085401+00:00,jellyfish,widest_path,switch_down,run_scenario_jellyfish_widest_path_switch_down_20260607_084642,h0,jellyfish/widest_path/switch_down/run_scenario_jellyfish_widest_path_switch_down_20260607_084642/h0.pcap,00:00:00:00:02:01,00:00:00:00:00:01,10.0.0.3,10.0.0.1,TCP,5201,44850,66
2026-06-07T08:59:12.090783+00:00,jellyfish,widest_path,switch_down,run_scenario_jellyfish_widest_path_switch_down_20260607_084642,h0,jellyfish/widest_path/switch_down/run_scenario_jellyfish_widest_path_switch_down_20260607_084642/h0.pcap,00:00:00:00:00:01,00:00:00:00:02:01,10.0.0.1,10.0.0.3,TCP,44850,5201,96
2026-06-07T08:59:12.090852+00:00,jellyfish,widest_path,switch_down,run_scenario_jellyfish_widest_path_switch_down_20260607_084642,h0,jellyfish/widest_path/switch_down/run_scenario_jellyfish_widest_path_switch_down_20260607_084642/h0.pcap,00:00:00:00:02:01,00:00:00:00:00:01,10.0.0.3,10.0.0.1,TCP,5201,44850,66
2026-06-07T08:59:12.096232+00:00,jellyfish,widest_path,switch_down,run_scenario_jellyfish_widest_path_switch_down_20260607_084642,h0,jellyfish/widest_path/switch_down/run_scenario_jellyfish_widest_path_switch_down_20260607_084642/h0.pcap,00:00:00:00:00:01,00:00:00:00:02:01,10.0.0.1,10.0.0.3,TCP,44850,5201,96
2026-06-07T08:59:12.096299+00:00,jellyfish,widest_path,switch_down,run_scenario_jellyfish_widest_path_switch_down_20260607_084642,h0,jellyfish/widest_path/switch_down/run_scenario_jellyfish_widest_path_switch_down_20260607_084642/h0.pcap,00:00:00:00:02:01,00:00:00:00:00:01,10.0.0.3,10.0.0.1,TCP,5201,44850,66
2026-06-07T08:59:12.101714+00:00,jellyfish,widest_path,switch_down,run_scenario_jellyfish_widest_path_switch_down_20260607_084642,h0,jellyfish/widest_path/switch_down/run_scenario_jellyfish_widest_path_switch_down_20260607_084642/h0.pcap,00:00:00:00:00:01,00:00:00:00:02:01,10.0.0.1,10.0.0.3,TCP,44850,5201,96
2026-06-07T08:59:12.101770+00:00,jellyfish,widest_path,switch_down,run_scenario_jellyfish_widest_path_switch_down_20260607_084642,h0,jellyfish/widest_path/switch_down/run_scenario_jellyfish_widest_path_switch_down_20260607_084642/h0.pcap,00:00:00:00:02:01,00:00:00:00:00:01,10.0.0.3,10.0.0.1,TCP,5201,44850,66
2026-06-07T08:59:12.107136+00:00,jellyfish,widest_path,switch_down,run_scenario_jellyfish_widest_path_switch_down_20260607_084642,h0,jellyfish/widest_path/switch_down/run_scenario_jellyfish_widest_path_switch_down_20260607_084642/h0.pcap,00:00:00:00:00:01,00:00:00:00:02:01,10.0.0.1,10.0.0.3,TCP,44850,5201,96
2026-06-07T08:59:12.107213+00:00,jellyfish,widest_path,switch_down,run_scenario_jellyfish_widest_path_switch_down_20260607_084642,h0,jellyfish/widest_path/switch_down/run_scenario_jellyfish_widest_path_switch_down_20260607_084642/h0.pcap,00:00:00:00:02:01,00:00:00:00:00:01,10.0.0.3,10.0.0.1,TCP,5201,44850,66
2026-06-07T08:59:12.112623+00:00,jellyfish,widest_path,switch_down,run_scenario_jellyfish_widest_path_switch_down_20260607_084642,h0,jellyfish/widest_path/switch_down/run_scenario_jellyfish_widest_path_switch_down_20260607_084642/h0.pcap,00:00:00:00:00:01,00:00:00:00:02:01,10.0.0.1,10.0.0.3,TCP,44850,5201,96
2026-06-07T08:59:12.112728+00:00,jellyfish,widest_path,switch_down,run_scenario_jellyfish_widest_path_switch_down_20260607_084642,h0,jellyfish/widest_path/switch_down/run_scenario_jellyfish_widest_path_switch_down_20260607_084642/h0.pcap,00:00:00:00:02:01,00:00:00:00:00:01,10.0.0.3,10.0.0.1,TCP,5201,44850,66
2026-06-07T08:59:12.118039+00:00,jellyfish,widest_path,switch_down,run_scenario_jellyfish_widest_path_switch_down_20260607_084642,h0,jellyfish/widest_path/switch_down/run_scenario_jellyfish_widest_path_switch_down_20260607_084642/h0.pcap,00:00:00:00:00:01,00:00:00:00:02:01,10.0.0.1,10.0.0.3,TCP,44850,5201,96
2026-06-07T08:59:12.118141+00:00,jellyfish,widest_path,switch_down,run_scenario_jellyfish_widest_path_switch_down_20260607_084642,h0,jellyfish/widest_path/switch_down/run_scenario_jellyfish_widest_path_switch_down_20260607_084642/h0.pcap,00:00:00:00:02:01,00:00:00:00:00:01,10.0.0.3,10.0.0.1,TCP,5201,44850,66
2026-06-07T08:59:12.123502+00:00,jellyfish,widest_path,switch_down,run_scenario_jellyfish_widest_path_switch_down_20260607_084642,h0,jellyfish/widest_path/switch_down/run_scenario_jellyfish_widest_path_switch_down_20260607_084642/h0.pcap,00:00:00:00:00:01,00:00:00:00:02:01,10.0.0.1,10.0.0.3,TCP,44850,5201,96
2026-06-07T08:59:12.123612+00:00,jellyfish,widest_path,switch_down,run_scenario_jellyfish_widest_path_switch_down_20260607_084642,h0,jellyfish/widest_path/switch_down/run_scenario_jellyfish_widest_path_switch_down_20260607_084642/h0.pcap,00:00:00:00:02:01,00:00:00:00:00:01,10.0.0.3,10.0.0.1,TCP,5201,44850,66
2026-06-07T08:59:12.128973+00:00,jellyfish,widest_path,switch_down,run_scenario_jellyfish_widest_path_switch_down_20260607_084642,h0,jellyfish/widest_path/switch_down/run_scenario_jellyfish_widest_path_switch_down_20260607_084642/h0.pcap,00:00:00:00:00:01,00:00:00:00:02:01,10.0.0.1,10.0.0.3,TCP,44850,5201,96
2026-06-07T08:59:12.129093+00:00,jellyfish,widest_path,switch_down,run_scenario_jellyfish_widest_path_switch_down_20260607_084642,h0,jellyfish/widest_path/switch_down/run_scenario_jellyfish_widest_path_switch_down_20260607_084642/h0.pcap,00:00:00:00:02:01,00:00:00:00:00:01,10.0.0.3,10.0.0.1,TCP,5201,44850,66
2026-06-07T08:59:12.134399+00:00,jellyfish,widest_path,switch_down,run_scenario_jellyfish_widest_path_switch_down_20260607_084642,h0,jellyfish/widest_path/switch_down/run_scenario_jellyfish_widest_path_switch_down_20260607_084642/h0.pcap,00:00:00:00:00:01,00:00:00:00:02:01,10.0.0.1,10.0.0.3,TCP,44850,5201,96
2026-06-07T08:59:12.134507+00:00,jellyfish,widest_path,switch_down,run_scenario_jellyfish_widest_path_switch_down_20260607_084642,h0,jellyfish/widest_path/switch_down/run_scenario_jellyfish_widest_path_switch_down_20260607_084642/h0.pcap,00:00:00:00:02:01,00:00:00:00:00:01,10.0.0.3,10.0.0.1,TCP,5201,44850,66
2026-06-07T08:59:12.139849+00:00,jellyfish,widest_path,switch_down,run_scenario_jellyfish_widest_path_switch_down_20260607_084642,h0,jellyfish/widest_path/switch_down/run_scenario_jellyfish_widest_path_switch_down_20260607_084642/h0.pcap,00:00:00:00:00:01,00:00:00:00:02:01,10.0.0.1,10.0.0.3,TCP,44850,5201,96
2026-06-07T08:59:12.139959+00:00,jellyfish,widest_path,switch_down,run_scenario_jellyfish_widest_path_switch_down_20260607_084642,h0,jellyfish/widest_path/switch_down/run_scenario_jellyfish_widest_path_switch_down_20260607_084642/h0.pcap,00:00:00:00:02:01,00:00:00:00:00:01,10.0.0.3,10.0.0.1,TCP,5201,44850,66
2026-06-07T08:59:12.145292+00:00,jellyfish,widest_path,switch_down,run_scenario_jellyfish_widest_path_switch_down_20260607_084642,h0,jellyfish/widest_path/switch_down/run_scenario_jellyfish_widest_path_switch_down_20260607_084642/h0.pcap,00:00:00:00:00:01,00:00:00:00:02:01,10.0.0.1,10.0.0.3,TCP,44850,5201,96
2026-06-07T08:59:12.145468+00:00,jellyfish,widest_path,switch_down,run_scenario_jellyfish_widest_path_switch_down_20260607_084642,h0,jellyfish/widest_path/switch_down/run_scenario_jellyfish_widest_path_switch_down_20260607_084642/h0.pcap,00:00:00:00:02:01,00:00:00:00:00:01,10.0.0.3,10.0.0.1,TCP,5201,44850,66
2026-06-07T08:59:12.150786+00:00,jellyfish,widest_path,switch_down,run_scenario_jellyfish_widest_path_switch_down_20260607_084642,h0,jellyfish/widest_path/switch_down/run_scenario_jellyfish_widest_path_switch_down_20260607_084642/h0.pcap,00:00:00:00:00:01,00:00:00:00:02:01,10.0.0.1,10.0.0.3,TCP,44850,5201,96
2026-06-07T08:59:12.150852+00:00,jellyfish,widest_path,switch_down,run_scenario_jellyfish_widest_path_switch_down_20260607_084642,h0,jellyfish/widest_path/switch_down/run_scenario_jellyfish_widest_path_switch_down_20260607_084642/h0.pcap,00:00:00:00:02:01,00:00:00:00:00:01,10.0.0.3,10.0.0.1,TCP,5201,44850,66
2026-06-07T08:59:12.156178+00:00,jellyfish,widest_path,switch_down,run_scenario_jellyfish_widest_path_switch_down_20260607_084642,h0,jellyfish/widest_path/switch_down/run_scenario_jellyfish_widest_path_switch_down_20260607_084642/h0.pcap,00:00:00:00:00:01,00:00:00:00:02:01,10.0.0.1,10.0.0.3,TCP,44850,5201,96
2026-06-07T08:59:12.156396+00:00,jellyfish,widest_path,switch_down,run_scenario_jellyfish_widest_path_switch_down_20260607_084642,h0,jellyfish/widest_path/switch_down/run_scenario_jellyfish_widest_path_switch_down_20260607_084642/h0.pcap,00:00:00:00:02:01,00:00:00:00:00:01,10.0.0.3,10.0.0.1,TCP,5201,44850,66
2026-06-07T08:59:12.161692+00:00,jellyfish,widest_path,switch_down,run_scenario_jellyfish_widest_path_switch_down_20260607_084642,h0,jellyfish/widest_path/switch_down/run_scenario_jellyfish_widest_path_switch_down_20260607_084642/h0.pcap,00:00:00:00:00:01,00:00:00:00:02:01,10.0.0.1,10.0.0.3,TCP,44850,5201,96
2026-06-07T08:59:12.161797+00:00,jellyfish,widest_path,switch_down,run_scenario_jellyfish_widest_path_switch_down_20260607_084642,h0,jellyfish/widest_path/switch_down/run_scenario_jellyfish_widest_path_switch_down_20260607_084642/h0.pcap,00:00:00:00:02:01,00:00:00:00:00:01,10.0.0.3,10.0.0.1,TCP,5201,44850,66
2026-06-07T08:59:12.167091+00:00,jellyfish,widest_path,switch_down,run_scenario_jellyfish_widest_path_switch_down_20260607_084642,h0,jellyfish/widest_path/switch_down/run_scenario_jellyfish_widest_path_switch_down_20260607_084642/h0.pcap,00:00:00:00:00:01,00:00:00:00:02:01,10.0.0.1,10.0.0.3,TCP,44850,5201,96
2026-06-07T08:59:12.167181+00:00,jellyfish,widest_path,switch_down,run_scenario_jellyfish_widest_path_switch_down_20260607_084642,h0,jellyfish/widest_path/switch_down/run_scenario_jellyfish_widest_path_switch_down_20260607_084642/h0.pcap,00:00:00:00:02:01,00:00:00:00:00:01,10.0.0.3,10.0.0.1,TCP,5201,44850,66
2026-06-07T08:59:12.172538+00:00,jellyfish,widest_path,switch_down,run_scenario_jellyfish_widest_path_switch_down_20260607_084642,h0,jellyfish/widest_path/switch_down/run_scenario_jellyfish_widest_path_switch_down_20260607_084642/h0.pcap,00:00:00:00:00:01,00:00:00:00:02:01,10.0.0.1,10.0.0.3,TCP,44850,5201,96
2026-06-07T08:59:12.172613+00:00,jellyfish,widest_path,switch_down,run_scenario_jellyfish_widest_path_switch_down_20260607_084642,h0,jellyfish/widest_path/switch_down/run_scenario_jellyfish_widest_path_switch_down_20260607_084642/h0.pcap,00:00:00:00:02:01,00:00:00:00:00:01,10.0.0.3,10.0.0.1,TCP,5201,44850,66
2026-06-07T08:59:12.177996+00:00,jellyfish,widest_path,switch_down,run_scenario_jellyfish_widest_path_switch_down_20260607_084642,h0,jellyfish/widest_path/switch_down/run_scenario_jellyfish_widest_path_switch_down_20260607_084642/h0.pcap,00:00:00:00:00:01,00:00:00:00:02:01,10.0.0.1,10.0.0.3,TCP,44850,5201,96
2026-06-07T08:59:12.178094+00:00,jellyfish,widest_path,switch_down,run_scenario_jellyfish_widest_path_switch_down_20260607_084642,h0,jellyfish/widest_path/switch_down/run_scenario_jellyfish_widest_path_switch_down_20260607_084642/h0.pcap,00:00:00:00:02:01,00:00:00:00:00:01,10.0.0.3,10.0.0.1,TCP,5201,44850,66
2026-06-07T08:59:12.183451+00:00,jellyfish,widest_path,switch_down,run_scenario_jellyfish_widest_path_switch_down_20260607_084642,h0,jellyfish/widest_path/switch_down/run_scenario_jellyfish_widest_path_switch_down_20260607_084642/h0.pcap,00:00:00:00:00:01,00:00:00:00:02:01,10.0.0.1,10.0.0.3,TCP,44850,5201,96
2026-06-07T08:59:12.183556+00:00,jellyfish,widest_path,switch_down,run_scenario_jellyfish_widest_path_switch_down_20260607_084642,h0,jellyfish/widest_path/switch_down/run_scenario_jellyfish_widest_path_switch_down_20260607_084642/h0.pcap,00:00:00:00:02:01,00:00:00:00:00:01,10.0.0.3,10.0.0.1,TCP,5201,44850,66
2026-06-07T08:59:12.188901+00:00,jellyfish,widest_path,switch_down,run_scenario_jellyfish_widest_path_switch_down_20260607_084642,h0,jellyfish/widest_path/switch_down/run_scenario_jellyfish_widest_path_switch_down_20260607_084642/h0.pcap,00:00:00:00:00:01,00:00:00:00:02:01,10.0.0.1,10.0.0.3,TCP,44850,5201,96
2026-06-07T08:59:12.189062+00:00,jellyfish,widest_path,switch_down,run_scenario_jellyfish_widest_path_switch_down_20260607_084642,h0,jellyfish/widest_path/switch_down/run_scenario_jellyfish_widest_path_switch_down_20260607_084642/h0.pcap,00:00:00:00:02:01,00:00:00:00:00:01,10.0.0.3,10.0.0.1,TCP,5201,44850,66
2026-06-07T08:59:12.194351+00:00,jellyfish,widest_path,switch_down,run_scenario_jellyfish_widest_path_switch_down_20260607_084642,h0,jellyfish/widest_path/switch_down/run_scenario_jellyfish_widest_path_switch_down_20260607_084642/h0.pcap,00:00:00:00:00:01,00:00:00:00:02:01,10.0.0.1,10.0.0.3,TCP,44850,5201,96
2026-06-07T08:59:12.194445+00:00,jellyfish,widest_path,switch_down,run_scenario_jellyfish_widest_path_switch_down_20260607_084642,h0,jellyfish/widest_path/switch_down/run_scenario_jellyfish_widest_path_switch_down_20260607_084642/h0.pcap,00:00:00:00:02:01,00:00:00:00:00:01,10.0.0.3,10.0.0.1,TCP,5201,44850,66
2026-06-07T08:59:12.199796+00:00,jellyfish,widest_path,switch_down,run_scenario_jellyfish_widest_path_switch_down_20260607_084642,h0,jellyfish/widest_path/switch_down/run_scenario_jellyfish_widest_path_switch_down_20260607_084642/h0.pcap,00:00:00:00:00:01,00:00:00:00:02:01,10.0.0.1,10.0.0.3,TCP,44850,5201,96
2026-06-07T08:59:12.199870+00:00,jellyfish,widest_path,switch_down,run_scenario_jellyfish_widest_path_switch_down_20260607_084642,h0,jellyfish/widest_path/switch_down/run_scenario_jellyfish_widest_path_switch_down_20260607_084642/h0.pcap,00:00:00:00:02:01,00:00:00:00:00:01,10.0.0.3,10.0.0.1,TCP,5201,44850,66
2026-06-07T08:59:12.204716+00:00,jellyfish,widest_path,switch_down,run_scenario_jellyfish_widest_path_switch_down_20260607_084642,h0,jellyfish/widest_path/switch_down/run_scenario_jellyfish_widest_path_switch_down_20260607_084642/h0.pcap,a2:a0:27:20:9b:e0,01:80:c2:00:00:0e,,,,,,60
2026-06-07T08:59:12.205285+00:00,jellyfish,widest_path,switch_down,run_scenario_jellyfish_widest_path_switch_down_20260607_084642,h0,jellyfish/widest_path/switch_down/run_scenario_jellyfish_widest_path_switch_down_20260607_084642/h0.pcap,00:00:00:00:00:01,00:00:00:00:02:01,10.0.0.1,10.0.0.3,TCP,44850,5201,96
2026-06-07T08:59:12.205373+00:00,jellyfish,widest_path,switch_down,run_scenario_jellyfish_widest_path_switch_down_20260607_084642,h0,jellyfish/widest_path/switch_down/run_scenario_jellyfish_widest_path_switch_down_20260607_084642/h0.pcap,00:00:00:00:02:01,00:00:00:00:00:01,10.0.0.3,10.0.0.1,TCP,5201,44850,66
2026-06-07T08:59:12.210704+00:00,jellyfish,widest_path,switch_down,run_scenario_jellyfish_widest_path_switch_down_20260607_084642,h0,jellyfish/widest_path/switch_down/run_scenario_jellyfish_widest_path_switch_down_20260607_084642/h0.pcap,00:00:00:00:00:01,00:00:00:00:02:01,10.0.0.1,10.0.0.3,TCP,44850,5201,96
2026-06-07T08:59:12.210919+00:00,jellyfish,widest_path,switch_down,run_scenario_jellyfish_widest_path_switch_down_20260607_084642,h0,jellyfish/widest_path/switch_down/run_scenario_jellyfish_widest_path_switch_down_20260607_084642/h0.pcap,00:00:00:00:02:01,00:00:00:00:00:01,10.0.0.3,10.0.0.1,TCP,5201,44850,66
2026-06-07T08:59:12.216145+00:00,jellyfish,widest_path,switch_down,run_scenario_jellyfish_widest_path_switch_down_20260607_084642,h0,jellyfish/widest_path/switch_down/run_scenario_jellyfish_widest_path_switch_down_20260607_084642/h0.pcap,00:00:00:00:00:01,00:00:00:00:02:01,10.0.0.1,10.0.0.3,TCP,44850,5201,96
2026-06-07T08:59:12.216247+00:00,jellyfish,widest_path,switch_down,run_scenario_jellyfish_widest_path_switch_down_20260607_084642,h0,jellyfish/widest_path/switch_down/run_scenario_jellyfish_widest_path_switch_down_20260607_084642/h0.pcap,00:00:00:00:02:01,00:00:00:00:00:01,10.0.0.3,10.0.0.1,TCP,5201,44850,66
2026-06-07T08:59:12.221603+00:00,jellyfish,widest_path,switch_down,run_scenario_jellyfish_widest_path_switch_down_20260607_084642,h0,jellyfish/widest_path/switch_down/run_scenario_jellyfish_widest_path_switch_down_20260607_084642/h0.pcap,00:00:00:00:00:01,00:00:00:00:02:01,10.0.0.1,10.0.0.3,TCP,44850,5201,96
2026-06-07T08:59:12.221739+00:00,jellyfish,widest_path,switch_down,run_scenario_jellyfish_widest_path_switch_down_20260607_084642,h0,jellyfish/widest_path/switch_down/run_scenario_jellyfish_widest_path_switch_down_20260607_084642/h0.pcap,00:00:00:00:02:01,00:00:00:00:00:01,10.0.0.3,10.0.0.1,TCP,5201,44850,66
2026-06-07T08:59:12.227046+00:00,jellyfish,widest_path,switch_down,run_scenario_jellyfish_widest_path_switch_down_20260607_084642,h0,jellyfish/widest_path/switch_down/run_scenario_jellyfish_widest_path_switch_down_20260607_084642/h0.pcap,00:00:00:00:00:01,00:00:00:00:02:01,10.0.0.1,10.0.0.3,TCP,44850,5201,96
2026-06-07T08:59:12.227138+00:00,jellyfish,widest_path,switch_down,run_scenario_jellyfish_widest_path_switch_down_20260607_084642,h0,jellyfish/widest_path/switch_down/run_scenario_jellyfish_widest_path_switch_down_20260607_084642/h0.pcap,00:00:00:00:02:01,00:00:00:00:00:01,10.0.0.3,10.0.0.1,TCP,5201,44850,66
2026-06-07T08:59:12.232488+00:00,jellyfish,widest_path,switch_down,run_scenario_jellyfish_widest_path_switch_down_20260607_084642,h0,jellyfish/widest_path/switch_down/run_scenario_jellyfish_widest_path_switch_down_20260607_084642/h0.pcap,00:00:00:00:00:01,00:00:00:00:02:01,10.0.0.1,10.0.0.3,TCP,44850,5201,96
2026-06-07T08:59:12.232586+00:00,jellyfish,widest_path,switch_down,run_scenario_jellyfish_widest_path_switch_down_20260607_084642,h0,jellyfish/widest_path/switch_down/run_scenario_jellyfish_widest_path_switch_down_20260607_084642/h0.pcap,00:00:00:00:02:01,00:00:00:00:00:01,10.0.0.3,10.0.0.1,TCP,5201,44850,66
2026-06-07T08:59:12.237953+00:00,jellyfish,widest_path,switch_down,run_scenario_jellyfish_widest_path_switch_down_20260607_084642,h0,jellyfish/widest_path/switch_down/run_scenario_jellyfish_widest_path_switch_down_20260607_084642/h0.pcap,00:00:00:00:00:01,00:00:00:00:02:01,10.0.0.1,10.0.0.3,TCP,44850,5201,96
2026-06-07T08:59:12.238062+00:00,jellyfish,widest_path,switch_down,run_scenario_jellyfish_widest_path_switch_down_20260607_084642,h0,jellyfish/widest_path/switch_down/run_scenario_jellyfish_widest_path_switch_down_20260607_084642/h0.pcap,00:00:00:00:02:01,00:00:00:00:00:01,10.0.0.3,10.0.0.1,TCP,5201,44850,66
2026-06-07T08:59:12.243401+00:00,jellyfish,widest_path,switch_down,run_scenario_jellyfish_widest_path_switch_down_20260607_084642,h0,jellyfish/widest_path/switch_down/run_scenario_jellyfish_widest_path_switch_down_20260607_084642/h0.pcap,00:00:00:00:00:01,00:00:00:00:02:01,10.0.0.1,10.0.0.3,TCP,44850,5201,96
2026-06-07T08:59:12.243491+00:00,jellyfish,widest_path,switch_down,run_scenario_jellyfish_widest_path_switch_down_20260607_084642,h0,jellyfish/widest_path/switch_down/run_scenario_jellyfish_widest_path_switch_down_20260607_084642/h0.pcap,00:00:00:00:02:01,00:00:00:00:00:01,10.0.0.3,10.0.0.1,TCP,5201,44850,66
2026-06-07T08:59:12.248841+00:00,jellyfish,widest_path,switch_down,run_scenario_jellyfish_widest_path_switch_down_20260607_084642,h0,jellyfish/widest_path/switch_down/run_scenario_jellyfish_widest_path_switch_down_20260607_084642/h0.pcap,00:00:00:00:00:01,00:00:00:00:02:01,10.0.0.1,10.0.0.3,TCP,44850,5201,96
2026-06-07T08:59:12.248949+00:00,jellyfish,widest_path,switch_down,run_scenario_jellyfish_widest_path_switch_down_20260607_084642,h0,jellyfish/widest_path/switch_down/run_scenario_jellyfish_widest_path_switch_down_20260607_084642/h0.pcap,00:00:00:00:02:01,00:00:00:00:00:01,10.0.0.3,10.0.0.1,TCP,5201,44850,66
2026-06-07T08:59:12.254347+00:00,jellyfish,widest_path,switch_down,run_scenario_jellyfish_widest_path_switch_down_20260607_084642,h0,jellyfish/widest_path/switch_down/run_scenario_jellyfish_widest_path_switch_down_20260607_084642/h0.pcap,00:00:00:00:00:01,00:00:00:00:02:01,10.0.0.1,10.0.0.3,TCP,44850,5201,96
2026-06-07T08:59:12.254468+00:00,jellyfish,widest_path,switch_down,run_scenario_jellyfish_widest_path_switch_down_20260607_084642,h0,jellyfish/widest_path/switch_down/run_scenario_jellyfish_widest_path_switch_down_20260607_084642/h0.pcap,00:00:00:00:02:01,00:00:00:00:00:01,10.0.0.3,10.0.0.1,TCP,5201,44850,66
2026-06-07T08:59:12.259805+00:00,jellyfish,widest_path,switch_down,run_scenario_jellyfish_widest_path_switch_down_20260607_084642,h0,jellyfish/widest_path/switch_down/run_scenario_jellyfish_widest_path_switch_down_20260607_084642/h0.pcap,00:00:00:00:00:01,00:00:00:00:02:01,10.0.0.1,10.0.0.3,TCP,44850,5201,96
2026-06-07T08:59:12.260014+00:00,jellyfish,widest_path,switch_down,run_scenario_jellyfish_widest_path_switch_down_20260607_084642,h0,jellyfish/widest_path/switch_down/run_scenario_jellyfish_widest_path_switch_down_20260607_084642/h0.pcap,00:00:00:00:02:01,00:00:00:00:00:01,10.0.0.3,10.0.0.1,TCP,5201,44850,66
2026-06-07T08:59:12.265234+00:00,jellyfish,widest_path,switch_down,run_scenario_jellyfish_widest_path_switch_down_20260607_084642,h0,jellyfish/widest_path/switch_down/run_scenario_jellyfish_widest_path_switch_down_20260607_084642/h0.pcap,00:00:00:00:00:01,00:00:00:00:02:01,10.0.0.1,10.0.0.3,TCP,44850,5201,96
2026-06-07T08:59:12.265360+00:00,jellyfish,widest_path,switch_down,run_scenario_jellyfish_widest_path_switch_down_20260607_084642,h0,jellyfish/widest_path/switch_down/run_scenario_jellyfish_widest_path_switch_down_20260607_084642/h0.pcap,00:00:00:00:02:01,00:00:00:00:00:01,10.0.0.3,10.0.0.1,TCP,5201,44850,66
2026-06-07T08:59:12.270647+00:00,jellyfish,widest_path,switch_down,run_scenario_jellyfish_widest_path_switch_down_20260607_084642,h0,jellyfish/widest_path/switch_down/run_scenario_jellyfish_widest_path_switch_down_20260607_084642/h0.pcap,00:00:00:00:00:01,00:00:00:00:02:01,10.0.0.1,10.0.0.3,TCP,44850,5201,96
2026-06-07T08:59:12.270752+00:00,jellyfish,widest_path,switch_down,run_scenario_jellyfish_widest_path_switch_down_20260607_084642,h0,jellyfish/widest_path/switch_down/run_scenario_jellyfish_widest_path_switch_down_20260607_084642/h0.pcap,00:00:00:00:02:01,00:00:00:00:00:01,10.0.0.3,10.0.0.1,TCP,5201,44850,66
2026-06-07T08:59:12.276094+00:00,jellyfish,widest_path,switch_down,run_scenario_jellyfish_widest_path_switch_down_20260607_084642,h0,jellyfish/widest_path/switch_down/run_scenario_jellyfish_widest_path_switch_down_20260607_084642/h0.pcap,00:00:00:00:00:01,00:00:00:00:02:01,10.0.0.1,10.0.0.3,TCP,44850,5201,96
2026-06-07T08:59:12.276207+00:00,jellyfish,widest_path,switch_down,run_scenario_jellyfish_widest_path_switch_down_20260607_084642,h0,jellyfish/widest_path/switch_down/run_scenario_jellyfish_widest_path_switch_down_20260607_084642/h0.pcap,00:00:00:00:02:01,00:00:00:00:00:01,10.0.0.3,10.0.0.1,TCP,5201,44850,66
2026-06-07T08:59:12.281621+00:00,jellyfish,widest_path,switch_down,run_scenario_jellyfish_widest_path_switch_down_20260607_084642,h0,jellyfish/widest_path/switch_down/run_scenario_jellyfish_widest_path_switch_down_20260607_084642/h0.pcap,00:00:00:00:00:01,00:00:00:00:02:01,10.0.0.1,10.0.0.3,TCP,44850,5201,96
2026-06-07T08:59:12.281774+00:00,jellyfish,widest_path,switch_down,run_scenario_jellyfish_widest_path_switch_down_20260607_084642,h0,jellyfish/widest_path/switch_down/run_scenario_jellyfish_widest_path_switch_down_20260607_084642/h0.pcap,00:00:00:00:02:01,00:00:00:00:00:01,10.0.0.3,10.0.0.1,TCP,5201,44850,66
2026-06-07T08:59:12.287044+00:00,jellyfish,widest_path,switch_down,run_scenario_jellyfish_widest_path_switch_down_20260607_084642,h0,jellyfish/widest_path/switch_down/run_scenario_jellyfish_widest_path_switch_down_20260607_084642/h0.pcap,00:00:00:00:00:01,00:00:00:00:02:01,10.0.0.1,10.0.0.3,TCP,44850,5201,96
2026-06-07T08:59:12.287152+00:00,jellyfish,widest_path,switch_down,run_scenario_jellyfish_widest_path_switch_down_20260607_084642,h0,jellyfish/widest_path/switch_down/run_scenario_jellyfish_widest_path_switch_down_20260607_084642/h0.pcap,00:00:00:00:02:01,00:00:00:00:00:01,10.0.0.3,10.0.0.1,TCP,5201,44850,66
2026-06-07T08:59:12.292460+00:00,jellyfish,widest_path,switch_down,run_scenario_jellyfish_widest_path_switch_down_20260607_084642,h0,jellyfish/widest_path/switch_down/run_scenario_jellyfish_widest_path_switch_down_20260607_084642/h0.pcap,00:00:00:00:00:01,00:00:00:00:02:01,10.0.0.1,10.0.0.3,TCP,44850,5201,96
2026-06-07T08:59:12.292585+00:00,jellyfish,widest_path,switch_down,run_scenario_jellyfish_widest_path_switch_down_20260607_084642,h0,jellyfish/widest_path/switch_down/run_scenario_jellyfish_widest_path_switch_down_20260607_084642/h0.pcap,00:00:00:00:02:01,00:00:00:00:00:01,10.0.0.3,10.0.0.1,TCP,5201,44850,66
2026-06-07T08:59:12.297915+00:00,jellyfish,widest_path,switch_down,run_scenario_jellyfish_widest_path_switch_down_20260607_084642,h0,jellyfish/widest_path/switch_down/run_scenario_jellyfish_widest_path_switch_down_20260607_084642/h0.pcap,00:00:00:00:00:01,00:00:00:00:02:01,10.0.0.1,10.0.0.3,TCP,44850,5201,96
2026-06-07T08:59:12.298023+00:00,jellyfish,widest_path,switch_down,run_scenario_jellyfish_widest_path_switch_down_20260607_084642,h0,jellyfish/widest_path/switch_down/run_scenario_jellyfish_widest_path_switch_down_20260607_084642/h0.pcap,00:00:00:00:02:01,00:00:00:00:00:01,10.0.0.3,10.0.0.1,TCP,5201,44850,66
2026-06-07T08:59:12.303359+00:00,jellyfish,widest_path,switch_down,run_scenario_jellyfish_widest_path_switch_down_20260607_084642,h0,jellyfish/widest_path/switch_down/run_scenario_jellyfish_widest_path_switch_down_20260607_084642/h0.pcap,00:00:00:00:00:01,00:00:00:00:02:01,10.0.0.1,10.0.0.3,TCP,44850,5201,96
2026-06-07T08:59:12.303468+00:00,jellyfish,widest_path,switch_down,run_scenario_jellyfish_widest_path_switch_down_20260607_084642,h0,jellyfish/widest_path/switch_down/run_scenario_jellyfish_widest_path_switch_down_20260607_084642/h0.pcap,00:00:00:00:02:01,00:00:00:00:00:01,10.0.0.3,10.0.0.1,TCP,5201,44850,66
2026-06-07T08:59:12.308805+00:00,jellyfish,widest_path,switch_down,run_scenario_jellyfish_widest_path_switch_down_20260607_084642,h0,jellyfish/widest_path/switch_down/run_scenario_jellyfish_widest_path_switch_down_20260607_084642/h0.pcap,00:00:00:00:00:01,00:00:00:00:02:01,10.0.0.1,10.0.0.3,TCP,44850,5201,96
2026-06-07T08:59:12.308933+00:00,jellyfish,widest_path,switch_down,run_scenario_jellyfish_widest_path_switch_down_20260607_084642,h0,jellyfish/widest_path/switch_down/run_scenario_jellyfish_widest_path_switch_down_20260607_084642/h0.pcap,00:00:00:00:02:01,00:00:00:00:00:01,10.0.0.3,10.0.0.1,TCP,5201,44850,66
2026-06-07T08:59:12.314245+00:00,jellyfish,widest_path,switch_down,run_scenario_jellyfish_widest_path_switch_down_20260607_084642,h0,jellyfish/widest_path/switch_down/run_scenario_jellyfish_widest_path_switch_down_20260607_084642/h0.pcap,00:00:00:00:00:01,00:00:00:00:02:01,10.0.0.1,10.0.0.3,TCP,44850,5201,96
2026-06-07T08:59:12.314382+00:00,jellyfish,widest_path,switch_down,run_scenario_jellyfish_widest_path_switch_down_20260607_084642,h0,jellyfish/widest_path/switch_down/run_scenario_jellyfish_widest_path_switch_down_20260607_084642/h0.pcap,00:00:00:00:02:01,00:00:00:00:00:01,10.0.0.3,10.0.0.1,TCP,5201,44850,66
2026-06-07T08:59:12.319700+00:00,jellyfish,widest_path,switch_down,run_scenario_jellyfish_widest_path_switch_down_20260607_084642,h0,jellyfish/widest_path/switch_down/run_scenario_jellyfish_widest_path_switch_down_20260607_084642/h0.pcap,00:00:00:00:00:01,00:00:00:00:02:01,10.0.0.1,10.0.0.3,TCP,44850,5201,96
2026-06-07T08:59:12.319805+00:00,jellyfish,widest_path,switch_down,run_scenario_jellyfish_widest_path_switch_down_20260607_084642,h0,jellyfish/widest_path/switch_down/run_scenario_jellyfish_widest_path_switch_down_20260607_084642/h0.pcap,00:00:00:00:02:01,00:00:00:00:00:01,10.0.0.3,10.0.0.1,TCP,5201,44850,66
2026-06-07T08:59:12.325131+00:00,jellyfish,widest_path,switch_down,run_scenario_jellyfish_widest_path_switch_down_20260607_084642,h0,jellyfish/widest_path/switch_down/run_scenario_jellyfish_widest_path_switch_down_20260607_084642/h0.pcap,00:00:00:00:00:01,00:00:00:00:02:01,10.0.0.1,10.0.0.3,TCP,44850,5201,96
2026-06-07T08:59:12.325239+00:00,jellyfish,widest_path,switch_down,run_scenario_jellyfish_widest_path_switch_down_20260607_084642,h0,jellyfish/widest_path/switch_down/run_scenario_jellyfish_widest_path_switch_down_20260607_084642/h0.pcap,00:00:00:00:02:01,00:00:00:00:00:01,10.0.0.3,10.0.0.1,TCP,5201,44850,66
2026-06-07T08:59:12.330611+00:00,jellyfish,widest_path,switch_down,run_scenario_jellyfish_widest_path_switch_down_20260607_084642,h0,jellyfish/widest_path/switch_down/run_scenario_jellyfish_widest_path_switch_down_20260607_084642/h0.pcap,00:00:00:00:00:01,00:00:00:00:02:01,10.0.0.1,10.0.0.3,TCP,44850,5201,96
2026-06-07T08:59:12.330719+00:00,jellyfish,widest_path,switch_down,run_scenario_jellyfish_widest_path_switch_down_20260607_084642,h0,jellyfish/widest_path/switch_down/run_scenario_jellyfish_widest_path_switch_down_20260607_084642/h0.pcap,00:00:00:00:02:01,00:00:00:00:00:01,10.0.0.3,10.0.0.1,TCP,5201,44850,66
2026-06-07T08:59:12.336702+00:00,jellyfish,widest_path,switch_down,run_scenario_jellyfish_widest_path_switch_down_20260607_084642,h0,jellyfish/widest_path/switch_down/run_scenario_jellyfish_widest_path_switch_down_20260607_084642/h0.pcap,00:00:00:00:00:01,00:00:00:00:02:01,10.0.0.1,10.0.0.3,TCP,44850,5201,96
2026-06-07T08:59:12.336765+00:00,jellyfish,widest_path,switch_down,run_scenario_jellyfish_widest_path_switch_down_20260607_084642,h0,jellyfish/widest_path/switch_down/run_scenario_jellyfish_widest_path_switch_down_20260607_084642/h0.pcap,00:00:00:00:02:01,00:00:00:00:00:01,10.0.0.3,10.0.0.1,TCP,5201,44850,66
2026-06-07T08:59:12.342073+00:00,jellyfish,widest_path,switch_down,run_scenario_jellyfish_widest_path_switch_down_20260607_084642,h0,jellyfish/widest_path/switch_down/run_scenario_jellyfish_widest_path_switch_down_20260607_084642/h0.pcap,00:00:00:00:00:01,00:00:00:00:02:01,10.0.0.1,10.0.0.3,TCP,44850,5201,96
2026-06-07T08:59:12.342176+00:00,jellyfish,widest_path,switch_down,run_scenario_jellyfish_widest_path_switch_down_20260607_084642,h0,jellyfish/widest_path/switch_down/run_scenario_jellyfish_widest_path_switch_down_20260607_084642/h0.pcap,00:00:00:00:02:01,00:00:00:00:00:01,10.0.0.3,10.0.0.1,TCP,5201,44850,66
2026-06-07T08:59:12.347558+00:00,jellyfish,widest_path,switch_down,run_scenario_jellyfish_widest_path_switch_down_20260607_084642,h0,jellyfish/widest_path/switch_down/run_scenario_jellyfish_widest_path_switch_down_20260607_084642/h0.pcap,00:00:00:00:00:01,00:00:00:00:02:01,10.0.0.1,10.0.0.3,TCP,44850,5201,96
2026-06-07T08:59:12.347660+00:00,jellyfish,widest_path,switch_down,run_scenario_jellyfish_widest_path_switch_down_20260607_084642,h0,jellyfish/widest_path/switch_down/run_scenario_jellyfish_widest_path_switch_down_20260607_084642/h0.pcap,00:00:00:00:02:01,00:00:00:00:00:01,10.0.0.3,10.0.0.1,TCP,5201,44850,66
2026-06-07T08:59:12.353184+00:00,jellyfish,widest_path,switch_down,run_scenario_jellyfish_widest_path_switch_down_20260607_084642,h0,jellyfish/widest_path/switch_down/run_scenario_jellyfish_widest_path_switch_down_20260607_084642/h0.pcap,00:00:00:00:00:01,00:00:00:00:02:01,10.0.0.1,10.0.0.3,TCP,44850,5201,96
2026-06-07T08:59:12.353295+00:00,jellyfish,widest_path,switch_down,run_scenario_jellyfish_widest_path_switch_down_20260607_084642,h0,jellyfish/widest_path/switch_down/run_scenario_jellyfish_widest_path_switch_down_20260607_084642/h0.pcap,00:00:00:00:02:01,00:00:00:00:00:01,10.0.0.3,10.0.0.1,TCP,5201,44850,66
2026-06-07T08:59:12.358522+00:00,jellyfish,widest_path,switch_down,run_scenario_jellyfish_widest_path_switch_down_20260607_084642,h0,jellyfish/widest_path/switch_down/run_scenario_jellyfish_widest_path_switch_down_20260607_084642/h0.pcap,00:00:00:00:00:01,00:00:00:00:02:01,10.0.0.1,10.0.0.3,TCP,44850,5201,96
2026-06-07T08:59:12.358618+00:00,jellyfish,widest_path,switch_down,run_scenario_jellyfish_widest_path_switch_down_20260607_084642,h0,jellyfish/widest_path/switch_down/run_scenario_jellyfish_widest_path_switch_down_20260607_084642/h0.pcap,00:00:00:00:02:01,00:00:00:00:00:01,10.0.0.3,10.0.0.1,TCP,5201,44850,66
2026-06-07T08:59:12.364005+00:00,jellyfish,widest_path,switch_down,run_scenario_jellyfish_widest_path_switch_down_20260607_084642,h0,jellyfish/widest_path/switch_down/run_scenario_jellyfish_widest_path_switch_down_20260607_084642/h0.pcap,00:00:00:00:00:01,00:00:00:00:02:01,10.0.0.1,10.0.0.3,TCP,44850,5201,96
2026-06-07T08:59:12.364115+00:00,jellyfish,widest_path,switch_down,run_scenario_jellyfish_widest_path_switch_down_20260607_084642,h0,jellyfish/widest_path/switch_down/run_scenario_jellyfish_widest_path_switch_down_20260607_084642/h0.pcap,00:00:00:00:02:01,00:00:00:00:00:01,10.0.0.3,10.0.0.1,TCP,5201,44850,66
2026-06-07T08:59:12.369467+00:00,jellyfish,widest_path,switch_down,run_scenario_jellyfish_widest_path_switch_down_20260607_084642,h0,jellyfish/widest_path/switch_down/run_scenario_jellyfish_widest_path_switch_down_20260607_084642/h0.pcap,00:00:00:00:00:01,00:00:00:00:02:01,10.0.0.1,10.0.0.3,TCP,44850,5201,96
2026-06-07T08:59:12.369576+00:00,jellyfish,widest_path,switch_down,run_scenario_jellyfish_widest_path_switch_down_20260607_084642,h0,jellyfish/widest_path/switch_down/run_scenario_jellyfish_widest_path_switch_down_20260607_084642/h0.pcap,00:00:00:00:02:01,00:00:00:00:00:01,10.0.0.3,10.0.0.1,TCP,5201,44850,66
2026-06-07T08:59:12.374868+00:00,jellyfish,widest_path,switch_down,run_scenario_jellyfish_widest_path_switch_down_20260607_084642,h0,jellyfish/widest_path/switch_down/run_scenario_jellyfish_widest_path_switch_down_20260607_084642/h0.pcap,00:00:00:00:00:01,00:00:00:00:02:01,10.0.0.1,10.0.0.3,TCP,44850,5201,96
2026-06-07T08:59:12.374963+00:00,jellyfish,widest_path,switch_down,run_scenario_jellyfish_widest_path_switch_down_20260607_084642,h0,jellyfish/widest_path/switch_down/run_scenario_jellyfish_widest_path_switch_down_20260607_084642/h0.pcap,00:00:00:00:02:01,00:00:00:00:00:01,10.0.0.3,10.0.0.1,TCP,5201,44850,66
2026-06-07T08:59:12.380338+00:00,jellyfish,widest_path,switch_down,run_scenario_jellyfish_widest_path_switch_down_20260607_084642,h0,jellyfish/widest_path/switch_down/run_scenario_jellyfish_widest_path_switch_down_20260607_084642/h0.pcap,00:00:00:00:00:01,00:00:00:00:02:01,10.0.0.1,10.0.0.3,TCP,44850,5201,96
2026-06-07T08:59:12.380417+00:00,jellyfish,widest_path,switch_down,run_scenario_jellyfish_widest_path_switch_down_20260607_084642,h0,jellyfish/widest_path/switch_down/run_scenario_jellyfish_widest_path_switch_down_20260607_084642/h0.pcap,00:00:00:00:02:01,00:00:00:00:00:01,10.0.0.3,10.0.0.1,TCP,5201,44850,66
2026-06-07T08:59:12.385803+00:00,jellyfish,widest_path,switch_down,run_scenario_jellyfish_widest_path_switch_down_20260607_084642,h0,jellyfish/widest_path/switch_down/run_scenario_jellyfish_widest_path_switch_down_20260607_084642/h0.pcap,00:00:00:00:00:01,00:00:00:00:02:01,10.0.0.1,10.0.0.3,TCP,44850,5201,96
2026-06-07T08:59:12.385872+00:00,jellyfish,widest_path,switch_down,run_scenario_jellyfish_widest_path_switch_down_20260607_084642,h0,jellyfish/widest_path/switch_down/run_scenario_jellyfish_widest_path_switch_down_20260607_084642/h0.pcap,00:00:00:00:02:01,00:00:00:00:00:01,10.0.0.3,10.0.0.1,TCP,5201,44850,66
2026-06-07T08:59:12.391236+00:00,jellyfish,widest_path,switch_down,run_scenario_jellyfish_widest_path_switch_down_20260607_084642,h0,jellyfish/widest_path/switch_down/run_scenario_jellyfish_widest_path_switch_down_20260607_084642/h0.pcap,00:00:00:00:00:01,00:00:00:00:02:01,10.0.0.1,10.0.0.3,TCP,44850,5201,96
2026-06-07T08:59:12.391325+00:00,jellyfish,widest_path,switch_down,run_scenario_jellyfish_widest_path_switch_down_20260607_084642,h0,jellyfish/widest_path/switch_down/run_scenario_jellyfish_widest_path_switch_down_20260607_084642/h0.pcap,00:00:00:00:02:01,00:00:00:00:00:01,10.0.0.3,10.0.0.1,TCP,5201,44850,66
2026-06-07T08:59:12.396665+00:00,jellyfish,widest_path,switch_down,run_scenario_jellyfish_widest_path_switch_down_20260607_084642,h0,jellyfish/widest_path/switch_down/run_scenario_jellyfish_widest_path_switch_down_20260607_084642/h0.pcap,00:00:00:00:00:01,00:00:00:00:02:01,10.0.0.1,10.0.0.3,TCP,44850,5201,96
2026-06-07T08:59:12.396778+00:00,jellyfish,widest_path,switch_down,run_scenario_jellyfish_widest_path_switch_down_20260607_084642,h0,jellyfish/widest_path/switch_down/run_scenario_jellyfish_widest_path_switch_down_20260607_084642/h0.pcap,00:00:00:00:02:01,00:00:00:00:00:01,10.0.0.3,10.0.0.1,TCP,5201,44850,66
2026-06-07T08:59:12.402110+00:00,jellyfish,widest_path,switch_down,run_scenario_jellyfish_widest_path_switch_down_20260607_084642,h0,jellyfish/widest_path/switch_down/run_scenario_jellyfish_widest_path_switch_down_20260607_084642/h0.pcap,00:00:00:00:00:01,00:00:00:00:02:01,10.0.0.1,10.0.0.3,TCP,44850,5201,96
2026-06-07T08:59:12.402204+00:00,jellyfish,widest_path,switch_down,run_scenario_jellyfish_widest_path_switch_down_20260607_084642,h0,jellyfish/widest_path/switch_down/run_scenario_jellyfish_widest_path_switch_down_20260607_084642/h0.pcap,00:00:00:00:02:01,00:00:00:00:00:01,10.0.0.3,10.0.0.1,TCP,5201,44850,66
2026-06-07T08:59:12.407564+00:00,jellyfish,widest_path,switch_down,run_scenario_jellyfish_widest_path_switch_down_20260607_084642,h0,jellyfish/widest_path/switch_down/run_scenario_jellyfish_widest_path_switch_down_20260607_084642/h0.pcap,00:00:00:00:00:01,00:00:00:00:02:01,10.0.0.1,10.0.0.3,TCP,44850,5201,96
2026-06-07T08:59:12.407675+00:00,jellyfish,widest_path,switch_down,run_scenario_jellyfish_widest_path_switch_down_20260607_084642,h0,jellyfish/widest_path/switch_down/run_scenario_jellyfish_widest_path_switch_down_20260607_084642/h0.pcap,00:00:00:00:02:01,00:00:00:00:00:01,10.0.0.3,10.0.0.1,TCP,5201,44850,66
2026-06-07T08:59:12.413036+00:00,jellyfish,widest_path,switch_down,run_scenario_jellyfish_widest_path_switch_down_20260607_084642,h0,jellyfish/widest_path/switch_down/run_scenario_jellyfish_widest_path_switch_down_20260607_084642/h0.pcap,00:00:00:00:00:01,00:00:00:00:02:01,10.0.0.1,10.0.0.3,TCP,44850,5201,96
2026-06-07T08:59:12.413141+00:00,jellyfish,widest_path,switch_down,run_scenario_jellyfish_widest_path_switch_down_20260607_084642,h0,jellyfish/widest_path/switch_down/run_scenario_jellyfish_widest_path_switch_down_20260607_084642/h0.pcap,00:00:00:00:02:01,00:00:00:00:00:01,10.0.0.3,10.0.0.1,TCP,5201,44850,66
2026-06-07T08:59:12.418492+00:00,jellyfish,widest_path,switch_down,run_scenario_jellyfish_widest_path_switch_down_20260607_084642,h0,jellyfish/widest_path/switch_down/run_scenario_jellyfish_widest_path_switch_down_20260607_084642/h0.pcap,00:00:00:00:00:01,00:00:00:00:02:01,10.0.0.1,10.0.0.3,TCP,44850,5201,96
2026-06-07T08:59:12.418610+00:00,jellyfish,widest_path,switch_down,run_scenario_jellyfish_widest_path_switch_down_20260607_084642,h0,jellyfish/widest_path/switch_down/run_scenario_jellyfish_widest_path_switch_down_20260607_084642/h0.pcap,00:00:00:00:02:01,00:00:00:00:00:01,10.0.0.3,10.0.0.1,TCP,5201,44850,66
2026-06-07T08:59:12.423927+00:00,jellyfish,widest_path,switch_down,run_scenario_jellyfish_widest_path_switch_down_20260607_084642,h0,jellyfish/widest_path/switch_down/run_scenario_jellyfish_widest_path_switch_down_20260607_084642/h0.pcap,00:00:00:00:00:01,00:00:00:00:02:01,10.0.0.1,10.0.0.3,TCP,44850,5201,96
2026-06-07T08:59:12.424045+00:00,jellyfish,widest_path,switch_down,run_scenario_jellyfish_widest_path_switch_down_20260607_084642,h0,jellyfish/widest_path/switch_down/run_scenario_jellyfish_widest_path_switch_down_20260607_084642/h0.pcap,00:00:00:00:02:01,00:00:00:00:00:01,10.0.0.3,10.0.0.1,TCP,5201,44850,66
2026-06-07T08:59:12.429384+00:00,jellyfish,widest_path,switch_down,run_scenario_jellyfish_widest_path_switch_down_20260607_084642,h0,jellyfish/widest_path/switch_down/run_scenario_jellyfish_widest_path_switch_down_20260607_084642/h0.pcap,00:00:00:00:00:01,00:00:00:00:02:01,10.0.0.1,10.0.0.3,TCP,44850,5201,96
2026-06-07T08:59:12.429494+00:00,jellyfish,widest_path,switch_down,run_scenario_jellyfish_widest_path_switch_down_20260607_084642,h0,jellyfish/widest_path/switch_down/run_scenario_jellyfish_widest_path_switch_down_20260607_084642/h0.pcap,00:00:00:00:02:01,00:00:00:00:00:01,10.0.0.3,10.0.0.1,TCP,5201,44850,66
2026-06-07T08:59:12.434818+00:00,jellyfish,widest_path,switch_down,run_scenario_jellyfish_widest_path_switch_down_20260607_084642,h0,jellyfish/widest_path/switch_down/run_scenario_jellyfish_widest_path_switch_down_20260607_084642/h0.pcap,00:00:00:00:00:01,00:00:00:00:02:01,10.0.0.1,10.0.0.3,TCP,44850,5201,96
2026-06-07T08:59:12.434931+00:00,jellyfish,widest_path,switch_down,run_scenario_jellyfish_widest_path_switch_down_20260607_084642,h0,jellyfish/widest_path/switch_down/run_scenario_jellyfish_widest_path_switch_down_20260607_084642/h0.pcap,00:00:00:00:02:01,00:00:00:00:00:01,10.0.0.3,10.0.0.1,TCP,5201,44850,66
2026-06-07T08:59:12.440278+00:00,jellyfish,widest_path,switch_down,run_scenario_jellyfish_widest_path_switch_down_20260607_084642,h0,jellyfish/widest_path/switch_down/run_scenario_jellyfish_widest_path_switch_down_20260607_084642/h0.pcap,00:00:00:00:00:01,00:00:00:00:02:01,10.0.0.1,10.0.0.3,TCP,44850,5201,96
2026-06-07T08:59:12.440406+00:00,jellyfish,widest_path,switch_down,run_scenario_jellyfish_widest_path_switch_down_20260607_084642,h0,jellyfish/widest_path/switch_down/run_scenario_jellyfish_widest_path_switch_down_20260607_084642/h0.pcap,00:00:00:00:02:01,00:00:00:00:00:01,10.0.0.3,10.0.0.1,TCP,5201,44850,66
2026-06-07T08:59:12.445777+00:00,jellyfish,widest_path,switch_down,run_scenario_jellyfish_widest_path_switch_down_20260607_084642,h0,jellyfish/widest_path/switch_down/run_scenario_jellyfish_widest_path_switch_down_20260607_084642/h0.pcap,00:00:00:00:00:01,00:00:00:00:02:01,10.0.0.1,10.0.0.3,TCP,44850,5201,96
2026-06-07T08:59:12.445921+00:00,jellyfish,widest_path,switch_down,run_scenario_jellyfish_widest_path_switch_down_20260607_084642,h0,jellyfish/widest_path/switch_down/run_scenario_jellyfish_widest_path_switch_down_20260607_084642/h0.pcap,00:00:00:00:02:01,00:00:00:00:00:01,10.0.0.3,10.0.0.1,TCP,5201,44850,66
2026-06-07T08:59:12.451170+00:00,jellyfish,widest_path,switch_down,run_scenario_jellyfish_widest_path_switch_down_20260607_084642,h0,jellyfish/widest_path/switch_down/run_scenario_jellyfish_widest_path_switch_down_20260607_084642/h0.pcap,00:00:00:00:00:01,00:00:00:00:02:01,10.0.0.1,10.0.0.3,TCP,44850,5201,96
2026-06-07T08:59:12.451289+00:00,jellyfish,widest_path,switch_down,run_scenario_jellyfish_widest_path_switch_down_20260607_084642,h0,jellyfish/widest_path/switch_down/run_scenario_jellyfish_widest_path_switch_down_20260607_084642/h0.pcap,00:00:00:00:02:01,00:00:00:00:00:01,10.0.0.3,10.0.0.1,TCP,5201,44850,66
2026-06-07T08:59:12.456636+00:00,jellyfish,widest_path,switch_down,run_scenario_jellyfish_widest_path_switch_down_20260607_084642,h0,jellyfish/widest_path/switch_down/run_scenario_jellyfish_widest_path_switch_down_20260607_084642/h0.pcap,00:00:00:00:00:01,00:00:00:00:02:01,10.0.0.1,10.0.0.3,TCP,44850,5201,96
2026-06-07T08:59:12.456757+00:00,jellyfish,widest_path,switch_down,run_scenario_jellyfish_widest_path_switch_down_20260607_084642,h0,jellyfish/widest_path/switch_down/run_scenario_jellyfish_widest_path_switch_down_20260607_084642/h0.pcap,00:00:00:00:02:01,00:00:00:00:00:01,10.0.0.3,10.0.0.1,TCP,5201,44850,66
2026-06-07T08:59:12.462075+00:00,jellyfish,widest_path,switch_down,run_scenario_jellyfish_widest_path_switch_down_20260607_084642,h0,jellyfish/widest_path/switch_down/run_scenario_jellyfish_widest_path_switch_down_20260607_084642/h0.pcap,00:00:00:00:00:01,00:00:00:00:02:01,10.0.0.1,10.0.0.3,TCP,44850,5201,96
2026-06-07T08:59:12.462191+00:00,jellyfish,widest_path,switch_down,run_scenario_jellyfish_widest_path_switch_down_20260607_084642,h0,jellyfish/widest_path/switch_down/run_scenario_jellyfish_widest_path_switch_down_20260607_084642/h0.pcap,00:00:00:00:02:01,00:00:00:00:00:01,10.0.0.3,10.0.0.1,TCP,5201,44850,66
2026-06-07T08:59:12.467522+00:00,jellyfish,widest_path,switch_down,run_scenario_jellyfish_widest_path_switch_down_20260607_084642,h0,jellyfish/widest_path/switch_down/run_scenario_jellyfish_widest_path_switch_down_20260607_084642/h0.pcap,00:00:00:00:00:01,00:00:00:00:02:01,10.0.0.1,10.0.0.3,TCP,44850,5201,96
2026-06-07T08:59:12.467636+00:00,jellyfish,widest_path,switch_down,run_scenario_jellyfish_widest_path_switch_down_20260607_084642,h0,jellyfish/widest_path/switch_down/run_scenario_jellyfish_widest_path_switch_down_20260607_084642/h0.pcap,00:00:00:00:02:01,00:00:00:00:00:01,10.0.0.3,10.0.0.1,TCP,5201,44850,66
2026-06-07T08:59:12.473007+00:00,jellyfish,widest_path,switch_down,run_scenario_jellyfish_widest_path_switch_down_20260607_084642,h0,jellyfish/widest_path/switch_down/run_scenario_jellyfish_widest_path_switch_down_20260607_084642/h0.pcap,00:00:00:00:00:01,00:00:00:00:02:01,10.0.0.1,10.0.0.3,TCP,44850,5201,96
2026-06-07T08:59:12.473111+00:00,jellyfish,widest_path,switch_down,run_scenario_jellyfish_widest_path_switch_down_20260607_084642,h0,jellyfish/widest_path/switch_down/run_scenario_jellyfish_widest_path_switch_down_20260607_084642/h0.pcap,00:00:00:00:02:01,00:00:00:00:00:01,10.0.0.3,10.0.0.1,TCP,5201,44850,66
2026-06-07T08:59:12.478425+00:00,jellyfish,widest_path,switch_down,run_scenario_jellyfish_widest_path_switch_down_20260607_084642,h0,jellyfish/widest_path/switch_down/run_scenario_jellyfish_widest_path_switch_down_20260607_084642/h0.pcap,00:00:00:00:00:01,00:00:00:00:02:01,10.0.0.1,10.0.0.3,TCP,44850,5201,96
2026-06-07T08:59:12.478530+00:00,jellyfish,widest_path,switch_down,run_scenario_jellyfish_widest_path_switch_down_20260607_084642,h0,jellyfish/widest_path/switch_down/run_scenario_jellyfish_widest_path_switch_down_20260607_084642/h0.pcap,00:00:00:00:02:01,00:00:00:00:00:01,10.0.0.3,10.0.0.1,TCP,5201,44850,66
2026-06-07T08:59:12.483869+00:00,jellyfish,widest_path,switch_down,run_scenario_jellyfish_widest_path_switch_down_20260607_084642,h0,jellyfish/widest_path/switch_down/run_scenario_jellyfish_widest_path_switch_down_20260607_084642/h0.pcap,00:00:00:00:00:01,00:00:00:00:02:01,10.0.0.1,10.0.0.3,TCP,44850,5201,96
2026-06-07T08:59:12.483992+00:00,jellyfish,widest_path,switch_down,run_scenario_jellyfish_widest_path_switch_down_20260607_084642,h0,jellyfish/widest_path/switch_down/run_scenario_jellyfish_widest_path_switch_down_20260607_084642/h0.pcap,00:00:00:00:02:01,00:00:00:00:00:01,10.0.0.3,10.0.0.1,TCP,5201,44850,66
2026-06-07T08:59:12.489315+00:00,jellyfish,widest_path,switch_down,run_scenario_jellyfish_widest_path_switch_down_20260607_084642,h0,jellyfish/widest_path/switch_down/run_scenario_jellyfish_widest_path_switch_down_20260607_084642/h0.pcap,00:00:00:00:00:01,00:00:00:00:02:01,10.0.0.1,10.0.0.3,TCP,44850,5201,96
2026-06-07T08:59:12.489438+00:00,jellyfish,widest_path,switch_down,run_scenario_jellyfish_widest_path_switch_down_20260607_084642,h0,jellyfish/widest_path/switch_down/run_scenario_jellyfish_widest_path_switch_down_20260607_084642/h0.pcap,00:00:00:00:02:01,00:00:00:00:00:01,10.0.0.3,10.0.0.1,TCP,5201,44850,66
2026-06-07T08:59:12.494790+00:00,jellyfish,widest_path,switch_down,run_scenario_jellyfish_widest_path_switch_down_20260607_084642,h0,jellyfish/widest_path/switch_down/run_scenario_jellyfish_widest_path_switch_down_20260607_084642/h0.pcap,00:00:00:00:00:01,00:00:00:00:02:01,10.0.0.1,10.0.0.3,TCP,44850,5201,96
2026-06-07T08:59:12.494986+00:00,jellyfish,widest_path,switch_down,run_scenario_jellyfish_widest_path_switch_down_20260607_084642,h0,jellyfish/widest_path/switch_down/run_scenario_jellyfish_widest_path_switch_down_20260607_084642/h0.pcap,00:00:00:00:02:01,00:00:00:00:00:01,10.0.0.3,10.0.0.1,TCP,5201,44850,66
2026-06-07T08:59:12.500221+00:00,jellyfish,widest_path,switch_down,run_scenario_jellyfish_widest_path_switch_down_20260607_084642,h0,jellyfish/widest_path/switch_down/run_scenario_jellyfish_widest_path_switch_down_20260607_084642/h0.pcap,00:00:00:00:00:01,00:00:00:00:02:01,10.0.0.1,10.0.0.3,TCP,44850,5201,96
2026-06-07T08:59:12.500329+00:00,jellyfish,widest_path,switch_down,run_scenario_jellyfish_widest_path_switch_down_20260607_084642,h0,jellyfish/widest_path/switch_down/run_scenario_jellyfish_widest_path_switch_down_20260607_084642/h0.pcap,00:00:00:00:02:01,00:00:00:00:00:01,10.0.0.3,10.0.0.1,TCP,5201,44850,66
2026-06-07T08:59:12.505682+00:00,jellyfish,widest_path,switch_down,run_scenario_jellyfish_widest_path_switch_down_20260607_084642,h0,jellyfish/widest_path/switch_down/run_scenario_jellyfish_widest_path_switch_down_20260607_084642/h0.pcap,00:00:00:00:00:01,00:00:00:00:02:01,10.0.0.1,10.0.0.3,TCP,44850,5201,96
2026-06-07T08:59:12.505784+00:00,jellyfish,widest_path,switch_down,run_scenario_jellyfish_widest_path_switch_down_20260607_084642,h0,jellyfish/widest_path/switch_down/run_scenario_jellyfish_widest_path_switch_down_20260607_084642/h0.pcap,00:00:00:00:02:01,00:00:00:00:00:01,10.0.0.3,10.0.0.1,TCP,5201,44850,66
2026-06-07T08:59:12.511245+00:00,jellyfish,widest_path,switch_down,run_scenario_jellyfish_widest_path_switch_down_20260607_084642,h0,jellyfish/widest_path/switch_down/run_scenario_jellyfish_widest_path_switch_down_20260607_084642/h0.pcap,00:00:00:00:00:01,00:00:00:00:02:01,10.0.0.1,10.0.0.3,TCP,44850,5201,96
2026-06-07T08:59:12.511433+00:00,jellyfish,widest_path,switch_down,run_scenario_jellyfish_widest_path_switch_down_20260607_084642,h0,jellyfish/widest_path/switch_down/run_scenario_jellyfish_widest_path_switch_down_20260607_084642/h0.pcap,00:00:00:00:02:01,00:00:00:00:00:01,10.0.0.3,10.0.0.1,TCP,5201,44850,66
2026-06-07T08:59:12.516611+00:00,jellyfish,widest_path,switch_down,run_scenario_jellyfish_widest_path_switch_down_20260607_084642,h0,jellyfish/widest_path/switch_down/run_scenario_jellyfish_widest_path_switch_down_20260607_084642/h0.pcap,00:00:00:00:00:01,00:00:00:00:02:01,10.0.0.1,10.0.0.3,TCP,44850,5201,96
2026-06-07T08:59:12.516706+00:00,jellyfish,widest_path,switch_down,run_scenario_jellyfish_widest_path_switch_down_20260607_084642,h0,jellyfish/widest_path/switch_down/run_scenario_jellyfish_widest_path_switch_down_20260607_084642/h0.pcap,00:00:00:00:02:01,00:00:00:00:00:01,10.0.0.3,10.0.0.1,TCP,5201,44850,66
2026-06-07T08:59:12.522056+00:00,jellyfish,widest_path,switch_down,run_scenario_jellyfish_widest_path_switch_down_20260607_084642,h0,jellyfish/widest_path/switch_down/run_scenario_jellyfish_widest_path_switch_down_20260607_084642/h0.pcap,00:00:00:00:00:01,00:00:00:00:02:01,10.0.0.1,10.0.0.3,TCP,44850,5201,96
2026-06-07T08:59:12.522168+00:00,jellyfish,widest_path,switch_down,run_scenario_jellyfish_widest_path_switch_down_20260607_084642,h0,jellyfish/widest_path/switch_down/run_scenario_jellyfish_widest_path_switch_down_20260607_084642/h0.pcap,00:00:00:00:02:01,00:00:00:00:00:01,10.0.0.3,10.0.0.1,TCP,5201,44850,66
2026-06-07T08:59:12.527475+00:00,jellyfish,widest_path,switch_down,run_scenario_jellyfish_widest_path_switch_down_20260607_084642,h0,jellyfish/widest_path/switch_down/run_scenario_jellyfish_widest_path_switch_down_20260607_084642/h0.pcap,00:00:00:00:00:01,00:00:00:00:02:01,10.0.0.1,10.0.0.3,TCP,44850,5201,96
2026-06-07T08:59:12.527595+00:00,jellyfish,widest_path,switch_down,run_scenario_jellyfish_widest_path_switch_down_20260607_084642,h0,jellyfish/widest_path/switch_down/run_scenario_jellyfish_widest_path_switch_down_20260607_084642/h0.pcap,00:00:00:00:02:01,00:00:00:00:00:01,10.0.0.3,10.0.0.1,TCP,5201,44850,66
2026-06-07T08:59:12.532935+00:00,jellyfish,widest_path,switch_down,run_scenario_jellyfish_widest_path_switch_down_20260607_084642,h0,jellyfish/widest_path/switch_down/run_scenario_jellyfish_widest_path_switch_down_20260607_084642/h0.pcap,00:00:00:00:00:01,00:00:00:00:02:01,10.0.0.1,10.0.0.3,TCP,44850,5201,96
2026-06-07T08:59:12.533044+00:00,jellyfish,widest_path,switch_down,run_scenario_jellyfish_widest_path_switch_down_20260607_084642,h0,jellyfish/widest_path/switch_down/run_scenario_jellyfish_widest_path_switch_down_20260607_084642/h0.pcap,00:00:00:00:02:01,00:00:00:00:00:01,10.0.0.3,10.0.0.1,TCP,5201,44850,66
2026-06-07T08:59:12.538408+00:00,jellyfish,widest_path,switch_down,run_scenario_jellyfish_widest_path_switch_down_20260607_084642,h0,jellyfish/widest_path/switch_down/run_scenario_jellyfish_widest_path_switch_down_20260607_084642/h0.pcap,00:00:00:00:00:01,00:00:00:00:02:01,10.0.0.1,10.0.0.3,TCP,44850,5201,96
2026-06-07T08:59:12.538514+00:00,jellyfish,widest_path,switch_down,run_scenario_jellyfish_widest_path_switch_down_20260607_084642,h0,jellyfish/widest_path/switch_down/run_scenario_jellyfish_widest_path_switch_down_20260607_084642/h0.pcap,00:00:00:00:02:01,00:00:00:00:00:01,10.0.0.3,10.0.0.1,TCP,5201,44850,66
2026-06-07T08:59:12.543845+00:00,jellyfish,widest_path,switch_down,run_scenario_jellyfish_widest_path_switch_down_20260607_084642,h0,jellyfish/widest_path/switch_down/run_scenario_jellyfish_widest_path_switch_down_20260607_084642/h0.pcap,00:00:00:00:00:01,00:00:00:00:02:01,10.0.0.1,10.0.0.3,TCP,44850,5201,96
2026-06-07T08:59:12.543986+00:00,jellyfish,widest_path,switch_down,run_scenario_jellyfish_widest_path_switch_down_20260607_084642,h0,jellyfish/widest_path/switch_down/run_scenario_jellyfish_widest_path_switch_down_20260607_084642/h0.pcap,00:00:00:00:02:01,00:00:00:00:00:01,10.0.0.3,10.0.0.1,TCP,5201,44850,66
2026-06-07T08:59:12.549284+00:00,jellyfish,widest_path,switch_down,run_scenario_jellyfish_widest_path_switch_down_20260607_084642,h0,jellyfish/widest_path/switch_down/run_scenario_jellyfish_widest_path_switch_down_20260607_084642/h0.pcap,00:00:00:00:00:01,00:00:00:00:02:01,10.0.0.1,10.0.0.3,TCP,44850,5201,96
2026-06-07T08:59:12.549383+00:00,jellyfish,widest_path,switch_down,run_scenario_jellyfish_widest_path_switch_down_20260607_084642,h0,jellyfish/widest_path/switch_down/run_scenario_jellyfish_widest_path_switch_down_20260607_084642/h0.pcap,00:00:00:00:02:01,00:00:00:00:00:01,10.0.0.3,10.0.0.1,TCP,5201,44850,66
2026-06-07T08:59:12.554733+00:00,jellyfish,widest_path,switch_down,run_scenario_jellyfish_widest_path_switch_down_20260607_084642,h0,jellyfish/widest_path/switch_down/run_scenario_jellyfish_widest_path_switch_down_20260607_084642/h0.pcap,00:00:00:00:00:01,00:00:00:00:02:01,10.0.0.1,10.0.0.3,TCP,44850,5201,96
2026-06-07T08:59:12.554833+00:00,jellyfish,widest_path,switch_down,run_scenario_jellyfish_widest_path_switch_down_20260607_084642,h0,jellyfish/widest_path/switch_down/run_scenario_jellyfish_widest_path_switch_down_20260607_084642/h0.pcap,00:00:00:00:02:01,00:00:00:00:00:01,10.0.0.3,10.0.0.1,TCP,5201,44850,66
2026-06-07T08:59:12.560182+00:00,jellyfish,widest_path,switch_down,run_scenario_jellyfish_widest_path_switch_down_20260607_084642,h0,jellyfish/widest_path/switch_down/run_scenario_jellyfish_widest_path_switch_down_20260607_084642/h0.pcap,00:00:00:00:00:01,00:00:00:00:02:01,10.0.0.1,10.0.0.3,TCP,44850,5201,96
2026-06-07T08:59:12.560303+00:00,jellyfish,widest_path,switch_down,run_scenario_jellyfish_widest_path_switch_down_20260607_084642,h0,jellyfish/widest_path/switch_down/run_scenario_jellyfish_widest_path_switch_down_20260607_084642/h0.pcap,00:00:00:00:02:01,00:00:00:00:00:01,10.0.0.3,10.0.0.1,TCP,5201,44850,66
2026-06-07T08:59:12.565644+00:00,jellyfish,widest_path,switch_down,run_scenario_jellyfish_widest_path_switch_down_20260607_084642,h0,jellyfish/widest_path/switch_down/run_scenario_jellyfish_widest_path_switch_down_20260607_084642/h0.pcap,00:00:00:00:00:01,00:00:00:00:02:01,10.0.0.1,10.0.0.3,TCP,44850,5201,96
2026-06-07T08:59:12.565747+00:00,jellyfish,widest_path,switch_down,run_scenario_jellyfish_widest_path_switch_down_20260607_084642,h0,jellyfish/widest_path/switch_down/run_scenario_jellyfish_widest_path_switch_down_20260607_084642/h0.pcap,00:00:00:00:02:01,00:00:00:00:00:01,10.0.0.3,10.0.0.1,TCP,5201,44850,66
2026-06-07T08:59:12.571084+00:00,jellyfish,widest_path,switch_down,run_scenario_jellyfish_widest_path_switch_down_20260607_084642,h0,jellyfish/widest_path/switch_down/run_scenario_jellyfish_widest_path_switch_down_20260607_084642/h0.pcap,00:00:00:00:00:01,00:00:00:00:02:01,10.0.0.1,10.0.0.3,TCP,44850,5201,96
2026-06-07T08:59:12.571214+00:00,jellyfish,widest_path,switch_down,run_scenario_jellyfish_widest_path_switch_down_20260607_084642,h0,jellyfish/widest_path/switch_down/run_scenario_jellyfish_widest_path_switch_down_20260607_084642/h0.pcap,00:00:00:00:02:01,00:00:00:00:00:01,10.0.0.3,10.0.0.1,TCP,5201,44850,66
2026-06-07T08:59:12.576579+00:00,jellyfish,widest_path,switch_down,run_scenario_jellyfish_widest_path_switch_down_20260607_084642,h0,jellyfish/widest_path/switch_down/run_scenario_jellyfish_widest_path_switch_down_20260607_084642/h0.pcap,00:00:00:00:00:01,00:00:00:00:02:01,10.0.0.1,10.0.0.3,TCP,44850,5201,96
2026-06-07T08:59:12.576744+00:00,jellyfish,widest_path,switch_down,run_scenario_jellyfish_widest_path_switch_down_20260607_084642,h0,jellyfish/widest_path/switch_down/run_scenario_jellyfish_widest_path_switch_down_20260607_084642/h0.pcap,00:00:00:00:02:01,00:00:00:00:00:01,10.0.0.3,10.0.0.1,TCP,5201,44850,66
2026-06-07T08:59:12.581974+00:00,jellyfish,widest_path,switch_down,run_scenario_jellyfish_widest_path_switch_down_20260607_084642,h0,jellyfish/widest_path/switch_down/run_scenario_jellyfish_widest_path_switch_down_20260607_084642/h0.pcap,00:00:00:00:00:01,00:00:00:00:02:01,10.0.0.1,10.0.0.3,TCP,44850,5201,96
2026-06-07T08:59:12.582089+00:00,jellyfish,widest_path,switch_down,run_scenario_jellyfish_widest_path_switch_down_20260607_084642,h0,jellyfish/widest_path/switch_down/run_scenario_jellyfish_widest_path_switch_down_20260607_084642/h0.pcap,00:00:00:00:02:01,00:00:00:00:00:01,10.0.0.3,10.0.0.1,TCP,5201,44850,66
2026-06-07T08:59:12.587450+00:00,jellyfish,widest_path,switch_down,run_scenario_jellyfish_widest_path_switch_down_20260607_084642,h0,jellyfish/widest_path/switch_down/run_scenario_jellyfish_widest_path_switch_down_20260607_084642/h0.pcap,00:00:00:00:00:01,00:00:00:00:02:01,10.0.0.1,10.0.0.3,TCP,44850,5201,96
2026-06-07T08:59:12.587597+00:00,jellyfish,widest_path,switch_down,run_scenario_jellyfish_widest_path_switch_down_20260607_084642,h0,jellyfish/widest_path/switch_down/run_scenario_jellyfish_widest_path_switch_down_20260607_084642/h0.pcap,00:00:00:00:02:01,00:00:00:00:00:01,10.0.0.3,10.0.0.1,TCP,5201,44850,66
2026-06-07T08:59:12.592872+00:00,jellyfish,widest_path,switch_down,run_scenario_jellyfish_widest_path_switch_down_20260607_084642,h0,jellyfish/widest_path/switch_down/run_scenario_jellyfish_widest_path_switch_down_20260607_084642/h0.pcap,00:00:00:00:00:01,00:00:00:00:02:01,10.0.0.1,10.0.0.3,TCP,44850,5201,96
2026-06-07T08:59:12.593026+00:00,jellyfish,widest_path,switch_down,run_scenario_jellyfish_widest_path_switch_down_20260607_084642,h0,jellyfish/widest_path/switch_down/run_scenario_jellyfish_widest_path_switch_down_20260607_084642/h0.pcap,00:00:00:00:02:01,00:00:00:00:00:01,10.0.0.3,10.0.0.1,TCP,5201,44850,66
2026-06-07T08:59:12.598354+00:00,jellyfish,widest_path,switch_down,run_scenario_jellyfish_widest_path_switch_down_20260607_084642,h0,jellyfish/widest_path/switch_down/run_scenario_jellyfish_widest_path_switch_down_20260607_084642/h0.pcap,00:00:00:00:00:01,00:00:00:00:02:01,10.0.0.1,10.0.0.3,TCP,44850,5201,96
2026-06-07T08:59:12.598491+00:00,jellyfish,widest_path,switch_down,run_scenario_jellyfish_widest_path_switch_down_20260607_084642,h0,jellyfish/widest_path/switch_down/run_scenario_jellyfish_widest_path_switch_down_20260607_084642/h0.pcap,00:00:00:00:02:01,00:00:00:00:00:01,10.0.0.3,10.0.0.1,TCP,5201,44850,66
2026-06-07T08:59:12.603802+00:00,jellyfish,widest_path,switch_down,run_scenario_jellyfish_widest_path_switch_down_20260607_084642,h0,jellyfish/widest_path/switch_down/run_scenario_jellyfish_widest_path_switch_down_20260607_084642/h0.pcap,00:00:00:00:00:01,00:00:00:00:02:01,10.0.0.1,10.0.0.3,TCP,44850,5201,96
2026-06-07T08:59:12.603973+00:00,jellyfish,widest_path,switch_down,run_scenario_jellyfish_widest_path_switch_down_20260607_084642,h0,jellyfish/widest_path/switch_down/run_scenario_jellyfish_widest_path_switch_down_20260607_084642/h0.pcap,00:00:00:00:02:01,00:00:00:00:00:01,10.0.0.3,10.0.0.1,TCP,5201,44850,66
2026-06-07T08:59:12.609237+00:00,jellyfish,widest_path,switch_down,run_scenario_jellyfish_widest_path_switch_down_20260607_084642,h0,jellyfish/widest_path/switch_down/run_scenario_jellyfish_widest_path_switch_down_20260607_084642/h0.pcap,00:00:00:00:00:01,00:00:00:00:02:01,10.0.0.1,10.0.0.3,TCP,44850,5201,96
2026-06-07T08:59:12.609368+00:00,jellyfish,widest_path,switch_down,run_scenario_jellyfish_widest_path_switch_down_20260607_084642,h0,jellyfish/widest_path/switch_down/run_scenario_jellyfish_widest_path_switch_down_20260607_084642/h0.pcap,00:00:00:00:02:01,00:00:00:00:00:01,10.0.0.3,10.0.0.1,TCP,5201,44850,66
2026-06-07T08:59:12.614676+00:00,jellyfish,widest_path,switch_down,run_scenario_jellyfish_widest_path_switch_down_20260607_084642,h0,jellyfish/widest_path/switch_down/run_scenario_jellyfish_widest_path_switch_down_20260607_084642/h0.pcap,00:00:00:00:00:01,00:00:00:00:02:01,10.0.0.1,10.0.0.3,TCP,44850,5201,96
2026-06-07T08:59:12.614805+00:00,jellyfish,widest_path,switch_down,run_scenario_jellyfish_widest_path_switch_down_20260607_084642,h0,jellyfish/widest_path/switch_down/run_scenario_jellyfish_widest_path_switch_down_20260607_084642/h0.pcap,00:00:00:00:02:01,00:00:00:00:00:01,10.0.0.3,10.0.0.1,TCP,5201,44850,66
2026-06-07T08:59:12.620148+00:00,jellyfish,widest_path,switch_down,run_scenario_jellyfish_widest_path_switch_down_20260607_084642,h0,jellyfish/widest_path/switch_down/run_scenario_jellyfish_widest_path_switch_down_20260607_084642/h0.pcap,00:00:00:00:00:01,00:00:00:00:02:01,10.0.0.1,10.0.0.3,TCP,44850,5201,96
2026-06-07T08:59:12.620286+00:00,jellyfish,widest_path,switch_down,run_scenario_jellyfish_widest_path_switch_down_20260607_084642,h0,jellyfish/widest_path/switch_down/run_scenario_jellyfish_widest_path_switch_down_20260607_084642/h0.pcap,00:00:00:00:02:01,00:00:00:00:00:01,10.0.0.3,10.0.0.1,TCP,5201,44850,66
2026-06-07T08:59:12.625587+00:00,jellyfish,widest_path,switch_down,run_scenario_jellyfish_widest_path_switch_down_20260607_084642,h0,jellyfish/widest_path/switch_down/run_scenario_jellyfish_widest_path_switch_down_20260607_084642/h0.pcap,00:00:00:00:00:01,00:00:00:00:02:01,10.0.0.1,10.0.0.3,TCP,44850,5201,96
2026-06-07T08:59:12.625686+00:00,jellyfish,widest_path,switch_down,run_scenario_jellyfish_widest_path_switch_down_20260607_084642,h0,jellyfish/widest_path/switch_down/run_scenario_jellyfish_widest_path_switch_down_20260607_084642/h0.pcap,00:00:00:00:02:01,00:00:00:00:00:01,10.0.0.3,10.0.0.1,TCP,5201,44850,66
2026-06-07T08:59:12.631056+00:00,jellyfish,widest_path,switch_down,run_scenario_jellyfish_widest_path_switch_down_20260607_084642,h0,jellyfish/widest_path/switch_down/run_scenario_jellyfish_widest_path_switch_down_20260607_084642/h0.pcap,00:00:00:00:00:01,00:00:00:00:02:01,10.0.0.1,10.0.0.3,TCP,44850,5201,96
2026-06-07T08:59:12.631161+00:00,jellyfish,widest_path,switch_down,run_scenario_jellyfish_widest_path_switch_down_20260607_084642,h0,jellyfish/widest_path/switch_down/run_scenario_jellyfish_widest_path_switch_down_20260607_084642/h0.pcap,00:00:00:00:02:01,00:00:00:00:00:01,10.0.0.3,10.0.0.1,TCP,5201,44850,66
2026-06-07T08:59:12.636538+00:00,jellyfish,widest_path,switch_down,run_scenario_jellyfish_widest_path_switch_down_20260607_084642,h0,jellyfish/widest_path/switch_down/run_scenario_jellyfish_widest_path_switch_down_20260607_084642/h0.pcap,00:00:00:00:00:01,00:00:00:00:02:01,10.0.0.1,10.0.0.3,TCP,44850,5201,96
2026-06-07T08:59:12.636685+00:00,jellyfish,widest_path,switch_down,run_scenario_jellyfish_widest_path_switch_down_20260607_084642,h0,jellyfish/widest_path/switch_down/run_scenario_jellyfish_widest_path_switch_down_20260607_084642/h0.pcap,00:00:00:00:02:01,00:00:00:00:00:01,10.0.0.3,10.0.0.1,TCP,5201,44850,66
2026-06-07T08:59:12.641949+00:00,jellyfish,widest_path,switch_down,run_scenario_jellyfish_widest_path_switch_down_20260607_084642,h0,jellyfish/widest_path/switch_down/run_scenario_jellyfish_widest_path_switch_down_20260607_084642/h0.pcap,00:00:00:00:00:01,00:00:00:00:02:01,10.0.0.1,10.0.0.3,TCP,44850,5201,96
2026-06-07T08:59:12.642201+00:00,jellyfish,widest_path,switch_down,run_scenario_jellyfish_widest_path_switch_down_20260607_084642,h0,jellyfish/widest_path/switch_down/run_scenario_jellyfish_widest_path_switch_down_20260607_084642/h0.pcap,00:00:00:00:02:01,00:00:00:00:00:01,10.0.0.3,10.0.0.1,TCP,5201,44850,66
2026-06-07T08:59:12.647404+00:00,jellyfish,widest_path,switch_down,run_scenario_jellyfish_widest_path_switch_down_20260607_084642,h0,jellyfish/widest_path/switch_down/run_scenario_jellyfish_widest_path_switch_down_20260607_084642/h0.pcap,00:00:00:00:00:01,00:00:00:00:02:01,10.0.0.1,10.0.0.3,TCP,44850,5201,96
2026-06-07T08:59:12.647545+00:00,jellyfish,widest_path,switch_down,run_scenario_jellyfish_widest_path_switch_down_20260607_084642,h0,jellyfish/widest_path/switch_down/run_scenario_jellyfish_widest_path_switch_down_20260607_084642/h0.pcap,00:00:00:00:02:01,00:00:00:00:00:01,10.0.0.3,10.0.0.1,TCP,5201,44850,66
2026-06-07T08:59:12.652838+00:00,jellyfish,widest_path,switch_down,run_scenario_jellyfish_widest_path_switch_down_20260607_084642,h0,jellyfish/widest_path/switch_down/run_scenario_jellyfish_widest_path_switch_down_20260607_084642/h0.pcap,00:00:00:00:00:01,00:00:00:00:02:01,10.0.0.1,10.0.0.3,TCP,44850,5201,96
2026-06-07T08:59:12.652950+00:00,jellyfish,widest_path,switch_down,run_scenario_jellyfish_widest_path_switch_down_20260607_084642,h0,jellyfish/widest_path/switch_down/run_scenario_jellyfish_widest_path_switch_down_20260607_084642/h0.pcap,00:00:00:00:02:01,00:00:00:00:00:01,10.0.0.3,10.0.0.1,TCP,5201,44850,66
2026-06-07T08:59:12.658296+00:00,jellyfish,widest_path,switch_down,run_scenario_jellyfish_widest_path_switch_down_20260607_084642,h0,jellyfish/widest_path/switch_down/run_scenario_jellyfish_widest_path_switch_down_20260607_084642/h0.pcap,00:00:00:00:00:01,00:00:00:00:02:01,10.0.0.1,10.0.0.3,TCP,44850,5201,96
2026-06-07T08:59:12.658384+00:00,jellyfish,widest_path,switch_down,run_scenario_jellyfish_widest_path_switch_down_20260607_084642,h0,jellyfish/widest_path/switch_down/run_scenario_jellyfish_widest_path_switch_down_20260607_084642/h0.pcap,00:00:00:00:02:01,00:00:00:00:00:01,10.0.0.3,10.0.0.1,TCP,5201,44850,66
2026-06-07T08:59:12.663755+00:00,jellyfish,widest_path,switch_down,run_scenario_jellyfish_widest_path_switch_down_20260607_084642,h0,jellyfish/widest_path/switch_down/run_scenario_jellyfish_widest_path_switch_down_20260607_084642/h0.pcap,00:00:00:00:00:01,00:00:00:00:02:01,10.0.0.1,10.0.0.3,TCP,44850,5201,96
2026-06-07T08:59:12.663892+00:00,jellyfish,widest_path,switch_down,run_scenario_jellyfish_widest_path_switch_down_20260607_084642,h0,jellyfish/widest_path/switch_down/run_scenario_jellyfish_widest_path_switch_down_20260607_084642/h0.pcap,00:00:00:00:02:01,00:00:00:00:00:01,10.0.0.3,10.0.0.1,TCP,5201,44850,66
2026-06-07T08:59:12.669194+00:00,jellyfish,widest_path,switch_down,run_scenario_jellyfish_widest_path_switch_down_20260607_084642,h0,jellyfish/widest_path/switch_down/run_scenario_jellyfish_widest_path_switch_down_20260607_084642/h0.pcap,00:00:00:00:00:01,00:00:00:00:02:01,10.0.0.1,10.0.0.3,TCP,44850,5201,96
2026-06-07T08:59:12.669308+00:00,jellyfish,widest_path,switch_down,run_scenario_jellyfish_widest_path_switch_down_20260607_084642,h0,jellyfish/widest_path/switch_down/run_scenario_jellyfish_widest_path_switch_down_20260607_084642/h0.pcap,00:00:00:00:02:01,00:00:00:00:00:01,10.0.0.3,10.0.0.1,TCP,5201,44850,66
2026-06-07T08:59:12.674673+00:00,jellyfish,widest_path,switch_down,run_scenario_jellyfish_widest_path_switch_down_20260607_084642,h0,jellyfish/widest_path/switch_down/run_scenario_jellyfish_widest_path_switch_down_20260607_084642/h0.pcap,00:00:00:00:00:01,00:00:00:00:02:01,10.0.0.1,10.0.0.3,TCP,44850,5201,96
2026-06-07T08:59:12.674808+00:00,jellyfish,widest_path,switch_down,run_scenario_jellyfish_widest_path_switch_down_20260607_084642,h0,jellyfish/widest_path/switch_down/run_scenario_jellyfish_widest_path_switch_down_20260607_084642/h0.pcap,00:00:00:00:02:01,00:00:00:00:00:01,10.0.0.3,10.0.0.1,TCP,5201,44850,66
2026-06-07T08:59:12.680325+00:00,jellyfish,widest_path,switch_down,run_scenario_jellyfish_widest_path_switch_down_20260607_084642,h0,jellyfish/widest_path/switch_down/run_scenario_jellyfish_widest_path_switch_down_20260607_084642/h0.pcap,00:00:00:00:00:01,00:00:00:00:02:01,10.0.0.1,10.0.0.3,TCP,44850,5201,96
2026-06-07T08:59:12.680442+00:00,jellyfish,widest_path,switch_down,run_scenario_jellyfish_widest_path_switch_down_20260607_084642,h0,jellyfish/widest_path/switch_down/run_scenario_jellyfish_widest_path_switch_down_20260607_084642/h0.pcap,00:00:00:00:02:01,00:00:00:00:00:01,10.0.0.3,10.0.0.1,TCP,5201,44850,66
2026-06-07T08:59:12.685872+00:00,jellyfish,widest_path,switch_down,run_scenario_jellyfish_widest_path_switch_down_20260607_084642,h0,jellyfish/widest_path/switch_down/run_scenario_jellyfish_widest_path_switch_down_20260607_084642/h0.pcap,00:00:00:00:00:01,00:00:00:00:02:01,10.0.0.1,10.0.0.3,TCP,44850,5201,96
2026-06-07T08:59:12.686012+00:00,jellyfish,widest_path,switch_down,run_scenario_jellyfish_widest_path_switch_down_20260607_084642,h0,jellyfish/widest_path/switch_down/run_scenario_jellyfish_widest_path_switch_down_20260607_084642/h0.pcap,00:00:00:00:02:01,00:00:00:00:00:01,10.0.0.3,10.0.0.1,TCP,5201,44850,66
2026-06-07T08:59:12.691567+00:00,jellyfish,widest_path,switch_down,run_scenario_jellyfish_widest_path_switch_down_20260607_084642,h0,jellyfish/widest_path/switch_down/run_scenario_jellyfish_widest_path_switch_down_20260607_084642/h0.pcap,00:00:00:00:00:01,00:00:00:00:02:01,10.0.0.1,10.0.0.3,TCP,44850,5201,96
2026-06-07T08:59:12.691715+00:00,jellyfish,widest_path,switch_down,run_scenario_jellyfish_widest_path_switch_down_20260607_084642,h0,jellyfish/widest_path/switch_down/run_scenario_jellyfish_widest_path_switch_down_20260607_084642/h0.pcap,00:00:00:00:02:01,00:00:00:00:00:01,10.0.0.3,10.0.0.1,TCP,5201,44850,66
2026-06-07T08:59:12.697229+00:00,jellyfish,widest_path,switch_down,run_scenario_jellyfish_widest_path_switch_down_20260607_084642,h0,jellyfish/widest_path/switch_down/run_scenario_jellyfish_widest_path_switch_down_20260607_084642/h0.pcap,00:00:00:00:00:01,00:00:00:00:02:01,10.0.0.1,10.0.0.3,TCP,44850,5201,96
2026-06-07T08:59:12.697405+00:00,jellyfish,widest_path,switch_down,run_scenario_jellyfish_widest_path_switch_down_20260607_084642,h0,jellyfish/widest_path/switch_down/run_scenario_jellyfish_widest_path_switch_down_20260607_084642/h0.pcap,00:00:00:00:02:01,00:00:00:00:00:01,10.0.0.3,10.0.0.1,TCP,5201,44850,66
2026-06-07T08:59:12.702817+00:00,jellyfish,widest_path,switch_down,run_scenario_jellyfish_widest_path_switch_down_20260607_084642,h0,jellyfish/widest_path/switch_down/run_scenario_jellyfish_widest_path_switch_down_20260607_084642/h0.pcap,00:00:00:00:00:01,00:00:00:00:02:01,10.0.0.1,10.0.0.3,TCP,44850,5201,96
2026-06-07T08:59:12.702959+00:00,jellyfish,widest_path,switch_down,run_scenario_jellyfish_widest_path_switch_down_20260607_084642,h0,jellyfish/widest_path/switch_down/run_scenario_jellyfish_widest_path_switch_down_20260607_084642/h0.pcap,00:00:00:00:02:01,00:00:00:00:00:01,10.0.0.3,10.0.0.1,TCP,5201,44850,66
2026-06-07T08:59:12.708200+00:00,jellyfish,widest_path,switch_down,run_scenario_jellyfish_widest_path_switch_down_20260607_084642,h0,jellyfish/widest_path/switch_down/run_scenario_jellyfish_widest_path_switch_down_20260607_084642/h0.pcap,00:00:00:00:00:01,00:00:00:00:02:01,10.0.0.1,10.0.0.3,TCP,44850,5201,96
2026-06-07T08:59:12.708458+00:00,jellyfish,widest_path,switch_down,run_scenario_jellyfish_widest_path_switch_down_20260607_084642,h0,jellyfish/widest_path/switch_down/run_scenario_jellyfish_widest_path_switch_down_20260607_084642/h0.pcap,00:00:00:00:02:01,00:00:00:00:00:01,10.0.0.3,10.0.0.1,TCP,5201,44850,66
2026-06-07T08:59:12.713589+00:00,jellyfish,widest_path,switch_down,run_scenario_jellyfish_widest_path_switch_down_20260607_084642,h0,jellyfish/widest_path/switch_down/run_scenario_jellyfish_widest_path_switch_down_20260607_084642/h0.pcap,00:00:00:00:00:01,00:00:00:00:02:01,10.0.0.1,10.0.0.3,TCP,44850,5201,96
2026-06-07T08:59:12.713709+00:00,jellyfish,widest_path,switch_down,run_scenario_jellyfish_widest_path_switch_down_20260607_084642,h0,jellyfish/widest_path/switch_down/run_scenario_jellyfish_widest_path_switch_down_20260607_084642/h0.pcap,00:00:00:00:02:01,00:00:00:00:00:01,10.0.0.3,10.0.0.1,TCP,5201,44850,66
2026-06-07T08:59:12.719276+00:00,jellyfish,widest_path,switch_down,run_scenario_jellyfish_widest_path_switch_down_20260607_084642,h0,jellyfish/widest_path/switch_down/run_scenario_jellyfish_widest_path_switch_down_20260607_084642/h0.pcap,00:00:00:00:00:01,00:00:00:00:02:01,10.0.0.1,10.0.0.3,TCP,44850,5201,96
2026-06-07T08:59:12.719419+00:00,jellyfish,widest_path,switch_down,run_scenario_jellyfish_widest_path_switch_down_20260607_084642,h0,jellyfish/widest_path/switch_down/run_scenario_jellyfish_widest_path_switch_down_20260607_084642/h0.pcap,00:00:00:00:02:01,00:00:00:00:00:01,10.0.0.3,10.0.0.1,TCP,5201,44850,66
2026-06-07T08:59:12.724822+00:00,jellyfish,widest_path,switch_down,run_scenario_jellyfish_widest_path_switch_down_20260607_084642,h0,jellyfish/widest_path/switch_down/run_scenario_jellyfish_widest_path_switch_down_20260607_084642/h0.pcap,00:00:00:00:00:01,00:00:00:00:02:01,10.0.0.1,10.0.0.3,TCP,44850,5201,96
2026-06-07T08:59:12.724962+00:00,jellyfish,widest_path,switch_down,run_scenario_jellyfish_widest_path_switch_down_20260607_084642,h0,jellyfish/widest_path/switch_down/run_scenario_jellyfish_widest_path_switch_down_20260607_084642/h0.pcap,00:00:00:00:02:01,00:00:00:00:00:01,10.0.0.3,10.0.0.1,TCP,5201,44850,66
2026-06-07T08:59:12.730767+00:00,jellyfish,widest_path,switch_down,run_scenario_jellyfish_widest_path_switch_down_20260607_084642,h0,jellyfish/widest_path/switch_down/run_scenario_jellyfish_widest_path_switch_down_20260607_084642/h0.pcap,00:00:00:00:00:01,00:00:00:00:02:01,10.0.0.1,10.0.0.3,TCP,44850,5201,96
2026-06-07T08:59:12.730955+00:00,jellyfish,widest_path,switch_down,run_scenario_jellyfish_widest_path_switch_down_20260607_084642,h0,jellyfish/widest_path/switch_down/run_scenario_jellyfish_widest_path_switch_down_20260607_084642/h0.pcap,00:00:00:00:02:01,00:00:00:00:00:01,10.0.0.3,10.0.0.1,TCP,5201,44850,66
2026-06-07T08:59:12.736292+00:00,jellyfish,widest_path,switch_down,run_scenario_jellyfish_widest_path_switch_down_20260607_084642,h0,jellyfish/widest_path/switch_down/run_scenario_jellyfish_widest_path_switch_down_20260607_084642/h0.pcap,00:00:00:00:00:01,00:00:00:00:02:01,10.0.0.1,10.0.0.3,TCP,44850,5201,96
2026-06-07T08:59:12.736433+00:00,jellyfish,widest_path,switch_down,run_scenario_jellyfish_widest_path_switch_down_20260607_084642,h0,jellyfish/widest_path/switch_down/run_scenario_jellyfish_widest_path_switch_down_20260607_084642/h0.pcap,00:00:00:00:02:01,00:00:00:00:00:01,10.0.0.3,10.0.0.1,TCP,5201,44850,66
2026-06-07T08:59:12.741867+00:00,jellyfish,widest_path,switch_down,run_scenario_jellyfish_widest_path_switch_down_20260607_084642,h0,jellyfish/widest_path/switch_down/run_scenario_jellyfish_widest_path_switch_down_20260607_084642/h0.pcap,00:00:00:00:00:01,00:00:00:00:02:01,10.0.0.1,10.0.0.3,TCP,44850,5201,96
2026-06-07T08:59:12.742009+00:00,jellyfish,widest_path,switch_down,run_scenario_jellyfish_widest_path_switch_down_20260607_084642,h0,jellyfish/widest_path/switch_down/run_scenario_jellyfish_widest_path_switch_down_20260607_084642/h0.pcap,00:00:00:00:02:01,00:00:00:00:00:01,10.0.0.3,10.0.0.1,TCP,5201,44850,66
2026-06-07T08:59:12.747212+00:00,jellyfish,widest_path,switch_down,run_scenario_jellyfish_widest_path_switch_down_20260607_084642,h0,jellyfish/widest_path/switch_down/run_scenario_jellyfish_widest_path_switch_down_20260607_084642/h0.pcap,00:00:00:00:00:01,00:00:00:00:02:01,10.0.0.1,10.0.0.3,TCP,44850,5201,96
2026-06-07T08:59:12.747353+00:00,jellyfish,widest_path,switch_down,run_scenario_jellyfish_widest_path_switch_down_20260607_084642,h0,jellyfish/widest_path/switch_down/run_scenario_jellyfish_widest_path_switch_down_20260607_084642/h0.pcap,00:00:00:00:02:01,00:00:00:00:00:01,10.0.0.3,10.0.0.1,TCP,5201,44850,66
2026-06-07T08:59:12.752665+00:00,jellyfish,widest_path,switch_down,run_scenario_jellyfish_widest_path_switch_down_20260607_084642,h0,jellyfish/widest_path/switch_down/run_scenario_jellyfish_widest_path_switch_down_20260607_084642/h0.pcap,00:00:00:00:00:01,00:00:00:00:02:01,10.0.0.1,10.0.0.3,TCP,44850,5201,96
2026-06-07T08:59:12.752809+00:00,jellyfish,widest_path,switch_down,run_scenario_jellyfish_widest_path_switch_down_20260607_084642,h0,jellyfish/widest_path/switch_down/run_scenario_jellyfish_widest_path_switch_down_20260607_084642/h0.pcap,00:00:00:00:02:01,00:00:00:00:00:01,10.0.0.3,10.0.0.1,TCP,5201,44850,66
2026-06-07T08:59:12.758114+00:00,jellyfish,widest_path,switch_down,run_scenario_jellyfish_widest_path_switch_down_20260607_084642,h0,jellyfish/widest_path/switch_down/run_scenario_jellyfish_widest_path_switch_down_20260607_084642/h0.pcap,00:00:00:00:00:01,00:00:00:00:02:01,10.0.0.1,10.0.0.3,TCP,44850,5201,96
2026-06-07T08:59:12.758252+00:00,jellyfish,widest_path,switch_down,run_scenario_jellyfish_widest_path_switch_down_20260607_084642,h0,jellyfish/widest_path/switch_down/run_scenario_jellyfish_widest_path_switch_down_20260607_084642/h0.pcap,00:00:00:00:02:01,00:00:00:00:00:01,10.0.0.3,10.0.0.1,TCP,5201,44850,66
2026-06-07T08:59:12.763557+00:00,jellyfish,widest_path,switch_down,run_scenario_jellyfish_widest_path_switch_down_20260607_084642,h0,jellyfish/widest_path/switch_down/run_scenario_jellyfish_widest_path_switch_down_20260607_084642/h0.pcap,00:00:00:00:00:01,00:00:00:00:02:01,10.0.0.1,10.0.0.3,TCP,44850,5201,96
2026-06-07T08:59:12.763751+00:00,jellyfish,widest_path,switch_down,run_scenario_jellyfish_widest_path_switch_down_20260607_084642,h0,jellyfish/widest_path/switch_down/run_scenario_jellyfish_widest_path_switch_down_20260607_084642/h0.pcap,00:00:00:00:02:01,00:00:00:00:00:01,10.0.0.3,10.0.0.1,TCP,5201,44850,66
2026-06-07T08:59:12.769041+00:00,jellyfish,widest_path,switch_down,run_scenario_jellyfish_widest_path_switch_down_20260607_084642,h0,jellyfish/widest_path/switch_down/run_scenario_jellyfish_widest_path_switch_down_20260607_084642/h0.pcap,00:00:00:00:00:01,00:00:00:00:02:01,10.0.0.1,10.0.0.3,TCP,44850,5201,96
2026-06-07T08:59:12.769205+00:00,jellyfish,widest_path,switch_down,run_scenario_jellyfish_widest_path_switch_down_20260607_084642,h0,jellyfish/widest_path/switch_down/run_scenario_jellyfish_widest_path_switch_down_20260607_084642/h0.pcap,00:00:00:00:02:01,00:00:00:00:00:01,10.0.0.3,10.0.0.1,TCP,5201,44850,66
2026-06-07T08:59:12.774691+00:00,jellyfish,widest_path,switch_down,run_scenario_jellyfish_widest_path_switch_down_20260607_084642,h0,jellyfish/widest_path/switch_down/run_scenario_jellyfish_widest_path_switch_down_20260607_084642/h0.pcap,00:00:00:00:00:01,00:00:00:00:02:01,10.0.0.1,10.0.0.3,TCP,44850,5201,96
2026-06-07T08:59:12.774844+00:00,jellyfish,widest_path,switch_down,run_scenario_jellyfish_widest_path_switch_down_20260607_084642,h0,jellyfish/widest_path/switch_down/run_scenario_jellyfish_widest_path_switch_down_20260607_084642/h0.pcap,00:00:00:00:02:01,00:00:00:00:00:01,10.0.0.3,10.0.0.1,TCP,5201,44850,66
2026-06-07T08:59:12.780432+00:00,jellyfish,widest_path,switch_down,run_scenario_jellyfish_widest_path_switch_down_20260607_084642,h0,jellyfish/widest_path/switch_down/run_scenario_jellyfish_widest_path_switch_down_20260607_084642/h0.pcap,00:00:00:00:00:01,00:00:00:00:02:01,10.0.0.1,10.0.0.3,TCP,44850,5201,96
2026-06-07T08:59:12.780672+00:00,jellyfish,widest_path,switch_down,run_scenario_jellyfish_widest_path_switch_down_20260607_084642,h0,jellyfish/widest_path/switch_down/run_scenario_jellyfish_widest_path_switch_down_20260607_084642/h0.pcap,00:00:00:00:02:01,00:00:00:00:00:01,10.0.0.3,10.0.0.1,TCP,5201,44850,66
2026-06-07T08:59:12.785915+00:00,jellyfish,widest_path,switch_down,run_scenario_jellyfish_widest_path_switch_down_20260607_084642,h0,jellyfish/widest_path/switch_down/run_scenario_jellyfish_widest_path_switch_down_20260607_084642/h0.pcap,00:00:00:00:00:01,00:00:00:00:02:01,10.0.0.1,10.0.0.3,TCP,44850,5201,96
2026-06-07T08:59:12.786080+00:00,jellyfish,widest_path,switch_down,run_scenario_jellyfish_widest_path_switch_down_20260607_084642,h0,jellyfish/widest_path/switch_down/run_scenario_jellyfish_widest_path_switch_down_20260607_084642/h0.pcap,00:00:00:00:02:01,00:00:00:00:00:01,10.0.0.3,10.0.0.1,TCP,5201,44850,66
2026-06-07T08:59:12.791277+00:00,jellyfish,widest_path,switch_down,run_scenario_jellyfish_widest_path_switch_down_20260607_084642,h0,jellyfish/widest_path/switch_down/run_scenario_jellyfish_widest_path_switch_down_20260607_084642/h0.pcap,00:00:00:00:00:01,00:00:00:00:02:01,10.0.0.1,10.0.0.3,TCP,44850,5201,96
2026-06-07T08:59:12.791472+00:00,jellyfish,widest_path,switch_down,run_scenario_jellyfish_widest_path_switch_down_20260607_084642,h0,jellyfish/widest_path/switch_down/run_scenario_jellyfish_widest_path_switch_down_20260607_084642/h0.pcap,00:00:00:00:02:01,00:00:00:00:00:01,10.0.0.3,10.0.0.1,TCP,5201,44850,66
2026-06-07T08:59:12.796759+00:00,jellyfish,widest_path,switch_down,run_scenario_jellyfish_widest_path_switch_down_20260607_084642,h0,jellyfish/widest_path/switch_down/run_scenario_jellyfish_widest_path_switch_down_20260607_084642/h0.pcap,00:00:00:00:00:01,00:00:00:00:02:01,10.0.0.1,10.0.0.3,TCP,44850,5201,96
2026-06-07T08:59:12.796899+00:00,jellyfish,widest_path,switch_down,run_scenario_jellyfish_widest_path_switch_down_20260607_084642,h0,jellyfish/widest_path/switch_down/run_scenario_jellyfish_widest_path_switch_down_20260607_084642/h0.pcap,00:00:00:00:02:01,00:00:00:00:00:01,10.0.0.3,10.0.0.1,TCP,5201,44850,66
2026-06-07T08:59:12.802147+00:00,jellyfish,widest_path,switch_down,run_scenario_jellyfish_widest_path_switch_down_20260607_084642,h0,jellyfish/widest_path/switch_down/run_scenario_jellyfish_widest_path_switch_down_20260607_084642/h0.pcap,00:00:00:00:00:01,00:00:00:00:02:01,10.0.0.1,10.0.0.3,TCP,44850,5201,96
2026-06-07T08:59:12.802301+00:00,jellyfish,widest_path,switch_down,run_scenario_jellyfish_widest_path_switch_down_20260607_084642,h0,jellyfish/widest_path/switch_down/run_scenario_jellyfish_widest_path_switch_down_20260607_084642/h0.pcap,00:00:00:00:02:01,00:00:00:00:00:01,10.0.0.3,10.0.0.1,TCP,5201,44850,66
2026-06-07T08:59:12.807598+00:00,jellyfish,widest_path,switch_down,run_scenario_jellyfish_widest_path_switch_down_20260607_084642,h0,jellyfish/widest_path/switch_down/run_scenario_jellyfish_widest_path_switch_down_20260607_084642/h0.pcap,00:00:00:00:00:01,00:00:00:00:02:01,10.0.0.1,10.0.0.3,TCP,44850,5201,96
2026-06-07T08:59:12.807753+00:00,jellyfish,widest_path,switch_down,run_scenario_jellyfish_widest_path_switch_down_20260607_084642,h0,jellyfish/widest_path/switch_down/run_scenario_jellyfish_widest_path_switch_down_20260607_084642/h0.pcap,00:00:00:00:02:01,00:00:00:00:00:01,10.0.0.3,10.0.0.1,TCP,5201,44850,66
2026-06-07T08:59:12.813088+00:00,jellyfish,widest_path,switch_down,run_scenario_jellyfish_widest_path_switch_down_20260607_084642,h0,jellyfish/widest_path/switch_down/run_scenario_jellyfish_widest_path_switch_down_20260607_084642/h0.pcap,00:00:00:00:00:01,00:00:00:00:02:01,10.0.0.1,10.0.0.3,TCP,44850,5201,96
2026-06-07T08:59:12.813195+00:00,jellyfish,widest_path,switch_down,run_scenario_jellyfish_widest_path_switch_down_20260607_084642,h0,jellyfish/widest_path/switch_down/run_scenario_jellyfish_widest_path_switch_down_20260607_084642/h0.pcap,00:00:00:00:02:01,00:00:00:00:00:01,10.0.0.3,10.0.0.1,TCP,5201,44850,66
2026-06-07T08:59:12.818501+00:00,jellyfish,widest_path,switch_down,run_scenario_jellyfish_widest_path_switch_down_20260607_084642,h0,jellyfish/widest_path/switch_down/run_scenario_jellyfish_widest_path_switch_down_20260607_084642/h0.pcap,00:00:00:00:00:01,00:00:00:00:02:01,10.0.0.1,10.0.0.3,TCP,44850,5201,96
2026-06-07T08:59:12.818649+00:00,jellyfish,widest_path,switch_down,run_scenario_jellyfish_widest_path_switch_down_20260607_084642,h0,jellyfish/widest_path/switch_down/run_scenario_jellyfish_widest_path_switch_down_20260607_084642/h0.pcap,00:00:00:00:02:01,00:00:00:00:00:01,10.0.0.3,10.0.0.1,TCP,5201,44850,66
2026-06-07T08:59:12.823949+00:00,jellyfish,widest_path,switch_down,run_scenario_jellyfish_widest_path_switch_down_20260607_084642,h0,jellyfish/widest_path/switch_down/run_scenario_jellyfish_widest_path_switch_down_20260607_084642/h0.pcap,00:00:00:00:00:01,00:00:00:00:02:01,10.0.0.1,10.0.0.3,TCP,44850,5201,96
2026-06-07T08:59:12.824103+00:00,jellyfish,widest_path,switch_down,run_scenario_jellyfish_widest_path_switch_down_20260607_084642,h0,jellyfish/widest_path/switch_down/run_scenario_jellyfish_widest_path_switch_down_20260607_084642/h0.pcap,00:00:00:00:02:01,00:00:00:00:00:01,10.0.0.3,10.0.0.1,TCP,5201,44850,66
2026-06-07T08:59:12.829405+00:00,jellyfish,widest_path,switch_down,run_scenario_jellyfish_widest_path_switch_down_20260607_084642,h0,jellyfish/widest_path/switch_down/run_scenario_jellyfish_widest_path_switch_down_20260607_084642/h0.pcap,00:00:00:00:00:01,00:00:00:00:02:01,10.0.0.1,10.0.0.3,TCP,44850,5201,96
2026-06-07T08:59:12.829564+00:00,jellyfish,widest_path,switch_down,run_scenario_jellyfish_widest_path_switch_down_20260607_084642,h0,jellyfish/widest_path/switch_down/run_scenario_jellyfish_widest_path_switch_down_20260607_084642/h0.pcap,00:00:00:00:02:01,00:00:00:00:00:01,10.0.0.3,10.0.0.1,TCP,5201,44850,66
2026-06-07T08:59:12.834850+00:00,jellyfish,widest_path,switch_down,run_scenario_jellyfish_widest_path_switch_down_20260607_084642,h0,jellyfish/widest_path/switch_down/run_scenario_jellyfish_widest_path_switch_down_20260607_084642/h0.pcap,00:00:00:00:00:01,00:00:00:00:02:01,10.0.0.1,10.0.0.3,TCP,44850,5201,96
2026-06-07T08:59:12.835009+00:00,jellyfish,widest_path,switch_down,run_scenario_jellyfish_widest_path_switch_down_20260607_084642,h0,jellyfish/widest_path/switch_down/run_scenario_jellyfish_widest_path_switch_down_20260607_084642/h0.pcap,00:00:00:00:02:01,00:00:00:00:00:01,10.0.0.3,10.0.0.1,TCP,5201,44850,66
2026-06-07T08:59:12.840301+00:00,jellyfish,widest_path,switch_down,run_scenario_jellyfish_widest_path_switch_down_20260607_084642,h0,jellyfish/widest_path/switch_down/run_scenario_jellyfish_widest_path_switch_down_20260607_084642/h0.pcap,00:00:00:00:00:01,00:00:00:00:02:01,10.0.0.1,10.0.0.3,TCP,44850,5201,96
2026-06-07T08:59:12.840456+00:00,jellyfish,widest_path,switch_down,run_scenario_jellyfish_widest_path_switch_down_20260607_084642,h0,jellyfish/widest_path/switch_down/run_scenario_jellyfish_widest_path_switch_down_20260607_084642/h0.pcap,00:00:00:00:02:01,00:00:00:00:00:01,10.0.0.3,10.0.0.1,TCP,5201,44850,66
2026-06-07T08:59:12.845859+00:00,jellyfish,widest_path,switch_down,run_scenario_jellyfish_widest_path_switch_down_20260607_084642,h0,jellyfish/widest_path/switch_down/run_scenario_jellyfish_widest_path_switch_down_20260607_084642/h0.pcap,00:00:00:00:00:01,00:00:00:00:02:01,10.0.0.1,10.0.0.3,TCP,44850,5201,96
2026-06-07T08:59:12.846014+00:00,jellyfish,widest_path,switch_down,run_scenario_jellyfish_widest_path_switch_down_20260607_084642,h0,jellyfish/widest_path/switch_down/run_scenario_jellyfish_widest_path_switch_down_20260607_084642/h0.pcap,00:00:00:00:02:01,00:00:00:00:00:01,10.0.0.3,10.0.0.1,TCP,5201,44850,66
2026-06-07T08:59:12.851204+00:00,jellyfish,widest_path,switch_down,run_scenario_jellyfish_widest_path_switch_down_20260607_084642,h0,jellyfish/widest_path/switch_down/run_scenario_jellyfish_widest_path_switch_down_20260607_084642/h0.pcap,00:00:00:00:00:01,00:00:00:00:02:01,10.0.0.1,10.0.0.3,TCP,44850,5201,96
2026-06-07T08:59:12.851354+00:00,jellyfish,widest_path,switch_down,run_scenario_jellyfish_widest_path_switch_down_20260607_084642,h0,jellyfish/widest_path/switch_down/run_scenario_jellyfish_widest_path_switch_down_20260607_084642/h0.pcap,00:00:00:00:02:01,00:00:00:00:00:01,10.0.0.3,10.0.0.1,TCP,5201,44850,66
2026-06-07T08:59:12.856640+00:00,jellyfish,widest_path,switch_down,run_scenario_jellyfish_widest_path_switch_down_20260607_084642,h0,jellyfish/widest_path/switch_down/run_scenario_jellyfish_widest_path_switch_down_20260607_084642/h0.pcap,00:00:00:00:00:01,00:00:00:00:02:01,10.0.0.1,10.0.0.3,TCP,44850,5201,96
2026-06-07T08:59:12.856775+00:00,jellyfish,widest_path,switch_down,run_scenario_jellyfish_widest_path_switch_down_20260607_084642,h0,jellyfish/widest_path/switch_down/run_scenario_jellyfish_widest_path_switch_down_20260607_084642/h0.pcap,00:00:00:00:02:01,00:00:00:00:00:01,10.0.0.3,10.0.0.1,TCP,5201,44850,66
2026-06-07T08:59:12.862102+00:00,jellyfish,widest_path,switch_down,run_scenario_jellyfish_widest_path_switch_down_20260607_084642,h0,jellyfish/widest_path/switch_down/run_scenario_jellyfish_widest_path_switch_down_20260607_084642/h0.pcap,00:00:00:00:00:01,00:00:00:00:02:01,10.0.0.1,10.0.0.3,TCP,44850,5201,96
2026-06-07T08:59:12.862256+00:00,jellyfish,widest_path,switch_down,run_scenario_jellyfish_widest_path_switch_down_20260607_084642,h0,jellyfish/widest_path/switch_down/run_scenario_jellyfish_widest_path_switch_down_20260607_084642/h0.pcap,00:00:00:00:02:01,00:00:00:00:00:01,10.0.0.3,10.0.0.1,TCP,5201,44850,66
2026-06-07T08:59:12.867597+00:00,jellyfish,widest_path,switch_down,run_scenario_jellyfish_widest_path_switch_down_20260607_084642,h0,jellyfish/widest_path/switch_down/run_scenario_jellyfish_widest_path_switch_down_20260607_084642/h0.pcap,00:00:00:00:00:01,00:00:00:00:02:01,10.0.0.1,10.0.0.3,TCP,44850,5201,96
2026-06-07T08:59:12.867782+00:00,jellyfish,widest_path,switch_down,run_scenario_jellyfish_widest_path_switch_down_20260607_084642,h0,jellyfish/widest_path/switch_down/run_scenario_jellyfish_widest_path_switch_down_20260607_084642/h0.pcap,00:00:00:00:02:01,00:00:00:00:00:01,10.0.0.3,10.0.0.1,TCP,5201,44850,66
2026-06-07T08:59:12.873034+00:00,jellyfish,widest_path,switch_down,run_scenario_jellyfish_widest_path_switch_down_20260607_084642,h0,jellyfish/widest_path/switch_down/run_scenario_jellyfish_widest_path_switch_down_20260607_084642/h0.pcap,00:00:00:00:00:01,00:00:00:00:02:01,10.0.0.1,10.0.0.3,TCP,44850,5201,96
2026-06-07T08:59:12.873155+00:00,jellyfish,widest_path,switch_down,run_scenario_jellyfish_widest_path_switch_down_20260607_084642,h0,jellyfish/widest_path/switch_down/run_scenario_jellyfish_widest_path_switch_down_20260607_084642/h0.pcap,00:00:00:00:02:01,00:00:00:00:00:01,10.0.0.3,10.0.0.1,TCP,5201,44850,66
2026-06-07T08:59:12.878457+00:00,jellyfish,widest_path,switch_down,run_scenario_jellyfish_widest_path_switch_down_20260607_084642,h0,jellyfish/widest_path/switch_down/run_scenario_jellyfish_widest_path_switch_down_20260607_084642/h0.pcap,00:00:00:00:00:01,00:00:00:00:02:01,10.0.0.1,10.0.0.3,TCP,44850,5201,96
2026-06-07T08:59:12.878613+00:00,jellyfish,widest_path,switch_down,run_scenario_jellyfish_widest_path_switch_down_20260607_084642,h0,jellyfish/widest_path/switch_down/run_scenario_jellyfish_widest_path_switch_down_20260607_084642/h0.pcap,00:00:00:00:02:01,00:00:00:00:00:01,10.0.0.3,10.0.0.1,TCP,5201,44850,66
2026-06-07T08:59:12.883904+00:00,jellyfish,widest_path,switch_down,run_scenario_jellyfish_widest_path_switch_down_20260607_084642,h0,jellyfish/widest_path/switch_down/run_scenario_jellyfish_widest_path_switch_down_20260607_084642/h0.pcap,00:00:00:00:00:01,00:00:00:00:02:01,10.0.0.1,10.0.0.3,TCP,44850,5201,96
2026-06-07T08:59:12.884035+00:00,jellyfish,widest_path,switch_down,run_scenario_jellyfish_widest_path_switch_down_20260607_084642,h0,jellyfish/widest_path/switch_down/run_scenario_jellyfish_widest_path_switch_down_20260607_084642/h0.pcap,00:00:00:00:02:01,00:00:00:00:00:01,10.0.0.3,10.0.0.1,TCP,5201,44850,66
2026-06-07T08:59:12.889419+00:00,jellyfish,widest_path,switch_down,run_scenario_jellyfish_widest_path_switch_down_20260607_084642,h0,jellyfish/widest_path/switch_down/run_scenario_jellyfish_widest_path_switch_down_20260607_084642/h0.pcap,00:00:00:00:00:01,00:00:00:00:02:01,10.0.0.1,10.0.0.3,TCP,44850,5201,96
2026-06-07T08:59:12.889575+00:00,jellyfish,widest_path,switch_down,run_scenario_jellyfish_widest_path_switch_down_20260607_084642,h0,jellyfish/widest_path/switch_down/run_scenario_jellyfish_widest_path_switch_down_20260607_084642/h0.pcap,00:00:00:00:02:01,00:00:00:00:00:01,10.0.0.3,10.0.0.1,TCP,5201,44850,66
2026-06-07T08:59:12.894807+00:00,jellyfish,widest_path,switch_down,run_scenario_jellyfish_widest_path_switch_down_20260607_084642,h0,jellyfish/widest_path/switch_down/run_scenario_jellyfish_widest_path_switch_down_20260607_084642/h0.pcap,00:00:00:00:00:01,00:00:00:00:02:01,10.0.0.1,10.0.0.3,TCP,44850,5201,96
2026-06-07T08:59:12.895013+00:00,jellyfish,widest_path,switch_down,run_scenario_jellyfish_widest_path_switch_down_20260607_084642,h0,jellyfish/widest_path/switch_down/run_scenario_jellyfish_widest_path_switch_down_20260607_084642/h0.pcap,00:00:00:00:02:01,00:00:00:00:00:01,10.0.0.3,10.0.0.1,TCP,5201,44850,66
2026-06-07T08:59:12.900255+00:00,jellyfish,widest_path,switch_down,run_scenario_jellyfish_widest_path_switch_down_20260607_084642,h0,jellyfish/widest_path/switch_down/run_scenario_jellyfish_widest_path_switch_down_20260607_084642/h0.pcap,00:00:00:00:00:01,00:00:00:00:02:01,10.0.0.1,10.0.0.3,TCP,44850,5201,96
2026-06-07T08:59:12.900410+00:00,jellyfish,widest_path,switch_down,run_scenario_jellyfish_widest_path_switch_down_20260607_084642,h0,jellyfish/widest_path/switch_down/run_scenario_jellyfish_widest_path_switch_down_20260607_084642/h0.pcap,00:00:00:00:02:01,00:00:00:00:00:01,10.0.0.3,10.0.0.1,TCP,5201,44850,66
2026-06-07T08:59:12.905705+00:00,jellyfish,widest_path,switch_down,run_scenario_jellyfish_widest_path_switch_down_20260607_084642,h0,jellyfish/widest_path/switch_down/run_scenario_jellyfish_widest_path_switch_down_20260607_084642/h0.pcap,00:00:00:00:00:01,00:00:00:00:02:01,10.0.0.1,10.0.0.3,TCP,44850,5201,96
2026-06-07T08:59:12.905860+00:00,jellyfish,widest_path,switch_down,run_scenario_jellyfish_widest_path_switch_down_20260607_084642,h0,jellyfish/widest_path/switch_down/run_scenario_jellyfish_widest_path_switch_down_20260607_084642/h0.pcap,00:00:00:00:02:01,00:00:00:00:00:01,10.0.0.3,10.0.0.1,TCP,5201,44850,66
2026-06-07T08:59:12.911230+00:00,jellyfish,widest_path,switch_down,run_scenario_jellyfish_widest_path_switch_down_20260607_084642,h0,jellyfish/widest_path/switch_down/run_scenario_jellyfish_widest_path_switch_down_20260607_084642/h0.pcap,00:00:00:00:00:01,00:00:00:00:02:01,10.0.0.1,10.0.0.3,TCP,44850,5201,96
2026-06-07T08:59:12.911379+00:00,jellyfish,widest_path,switch_down,run_scenario_jellyfish_widest_path_switch_down_20260607_084642,h0,jellyfish/widest_path/switch_down/run_scenario_jellyfish_widest_path_switch_down_20260607_084642/h0.pcap,00:00:00:00:02:01,00:00:00:00:00:01,10.0.0.3,10.0.0.1,TCP,5201,44850,66
2026-06-07T08:59:12.916617+00:00,jellyfish,widest_path,switch_down,run_scenario_jellyfish_widest_path_switch_down_20260607_084642,h0,jellyfish/widest_path/switch_down/run_scenario_jellyfish_widest_path_switch_down_20260607_084642/h0.pcap,00:00:00:00:00:01,00:00:00:00:02:01,10.0.0.1,10.0.0.3,TCP,44850,5201,96
2026-06-07T08:59:12.916757+00:00,jellyfish,widest_path,switch_down,run_scenario_jellyfish_widest_path_switch_down_20260607_084642,h0,jellyfish/widest_path/switch_down/run_scenario_jellyfish_widest_path_switch_down_20260607_084642/h0.pcap,00:00:00:00:02:01,00:00:00:00:00:01,10.0.0.3,10.0.0.1,TCP,5201,44850,66
2026-06-07T08:59:12.922057+00:00,jellyfish,widest_path,switch_down,run_scenario_jellyfish_widest_path_switch_down_20260607_084642,h0,jellyfish/widest_path/switch_down/run_scenario_jellyfish_widest_path_switch_down_20260607_084642/h0.pcap,00:00:00:00:00:01,00:00:00:00:02:01,10.0.0.1,10.0.0.3,TCP,44850,5201,96
2026-06-07T08:59:12.922218+00:00,jellyfish,widest_path,switch_down,run_scenario_jellyfish_widest_path_switch_down_20260607_084642,h0,jellyfish/widest_path/switch_down/run_scenario_jellyfish_widest_path_switch_down_20260607_084642/h0.pcap,00:00:00:00:02:01,00:00:00:00:00:01,10.0.0.3,10.0.0.1,TCP,5201,44850,66
2026-06-07T08:59:12.927511+00:00,jellyfish,widest_path,switch_down,run_scenario_jellyfish_widest_path_switch_down_20260607_084642,h0,jellyfish/widest_path/switch_down/run_scenario_jellyfish_widest_path_switch_down_20260607_084642/h0.pcap,00:00:00:00:00:01,00:00:00:00:02:01,10.0.0.1,10.0.0.3,TCP,44850,5201,96
2026-06-07T08:59:12.927678+00:00,jellyfish,widest_path,switch_down,run_scenario_jellyfish_widest_path_switch_down_20260607_084642,h0,jellyfish/widest_path/switch_down/run_scenario_jellyfish_widest_path_switch_down_20260607_084642/h0.pcap,00:00:00:00:02:01,00:00:00:00:00:01,10.0.0.3,10.0.0.1,TCP,5201,44850,66
2026-06-07T08:59:12.932959+00:00,jellyfish,widest_path,switch_down,run_scenario_jellyfish_widest_path_switch_down_20260607_084642,h0,jellyfish/widest_path/switch_down/run_scenario_jellyfish_widest_path_switch_down_20260607_084642/h0.pcap,00:00:00:00:00:01,00:00:00:00:02:01,10.0.0.1,10.0.0.3,TCP,44850,5201,96
2026-06-07T08:59:12.933113+00:00,jellyfish,widest_path,switch_down,run_scenario_jellyfish_widest_path_switch_down_20260607_084642,h0,jellyfish/widest_path/switch_down/run_scenario_jellyfish_widest_path_switch_down_20260607_084642/h0.pcap,00:00:00:00:02:01,00:00:00:00:00:01,10.0.0.3,10.0.0.1,TCP,5201,44850,66
2026-06-07T08:59:12.938438+00:00,jellyfish,widest_path,switch_down,run_scenario_jellyfish_widest_path_switch_down_20260607_084642,h0,jellyfish/widest_path/switch_down/run_scenario_jellyfish_widest_path_switch_down_20260607_084642/h0.pcap,00:00:00:00:00:01,00:00:00:00:02:01,10.0.0.1,10.0.0.3,TCP,44850,5201,96
2026-06-07T08:59:12.938531+00:00,jellyfish,widest_path,switch_down,run_scenario_jellyfish_widest_path_switch_down_20260607_084642,h0,jellyfish/widest_path/switch_down/run_scenario_jellyfish_widest_path_switch_down_20260607_084642/h0.pcap,00:00:00:00:02:01,00:00:00:00:00:01,10.0.0.3,10.0.0.1,TCP,5201,44850,66
2026-06-07T08:59:12.943857+00:00,jellyfish,widest_path,switch_down,run_scenario_jellyfish_widest_path_switch_down_20260607_084642,h0,jellyfish/widest_path/switch_down/run_scenario_jellyfish_widest_path_switch_down_20260607_084642/h0.pcap,00:00:00:00:00:01,00:00:00:00:02:01,10.0.0.1,10.0.0.3,TCP,44850,5201,96
2026-06-07T08:59:12.944012+00:00,jellyfish,widest_path,switch_down,run_scenario_jellyfish_widest_path_switch_down_20260607_084642,h0,jellyfish/widest_path/switch_down/run_scenario_jellyfish_widest_path_switch_down_20260607_084642/h0.pcap,00:00:00:00:02:01,00:00:00:00:00:01,10.0.0.3,10.0.0.1,TCP,5201,44850,66
2026-06-07T08:59:12.949339+00:00,jellyfish,widest_path,switch_down,run_scenario_jellyfish_widest_path_switch_down_20260607_084642,h0,jellyfish/widest_path/switch_down/run_scenario_jellyfish_widest_path_switch_down_20260607_084642/h0.pcap,00:00:00:00:00:01,00:00:00:00:02:01,10.0.0.1,10.0.0.3,TCP,44850,5201,96
2026-06-07T08:59:12.949430+00:00,jellyfish,widest_path,switch_down,run_scenario_jellyfish_widest_path_switch_down_20260607_084642,h0,jellyfish/widest_path/switch_down/run_scenario_jellyfish_widest_path_switch_down_20260607_084642/h0.pcap,00:00:00:00:02:01,00:00:00:00:00:01,10.0.0.3,10.0.0.1,TCP,5201,44850,66
2026-06-07T08:59:12.954771+00:00,jellyfish,widest_path,switch_down,run_scenario_jellyfish_widest_path_switch_down_20260607_084642,h0,jellyfish/widest_path/switch_down/run_scenario_jellyfish_widest_path_switch_down_20260607_084642/h0.pcap,00:00:00:00:00:01,00:00:00:00:02:01,10.0.0.1,10.0.0.3,TCP,44850,5201,96
2026-06-07T08:59:12.954913+00:00,jellyfish,widest_path,switch_down,run_scenario_jellyfish_widest_path_switch_down_20260607_084642,h0,jellyfish/widest_path/switch_down/run_scenario_jellyfish_widest_path_switch_down_20260607_084642/h0.pcap,00:00:00:00:02:01,00:00:00:00:00:01,10.0.0.3,10.0.0.1,TCP,5201,44850,66
2026-06-07T08:59:12.960209+00:00,jellyfish,widest_path,switch_down,run_scenario_jellyfish_widest_path_switch_down_20260607_084642,h0,jellyfish/widest_path/switch_down/run_scenario_jellyfish_widest_path_switch_down_20260607_084642/h0.pcap,00:00:00:00:00:01,00:00:00:00:02:01,10.0.0.1,10.0.0.3,TCP,44850,5201,96
2026-06-07T08:59:12.960363+00:00,jellyfish,widest_path,switch_down,run_scenario_jellyfish_widest_path_switch_down_20260607_084642,h0,jellyfish/widest_path/switch_down/run_scenario_jellyfish_widest_path_switch_down_20260607_084642/h0.pcap,00:00:00:00:02:01,00:00:00:00:00:01,10.0.0.3,10.0.0.1,TCP,5201,44850,66
2026-06-07T08:59:12.965696+00:00,jellyfish,widest_path,switch_down,run_scenario_jellyfish_widest_path_switch_down_20260607_084642,h0,jellyfish/widest_path/switch_down/run_scenario_jellyfish_widest_path_switch_down_20260607_084642/h0.pcap,00:00:00:00:00:01,00:00:00:00:02:01,10.0.0.1,10.0.0.3,TCP,44850,5201,96
2026-06-07T08:59:12.965807+00:00,jellyfish,widest_path,switch_down,run_scenario_jellyfish_widest_path_switch_down_20260607_084642,h0,jellyfish/widest_path/switch_down/run_scenario_jellyfish_widest_path_switch_down_20260607_084642/h0.pcap,00:00:00:00:02:01,00:00:00:00:00:01,10.0.0.3,10.0.0.1,TCP,5201,44850,66
2026-06-07T08:59:12.971112+00:00,jellyfish,widest_path,switch_down,run_scenario_jellyfish_widest_path_switch_down_20260607_084642,h0,jellyfish/widest_path/switch_down/run_scenario_jellyfish_widest_path_switch_down_20260607_084642/h0.pcap,00:00:00:00:00:01,00:00:00:00:02:01,10.0.0.1,10.0.0.3,TCP,44850,5201,96
2026-06-07T08:59:12.971269+00:00,jellyfish,widest_path,switch_down,run_scenario_jellyfish_widest_path_switch_down_20260607_084642,h0,jellyfish/widest_path/switch_down/run_scenario_jellyfish_widest_path_switch_down_20260607_084642/h0.pcap,00:00:00:00:02:01,00:00:00:00:00:01,10.0.0.3,10.0.0.1,TCP,5201,44850,66
2026-06-07T08:59:12.976562+00:00,jellyfish,widest_path,switch_down,run_scenario_jellyfish_widest_path_switch_down_20260607_084642,h0,jellyfish/widest_path/switch_down/run_scenario_jellyfish_widest_path_switch_down_20260607_084642/h0.pcap,00:00:00:00:00:01,00:00:00:00:02:01,10.0.0.1,10.0.0.3,TCP,44850,5201,96
2026-06-07T08:59:12.976818+00:00,jellyfish,widest_path,switch_down,run_scenario_jellyfish_widest_path_switch_down_20260607_084642,h0,jellyfish/widest_path/switch_down/run_scenario_jellyfish_widest_path_switch_down_20260607_084642/h0.pcap,00:00:00:00:02:01,00:00:00:00:00:01,10.0.0.3,10.0.0.1,TCP,5201,44850,66
2026-06-07T08:59:12.982007+00:00,jellyfish,widest_path,switch_down,run_scenario_jellyfish_widest_path_switch_down_20260607_084642,h0,jellyfish/widest_path/switch_down/run_scenario_jellyfish_widest_path_switch_down_20260607_084642/h0.pcap,00:00:00:00:00:01,00:00:00:00:02:01,10.0.0.1,10.0.0.3,TCP,44850,5201,96
2026-06-07T08:59:12.982117+00:00,jellyfish,widest_path,switch_down,run_scenario_jellyfish_widest_path_switch_down_20260607_084642,h0,jellyfish/widest_path/switch_down/run_scenario_jellyfish_widest_path_switch_down_20260607_084642/h0.pcap,00:00:00:00:02:01,00:00:00:00:00:01,10.0.0.3,10.0.0.1,TCP,5201,44850,66
2026-06-07T08:59:12.987482+00:00,jellyfish,widest_path,switch_down,run_scenario_jellyfish_widest_path_switch_down_20260607_084642,h0,jellyfish/widest_path/switch_down/run_scenario_jellyfish_widest_path_switch_down_20260607_084642/h0.pcap,00:00:00:00:00:01,00:00:00:00:02:01,10.0.0.1,10.0.0.3,TCP,44850,5201,96
2026-06-07T08:59:12.987591+00:00,jellyfish,widest_path,switch_down,run_scenario_jellyfish_widest_path_switch_down_20260607_084642,h0,jellyfish/widest_path/switch_down/run_scenario_jellyfish_widest_path_switch_down_20260607_084642/h0.pcap,00:00:00:00:02:01,00:00:00:00:00:01,10.0.0.3,10.0.0.1,TCP,5201,44850,66
2026-06-07T08:59:12.992917+00:00,jellyfish,widest_path,switch_down,run_scenario_jellyfish_widest_path_switch_down_20260607_084642,h0,jellyfish/widest_path/switch_down/run_scenario_jellyfish_widest_path_switch_down_20260607_084642/h0.pcap,00:00:00:00:00:01,00:00:00:00:02:01,10.0.0.1,10.0.0.3,TCP,44850,5201,96
2026-06-07T08:59:12.993074+00:00,jellyfish,widest_path,switch_down,run_scenario_jellyfish_widest_path_switch_down_20260607_084642,h0,jellyfish/widest_path/switch_down/run_scenario_jellyfish_widest_path_switch_down_20260607_084642/h0.pcap,00:00:00:00:02:01,00:00:00:00:00:01,10.0.0.3,10.0.0.1,TCP,5201,44850,66
2026-06-07T08:59:12.998391+00:00,jellyfish,widest_path,switch_down,run_scenario_jellyfish_widest_path_switch_down_20260607_084642,h0,jellyfish/widest_path/switch_down/run_scenario_jellyfish_widest_path_switch_down_20260607_084642/h0.pcap,00:00:00:00:00:01,00:00:00:00:02:01,10.0.0.1,10.0.0.3,TCP,44850,5201,96
2026-06-07T08:59:12.998531+00:00,jellyfish,widest_path,switch_down,run_scenario_jellyfish_widest_path_switch_down_20260607_084642,h0,jellyfish/widest_path/switch_down/run_scenario_jellyfish_widest_path_switch_down_20260607_084642/h0.pcap,00:00:00:00:02:01,00:00:00:00:00:01,10.0.0.3,10.0.0.1,TCP,5201,44850,66
2026-06-07T08:59:13.004098+00:00,jellyfish,widest_path,switch_down,run_scenario_jellyfish_widest_path_switch_down_20260607_084642,h0,jellyfish/widest_path/switch_down/run_scenario_jellyfish_widest_path_switch_down_20260607_084642/h0.pcap,00:00:00:00:00:01,00:00:00:00:02:01,10.0.0.1,10.0.0.3,TCP,44850,5201,96
2026-06-07T08:59:13.004241+00:00,jellyfish,widest_path,switch_down,run_scenario_jellyfish_widest_path_switch_down_20260607_084642,h0,jellyfish/widest_path/switch_down/run_scenario_jellyfish_widest_path_switch_down_20260607_084642/h0.pcap,00:00:00:00:02:01,00:00:00:00:00:01,10.0.0.3,10.0.0.1,TCP,5201,44850,66
2026-06-07T08:59:13.009462+00:00,jellyfish,widest_path,switch_down,run_scenario_jellyfish_widest_path_switch_down_20260607_084642,h0,jellyfish/widest_path/switch_down/run_scenario_jellyfish_widest_path_switch_down_20260607_084642/h0.pcap,00:00:00:00:00:01,00:00:00:00:02:01,10.0.0.1,10.0.0.3,TCP,44850,5201,96
2026-06-07T08:59:13.009603+00:00,jellyfish,widest_path,switch_down,run_scenario_jellyfish_widest_path_switch_down_20260607_084642,h0,jellyfish/widest_path/switch_down/run_scenario_jellyfish_widest_path_switch_down_20260607_084642/h0.pcap,00:00:00:00:02:01,00:00:00:00:00:01,10.0.0.3,10.0.0.1,TCP,5201,44850,66
2026-06-07T08:59:13.014895+00:00,jellyfish,widest_path,switch_down,run_scenario_jellyfish_widest_path_switch_down_20260607_084642,h0,jellyfish/widest_path/switch_down/run_scenario_jellyfish_widest_path_switch_down_20260607_084642/h0.pcap,00:00:00:00:00:01,00:00:00:00:02:01,10.0.0.1,10.0.0.3,TCP,44850,5201,96
2026-06-07T08:59:13.015048+00:00,jellyfish,widest_path,switch_down,run_scenario_jellyfish_widest_path_switch_down_20260607_084642,h0,jellyfish/widest_path/switch_down/run_scenario_jellyfish_widest_path_switch_down_20260607_084642/h0.pcap,00:00:00:00:02:01,00:00:00:00:00:01,10.0.0.3,10.0.0.1,TCP,5201,44850,66
2026-06-07T08:59:13.020725+00:00,jellyfish,widest_path,switch_down,run_scenario_jellyfish_widest_path_switch_down_20260607_084642,h0,jellyfish/widest_path/switch_down/run_scenario_jellyfish_widest_path_switch_down_20260607_084642/h0.pcap,00:00:00:00:00:01,00:00:00:00:02:01,10.0.0.1,10.0.0.3,TCP,44850,5201,96
2026-06-07T08:59:13.020919+00:00,jellyfish,widest_path,switch_down,run_scenario_jellyfish_widest_path_switch_down_20260607_084642,h0,jellyfish/widest_path/switch_down/run_scenario_jellyfish_widest_path_switch_down_20260607_084642/h0.pcap,00:00:00:00:02:01,00:00:00:00:00:01,10.0.0.3,10.0.0.1,TCP,5201,44850,66
2026-06-07T08:59:13.026089+00:00,jellyfish,widest_path,switch_down,run_scenario_jellyfish_widest_path_switch_down_20260607_084642,h0,jellyfish/widest_path/switch_down/run_scenario_jellyfish_widest_path_switch_down_20260607_084642/h0.pcap,00:00:00:00:00:01,00:00:00:00:02:01,10.0.0.1,10.0.0.3,TCP,44850,5201,96
2026-06-07T08:59:13.026229+00:00,jellyfish,widest_path,switch_down,run_scenario_jellyfish_widest_path_switch_down_20260607_084642,h0,jellyfish/widest_path/switch_down/run_scenario_jellyfish_widest_path_switch_down_20260607_084642/h0.pcap,00:00:00:00:02:01,00:00:00:00:00:01,10.0.0.3,10.0.0.1,TCP,5201,44850,66
2026-06-07T08:59:13.031596+00:00,jellyfish,widest_path,switch_down,run_scenario_jellyfish_widest_path_switch_down_20260607_084642,h0,jellyfish/widest_path/switch_down/run_scenario_jellyfish_widest_path_switch_down_20260607_084642/h0.pcap,00:00:00:00:00:01,00:00:00:00:02:01,10.0.0.1,10.0.0.3,TCP,44850,5201,96
2026-06-07T08:59:13.031744+00:00,jellyfish,widest_path,switch_down,run_scenario_jellyfish_widest_path_switch_down_20260607_084642,h0,jellyfish/widest_path/switch_down/run_scenario_jellyfish_widest_path_switch_down_20260607_084642/h0.pcap,00:00:00:00:02:01,00:00:00:00:00:01,10.0.0.3,10.0.0.1,TCP,5201,44850,66
2026-06-07T08:59:13.036971+00:00,jellyfish,widest_path,switch_down,run_scenario_jellyfish_widest_path_switch_down_20260607_084642,h0,jellyfish/widest_path/switch_down/run_scenario_jellyfish_widest_path_switch_down_20260607_084642/h0.pcap,00:00:00:00:00:01,00:00:00:00:02:01,10.0.0.1,10.0.0.3,TCP,44850,5201,96
2026-06-07T08:59:13.037113+00:00,jellyfish,widest_path,switch_down,run_scenario_jellyfish_widest_path_switch_down_20260607_084642,h0,jellyfish/widest_path/switch_down/run_scenario_jellyfish_widest_path_switch_down_20260607_084642/h0.pcap,00:00:00:00:02:01,00:00:00:00:00:01,10.0.0.3,10.0.0.1,TCP,5201,44850,66
2026-06-07T08:59:13.042548+00:00,jellyfish,widest_path,switch_down,run_scenario_jellyfish_widest_path_switch_down_20260607_084642,h0,jellyfish/widest_path/switch_down/run_scenario_jellyfish_widest_path_switch_down_20260607_084642/h0.pcap,00:00:00:00:00:01,00:00:00:00:02:01,10.0.0.1,10.0.0.3,TCP,44850,5201,96
2026-06-07T08:59:13.042797+00:00,jellyfish,widest_path,switch_down,run_scenario_jellyfish_widest_path_switch_down_20260607_084642,h0,jellyfish/widest_path/switch_down/run_scenario_jellyfish_widest_path_switch_down_20260607_084642/h0.pcap,00:00:00:00:02:01,00:00:00:00:00:01,10.0.0.3,10.0.0.1,TCP,5201,44850,66
2026-06-07T08:59:13.048166+00:00,jellyfish,widest_path,switch_down,run_scenario_jellyfish_widest_path_switch_down_20260607_084642,h0,jellyfish/widest_path/switch_down/run_scenario_jellyfish_widest_path_switch_down_20260607_084642/h0.pcap,00:00:00:00:00:01,00:00:00:00:02:01,10.0.0.1,10.0.0.3,TCP,44850,5201,96
2026-06-07T08:59:13.048308+00:00,jellyfish,widest_path,switch_down,run_scenario_jellyfish_widest_path_switch_down_20260607_084642,h0,jellyfish/widest_path/switch_down/run_scenario_jellyfish_widest_path_switch_down_20260607_084642/h0.pcap,00:00:00:00:02:01,00:00:00:00:00:01,10.0.0.3,10.0.0.1,TCP,5201,44850,66
2026-06-07T08:59:13.053562+00:00,jellyfish,widest_path,switch_down,run_scenario_jellyfish_widest_path_switch_down_20260607_084642,h0,jellyfish/widest_path/switch_down/run_scenario_jellyfish_widest_path_switch_down_20260607_084642/h0.pcap,00:00:00:00:00:01,00:00:00:00:02:01,10.0.0.1,10.0.0.3,TCP,44850,5201,96
2026-06-07T08:59:13.053746+00:00,jellyfish,widest_path,switch_down,run_scenario_jellyfish_widest_path_switch_down_20260607_084642,h0,jellyfish/widest_path/switch_down/run_scenario_jellyfish_widest_path_switch_down_20260607_084642/h0.pcap,00:00:00:00:02:01,00:00:00:00:00:01,10.0.0.3,10.0.0.1,TCP,5201,44850,66
2026-06-07T08:59:13.058980+00:00,jellyfish,widest_path,switch_down,run_scenario_jellyfish_widest_path_switch_down_20260607_084642,h0,jellyfish/widest_path/switch_down/run_scenario_jellyfish_widest_path_switch_down_20260607_084642/h0.pcap,00:00:00:00:00:01,00:00:00:00:02:01,10.0.0.1,10.0.0.3,TCP,44850,5201,96
2026-06-07T08:59:13.059161+00:00,jellyfish,widest_path,switch_down,run_scenario_jellyfish_widest_path_switch_down_20260607_084642,h0,jellyfish/widest_path/switch_down/run_scenario_jellyfish_widest_path_switch_down_20260607_084642/h0.pcap,00:00:00:00:02:01,00:00:00:00:00:01,10.0.0.3,10.0.0.1,TCP,5201,44850,66
2026-06-07T08:59:13.064429+00:00,jellyfish,widest_path,switch_down,run_scenario_jellyfish_widest_path_switch_down_20260607_084642,h0,jellyfish/widest_path/switch_down/run_scenario_jellyfish_widest_path_switch_down_20260607_084642/h0.pcap,00:00:00:00:00:01,00:00:00:00:02:01,10.0.0.1,10.0.0.3,TCP,44850,5201,96
2026-06-07T08:59:13.064569+00:00,jellyfish,widest_path,switch_down,run_scenario_jellyfish_widest_path_switch_down_20260607_084642,h0,jellyfish/widest_path/switch_down/run_scenario_jellyfish_widest_path_switch_down_20260607_084642/h0.pcap,00:00:00:00:02:01,00:00:00:00:00:01,10.0.0.3,10.0.0.1,TCP,5201,44850,66
2026-06-07T08:59:13.069882+00:00,jellyfish,widest_path,switch_down,run_scenario_jellyfish_widest_path_switch_down_20260607_084642,h0,jellyfish/widest_path/switch_down/run_scenario_jellyfish_widest_path_switch_down_20260607_084642/h0.pcap,00:00:00:00:00:01,00:00:00:00:02:01,10.0.0.1,10.0.0.3,TCP,44850,5201,96
2026-06-07T08:59:13.070023+00:00,jellyfish,widest_path,switch_down,run_scenario_jellyfish_widest_path_switch_down_20260607_084642,h0,jellyfish/widest_path/switch_down/run_scenario_jellyfish_widest_path_switch_down_20260607_084642/h0.pcap,00:00:00:00:02:01,00:00:00:00:00:01,10.0.0.3,10.0.0.1,TCP,5201,44850,66
2026-06-07T08:59:13.075508+00:00,jellyfish,widest_path,switch_down,run_scenario_jellyfish_widest_path_switch_down_20260607_084642,h0,jellyfish/widest_path/switch_down/run_scenario_jellyfish_widest_path_switch_down_20260607_084642/h0.pcap,00:00:00:00:00:01,00:00:00:00:02:01,10.0.0.1,10.0.0.3,TCP,44850,5201,96
2026-06-07T08:59:13.075656+00:00,jellyfish,widest_path,switch_down,run_scenario_jellyfish_widest_path_switch_down_20260607_084642,h0,jellyfish/widest_path/switch_down/run_scenario_jellyfish_widest_path_switch_down_20260607_084642/h0.pcap,00:00:00:00:02:01,00:00:00:00:00:01,10.0.0.3,10.0.0.1,TCP,5201,44850,66
2026-06-07T08:59:13.080855+00:00,jellyfish,widest_path,switch_down,run_scenario_jellyfish_widest_path_switch_down_20260607_084642,h0,jellyfish/widest_path/switch_down/run_scenario_jellyfish_widest_path_switch_down_20260607_084642/h0.pcap,00:00:00:00:00:01,00:00:00:00:02:01,10.0.0.1,10.0.0.3,TCP,44850,5201,96
2026-06-07T08:59:13.080996+00:00,jellyfish,widest_path,switch_down,run_scenario_jellyfish_widest_path_switch_down_20260607_084642,h0,jellyfish/widest_path/switch_down/run_scenario_jellyfish_widest_path_switch_down_20260607_084642/h0.pcap,00:00:00:00:02:01,00:00:00:00:00:01,10.0.0.3,10.0.0.1,TCP,5201,44850,66
2026-06-07T08:59:13.086585+00:00,jellyfish,widest_path,switch_down,run_scenario_jellyfish_widest_path_switch_down_20260607_084642,h0,jellyfish/widest_path/switch_down/run_scenario_jellyfish_widest_path_switch_down_20260607_084642/h0.pcap,00:00:00:00:00:01,00:00:00:00:02:01,10.0.0.1,10.0.0.3,TCP,44850,5201,96
2026-06-07T08:59:13.086728+00:00,jellyfish,widest_path,switch_down,run_scenario_jellyfish_widest_path_switch_down_20260607_084642,h0,jellyfish/widest_path/switch_down/run_scenario_jellyfish_widest_path_switch_down_20260607_084642/h0.pcap,00:00:00:00:02:01,00:00:00:00:00:01,10.0.0.3,10.0.0.1,TCP,5201,44850,66
2026-06-07T08:59:13.092146+00:00,jellyfish,widest_path,switch_down,run_scenario_jellyfish_widest_path_switch_down_20260607_084642,h0,jellyfish/widest_path/switch_down/run_scenario_jellyfish_widest_path_switch_down_20260607_084642/h0.pcap,00:00:00:00:00:01,00:00:00:00:02:01,10.0.0.1,10.0.0.3,TCP,44850,5201,96
2026-06-07T08:59:13.092290+00:00,jellyfish,widest_path,switch_down,run_scenario_jellyfish_widest_path_switch_down_20260607_084642,h0,jellyfish/widest_path/switch_down/run_scenario_jellyfish_widest_path_switch_down_20260607_084642/h0.pcap,00:00:00:00:02:01,00:00:00:00:00:01,10.0.0.3,10.0.0.1,TCP,5201,44850,66
2026-06-07T08:59:13.097504+00:00,jellyfish,widest_path,switch_down,run_scenario_jellyfish_widest_path_switch_down_20260607_084642,h0,jellyfish/widest_path/switch_down/run_scenario_jellyfish_widest_path_switch_down_20260607_084642/h0.pcap,00:00:00:00:00:01,00:00:00:00:02:01,10.0.0.1,10.0.0.3,TCP,44850,5201,96
2026-06-07T08:59:13.097689+00:00,jellyfish,widest_path,switch_down,run_scenario_jellyfish_widest_path_switch_down_20260607_084642,h0,jellyfish/widest_path/switch_down/run_scenario_jellyfish_widest_path_switch_down_20260607_084642/h0.pcap,00:00:00:00:02:01,00:00:00:00:00:01,10.0.0.3,10.0.0.1,TCP,5201,44850,66
2026-06-07T08:59:13.102954+00:00,jellyfish,widest_path,switch_down,run_scenario_jellyfish_widest_path_switch_down_20260607_084642,h0,jellyfish/widest_path/switch_down/run_scenario_jellyfish_widest_path_switch_down_20260607_084642/h0.pcap,00:00:00:00:00:01,00:00:00:00:02:01,10.0.0.1,10.0.0.3,TCP,44850,5201,96
2026-06-07T08:59:13.103106+00:00,jellyfish,widest_path,switch_down,run_scenario_jellyfish_widest_path_switch_down_20260607_084642,h0,jellyfish/widest_path/switch_down/run_scenario_jellyfish_widest_path_switch_down_20260607_084642/h0.pcap,00:00:00:00:02:01,00:00:00:00:00:01,10.0.0.3,10.0.0.1,TCP,5201,44850,66
2026-06-07T08:59:13.108399+00:00,jellyfish,widest_path,switch_down,run_scenario_jellyfish_widest_path_switch_down_20260607_084642,h0,jellyfish/widest_path/switch_down/run_scenario_jellyfish_widest_path_switch_down_20260607_084642/h0.pcap,00:00:00:00:00:01,00:00:00:00:02:01,10.0.0.1,10.0.0.3,TCP,44850,5201,96
2026-06-07T08:59:13.108639+00:00,jellyfish,widest_path,switch_down,run_scenario_jellyfish_widest_path_switch_down_20260607_084642,h0,jellyfish/widest_path/switch_down/run_scenario_jellyfish_widest_path_switch_down_20260607_084642/h0.pcap,00:00:00:00:02:01,00:00:00:00:00:01,10.0.0.3,10.0.0.1,TCP,5201,44850,66
2026-06-07T08:59:13.114074+00:00,jellyfish,widest_path,switch_down,run_scenario_jellyfish_widest_path_switch_down_20260607_084642,h0,jellyfish/widest_path/switch_down/run_scenario_jellyfish_widest_path_switch_down_20260607_084642/h0.pcap,00:00:00:00:00:01,00:00:00:00:02:01,10.0.0.1,10.0.0.3,TCP,44850,5201,96
2026-06-07T08:59:13.114215+00:00,jellyfish,widest_path,switch_down,run_scenario_jellyfish_widest_path_switch_down_20260607_084642,h0,jellyfish/widest_path/switch_down/run_scenario_jellyfish_widest_path_switch_down_20260607_084642/h0.pcap,00:00:00:00:02:01,00:00:00:00:00:01,10.0.0.3,10.0.0.1,TCP,5201,44850,66
2026-06-07T08:59:13.119661+00:00,jellyfish,widest_path,switch_down,run_scenario_jellyfish_widest_path_switch_down_20260607_084642,h0,jellyfish/widest_path/switch_down/run_scenario_jellyfish_widest_path_switch_down_20260607_084642/h0.pcap,00:00:00:00:00:01,00:00:00:00:02:01,10.0.0.1,10.0.0.3,TCP,44850,5201,96
2026-06-07T08:59:13.119774+00:00,jellyfish,widest_path,switch_down,run_scenario_jellyfish_widest_path_switch_down_20260607_084642,h0,jellyfish/widest_path/switch_down/run_scenario_jellyfish_widest_path_switch_down_20260607_084642/h0.pcap,00:00:00:00:02:01,00:00:00:00:00:01,10.0.0.3,10.0.0.1,TCP,5201,44850,66
2026-06-07T08:59:13.125230+00:00,jellyfish,widest_path,switch_down,run_scenario_jellyfish_widest_path_switch_down_20260607_084642,h0,jellyfish/widest_path/switch_down/run_scenario_jellyfish_widest_path_switch_down_20260607_084642/h0.pcap,00:00:00:00:00:01,00:00:00:00:02:01,10.0.0.1,10.0.0.3,TCP,44850,5201,96
2026-06-07T08:59:13.125372+00:00,jellyfish,widest_path,switch_down,run_scenario_jellyfish_widest_path_switch_down_20260607_084642,h0,jellyfish/widest_path/switch_down/run_scenario_jellyfish_widest_path_switch_down_20260607_084642/h0.pcap,00:00:00:00:02:01,00:00:00:00:00:01,10.0.0.3,10.0.0.1,TCP,5201,44850,66
2026-06-07T08:59:13.131047+00:00,jellyfish,widest_path,switch_down,run_scenario_jellyfish_widest_path_switch_down_20260607_084642,h0,jellyfish/widest_path/switch_down/run_scenario_jellyfish_widest_path_switch_down_20260607_084642/h0.pcap,00:00:00:00:00:01,00:00:00:00:02:01,10.0.0.1,10.0.0.3,TCP,44850,5201,96
2026-06-07T08:59:13.131189+00:00,jellyfish,widest_path,switch_down,run_scenario_jellyfish_widest_path_switch_down_20260607_084642,h0,jellyfish/widest_path/switch_down/run_scenario_jellyfish_widest_path_switch_down_20260607_084642/h0.pcap,00:00:00:00:02:01,00:00:00:00:00:01,10.0.0.3,10.0.0.1,TCP,5201,44850,66
2026-06-07T08:59:13.136397+00:00,jellyfish,widest_path,switch_down,run_scenario_jellyfish_widest_path_switch_down_20260607_084642,h0,jellyfish/widest_path/switch_down/run_scenario_jellyfish_widest_path_switch_down_20260607_084642/h0.pcap,00:00:00:00:00:01,00:00:00:00:02:01,10.0.0.1,10.0.0.3,TCP,44850,5201,96
2026-06-07T08:59:13.136534+00:00,jellyfish,widest_path,switch_down,run_scenario_jellyfish_widest_path_switch_down_20260607_084642,h0,jellyfish/widest_path/switch_down/run_scenario_jellyfish_widest_path_switch_down_20260607_084642/h0.pcap,00:00:00:00:02:01,00:00:00:00:00:01,10.0.0.3,10.0.0.1,TCP,5201,44850,66
2026-06-07T08:59:13.142081+00:00,jellyfish,widest_path,switch_down,run_scenario_jellyfish_widest_path_switch_down_20260607_084642,h0,jellyfish/widest_path/switch_down/run_scenario_jellyfish_widest_path_switch_down_20260607_084642/h0.pcap,00:00:00:00:00:01,00:00:00:00:02:01,10.0.0.1,10.0.0.3,TCP,44850,5201,96
2026-06-07T08:59:13.142222+00:00,jellyfish,widest_path,switch_down,run_scenario_jellyfish_widest_path_switch_down_20260607_084642,h0,jellyfish/widest_path/switch_down/run_scenario_jellyfish_widest_path_switch_down_20260607_084642/h0.pcap,00:00:00:00:02:01,00:00:00:00:00:01,10.0.0.3,10.0.0.1,TCP,5201,44850,66
2026-06-07T08:59:13.147457+00:00,jellyfish,widest_path,switch_down,run_scenario_jellyfish_widest_path_switch_down_20260607_084642,h0,jellyfish/widest_path/switch_down/run_scenario_jellyfish_widest_path_switch_down_20260607_084642/h0.pcap,00:00:00:00:00:01,00:00:00:00:02:01,10.0.0.1,10.0.0.3,TCP,44850,5201,96
2026-06-07T08:59:13.147632+00:00,jellyfish,widest_path,switch_down,run_scenario_jellyfish_widest_path_switch_down_20260607_084642,h0,jellyfish/widest_path/switch_down/run_scenario_jellyfish_widest_path_switch_down_20260607_084642/h0.pcap,00:00:00:00:02:01,00:00:00:00:00:01,10.0.0.3,10.0.0.1,TCP,5201,44850,66
2026-06-07T08:59:13.153152+00:00,jellyfish,widest_path,switch_down,run_scenario_jellyfish_widest_path_switch_down_20260607_084642,h0,jellyfish/widest_path/switch_down/run_scenario_jellyfish_widest_path_switch_down_20260607_084642/h0.pcap,00:00:00:00:00:01,00:00:00:00:02:01,10.0.0.1,10.0.0.3,TCP,44850,5201,96
2026-06-07T08:59:13.153294+00:00,jellyfish,widest_path,switch_down,run_scenario_jellyfish_widest_path_switch_down_20260607_084642,h0,jellyfish/widest_path/switch_down/run_scenario_jellyfish_widest_path_switch_down_20260607_084642/h0.pcap,00:00:00:00:02:01,00:00:00:00:00:01,10.0.0.3,10.0.0.1,TCP,5201,44850,66
2026-06-07T08:59:13.158715+00:00,jellyfish,widest_path,switch_down,run_scenario_jellyfish_widest_path_switch_down_20260607_084642,h0,jellyfish/widest_path/switch_down/run_scenario_jellyfish_widest_path_switch_down_20260607_084642/h0.pcap,00:00:00:00:00:01,00:00:00:00:02:01,10.0.0.1,10.0.0.3,TCP,44850,5201,96
2026-06-07T08:59:13.158859+00:00,jellyfish,widest_path,switch_down,run_scenario_jellyfish_widest_path_switch_down_20260607_084642,h0,jellyfish/widest_path/switch_down/run_scenario_jellyfish_widest_path_switch_down_20260607_084642/h0.pcap,00:00:00:00:02:01,00:00:00:00:00:01,10.0.0.3,10.0.0.1,TCP,5201,44850,66
2026-06-07T08:59:13.164378+00:00,jellyfish,widest_path,switch_down,run_scenario_jellyfish_widest_path_switch_down_20260607_084642,h0,jellyfish/widest_path/switch_down/run_scenario_jellyfish_widest_path_switch_down_20260607_084642/h0.pcap,00:00:00:00:00:01,00:00:00:00:02:01,10.0.0.1,10.0.0.3,TCP,44850,5201,96
2026-06-07T08:59:13.164592+00:00,jellyfish,widest_path,switch_down,run_scenario_jellyfish_widest_path_switch_down_20260607_084642,h0,jellyfish/widest_path/switch_down/run_scenario_jellyfish_widest_path_switch_down_20260607_084642/h0.pcap,00:00:00:00:02:01,00:00:00:00:00:01,10.0.0.3,10.0.0.1,TCP,5201,44850,66
2026-06-07T08:59:13.170146+00:00,jellyfish,widest_path,switch_down,run_scenario_jellyfish_widest_path_switch_down_20260607_084642,h0,jellyfish/widest_path/switch_down/run_scenario_jellyfish_widest_path_switch_down_20260607_084642/h0.pcap,00:00:00:00:00:01,00:00:00:00:02:01,10.0.0.1,10.0.0.3,TCP,44850,5201,96
2026-06-07T08:59:13.170288+00:00,jellyfish,widest_path,switch_down,run_scenario_jellyfish_widest_path_switch_down_20260607_084642,h0,jellyfish/widest_path/switch_down/run_scenario_jellyfish_widest_path_switch_down_20260607_084642/h0.pcap,00:00:00:00:02:01,00:00:00:00:00:01,10.0.0.3,10.0.0.1,TCP,5201,44850,66
2026-06-07T08:59:13.175654+00:00,jellyfish,widest_path,switch_down,run_scenario_jellyfish_widest_path_switch_down_20260607_084642,h0,jellyfish/widest_path/switch_down/run_scenario_jellyfish_widest_path_switch_down_20260607_084642/h0.pcap,00:00:00:00:00:01,00:00:00:00:02:01,10.0.0.1,10.0.0.3,TCP,44850,5201,96
2026-06-07T08:59:13.175795+00:00,jellyfish,widest_path,switch_down,run_scenario_jellyfish_widest_path_switch_down_20260607_084642,h0,jellyfish/widest_path/switch_down/run_scenario_jellyfish_widest_path_switch_down_20260607_084642/h0.pcap,00:00:00:00:02:01,00:00:00:00:00:01,10.0.0.3,10.0.0.1,TCP,5201,44850,66
2026-06-07T08:59:13.181062+00:00,jellyfish,widest_path,switch_down,run_scenario_jellyfish_widest_path_switch_down_20260607_084642,h0,jellyfish/widest_path/switch_down/run_scenario_jellyfish_widest_path_switch_down_20260607_084642/h0.pcap,00:00:00:00:00:01,00:00:00:00:02:01,10.0.0.1,10.0.0.3,TCP,44850,5201,96
2026-06-07T08:59:13.181201+00:00,jellyfish,widest_path,switch_down,run_scenario_jellyfish_widest_path_switch_down_20260607_084642,h0,jellyfish/widest_path/switch_down/run_scenario_jellyfish_widest_path_switch_down_20260607_084642/h0.pcap,00:00:00:00:02:01,00:00:00:00:00:01,10.0.0.3,10.0.0.1,TCP,5201,44850,66
2026-06-07T08:59:13.186815+00:00,jellyfish,widest_path,switch_down,run_scenario_jellyfish_widest_path_switch_down_20260607_084642,h0,jellyfish/widest_path/switch_down/run_scenario_jellyfish_widest_path_switch_down_20260607_084642/h0.pcap,00:00:00:00:00:01,00:00:00:00:02:01,10.0.0.1,10.0.0.3,TCP,44850,5201,96
2026-06-07T08:59:13.186934+00:00,jellyfish,widest_path,switch_down,run_scenario_jellyfish_widest_path_switch_down_20260607_084642,h0,jellyfish/widest_path/switch_down/run_scenario_jellyfish_widest_path_switch_down_20260607_084642/h0.pcap,00:00:00:00:02:01,00:00:00:00:00:01,10.0.0.3,10.0.0.1,TCP,5201,44850,66
2026-06-07T08:59:13.192279+00:00,jellyfish,widest_path,switch_down,run_scenario_jellyfish_widest_path_switch_down_20260607_084642,h0,jellyfish/widest_path/switch_down/run_scenario_jellyfish_widest_path_switch_down_20260607_084642/h0.pcap,00:00:00:00:00:01,00:00:00:00:02:01,10.0.0.1,10.0.0.3,TCP,44850,5201,96
2026-06-07T08:59:13.192473+00:00,jellyfish,widest_path,switch_down,run_scenario_jellyfish_widest_path_switch_down_20260607_084642,h0,jellyfish/widest_path/switch_down/run_scenario_jellyfish_widest_path_switch_down_20260607_084642/h0.pcap,00:00:00:00:02:01,00:00:00:00:00:01,10.0.0.3,10.0.0.1,TCP,5201,44850,66
2026-06-07T08:59:13.197841+00:00,jellyfish,widest_path,switch_down,run_scenario_jellyfish_widest_path_switch_down_20260607_084642,h0,jellyfish/widest_path/switch_down/run_scenario_jellyfish_widest_path_switch_down_20260607_084642/h0.pcap,00:00:00:00:00:01,00:00:00:00:02:01,10.0.0.1,10.0.0.3,TCP,44850,5201,96
2026-06-07T08:59:13.197984+00:00,jellyfish,widest_path,switch_down,run_scenario_jellyfish_widest_path_switch_down_20260607_084642,h0,jellyfish/widest_path/switch_down/run_scenario_jellyfish_widest_path_switch_down_20260607_084642/h0.pcap,00:00:00:00:02:01,00:00:00:00:00:01,10.0.0.3,10.0.0.1,TCP,5201,44850,66
2026-06-07T08:59:13.203203+00:00,jellyfish,widest_path,switch_down,run_scenario_jellyfish_widest_path_switch_down_20260607_084642,h0,jellyfish/widest_path/switch_down/run_scenario_jellyfish_widest_path_switch_down_20260607_084642/h0.pcap,00:00:00:00:00:01,00:00:00:00:02:01,10.0.0.1,10.0.0.3,TCP,44850,5201,96
2026-06-07T08:59:13.203344+00:00,jellyfish,widest_path,switch_down,run_scenario_jellyfish_widest_path_switch_down_20260607_084642,h0,jellyfish/widest_path/switch_down/run_scenario_jellyfish_widest_path_switch_down_20260607_084642/h0.pcap,00:00:00:00:02:01,00:00:00:00:00:01,10.0.0.3,10.0.0.1,TCP,5201,44850,66
2026-06-07T08:59:13.208706+00:00,jellyfish,widest_path,switch_down,run_scenario_jellyfish_widest_path_switch_down_20260607_084642,h0,jellyfish/widest_path/switch_down/run_scenario_jellyfish_widest_path_switch_down_20260607_084642/h0.pcap,00:00:00:00:00:01,00:00:00:00:02:01,10.0.0.1,10.0.0.3,TCP,44850,5201,96
2026-06-07T08:59:13.208852+00:00,jellyfish,widest_path,switch_down,run_scenario_jellyfish_widest_path_switch_down_20260607_084642,h0,jellyfish/widest_path/switch_down/run_scenario_jellyfish_widest_path_switch_down_20260607_084642/h0.pcap,00:00:00:00:02:01,00:00:00:00:00:01,10.0.0.3,10.0.0.1,TCP,5201,44850,66
2026-06-07T08:59:13.214073+00:00,jellyfish,widest_path,switch_down,run_scenario_jellyfish_widest_path_switch_down_20260607_084642,h0,jellyfish/widest_path/switch_down/run_scenario_jellyfish_widest_path_switch_down_20260607_084642/h0.pcap,00:00:00:00:00:01,00:00:00:00:02:01,10.0.0.1,10.0.0.3,TCP,44850,5201,96
2026-06-07T08:59:13.214186+00:00,jellyfish,widest_path,switch_down,run_scenario_jellyfish_widest_path_switch_down_20260607_084642,h0,jellyfish/widest_path/switch_down/run_scenario_jellyfish_widest_path_switch_down_20260607_084642/h0.pcap,00:00:00:00:02:01,00:00:00:00:00:01,10.0.0.3,10.0.0.1,TCP,5201,44850,66
2026-06-07T08:59:13.219572+00:00,jellyfish,widest_path,switch_down,run_scenario_jellyfish_widest_path_switch_down_20260607_084642,h0,jellyfish/widest_path/switch_down/run_scenario_jellyfish_widest_path_switch_down_20260607_084642/h0.pcap,00:00:00:00:00:01,00:00:00:00:02:01,10.0.0.1,10.0.0.3,TCP,44850,5201,96
2026-06-07T08:59:13.219732+00:00,jellyfish,widest_path,switch_down,run_scenario_jellyfish_widest_path_switch_down_20260607_084642,h0,jellyfish/widest_path/switch_down/run_scenario_jellyfish_widest_path_switch_down_20260607_084642/h0.pcap,00:00:00:00:02:01,00:00:00:00:00:01,10.0.0.3,10.0.0.1,TCP,5201,44850,66
2026-06-07T08:59:13.225016+00:00,jellyfish,widest_path,switch_down,run_scenario_jellyfish_widest_path_switch_down_20260607_084642,h0,jellyfish/widest_path/switch_down/run_scenario_jellyfish_widest_path_switch_down_20260607_084642/h0.pcap,00:00:00:00:00:01,00:00:00:00:02:01,10.0.0.1,10.0.0.3,TCP,44850,5201,96
2026-06-07T08:59:13.225167+00:00,jellyfish,widest_path,switch_down,run_scenario_jellyfish_widest_path_switch_down_20260607_084642,h0,jellyfish/widest_path/switch_down/run_scenario_jellyfish_widest_path_switch_down_20260607_084642/h0.pcap,00:00:00:00:02:01,00:00:00:00:00:01,10.0.0.3,10.0.0.1,TCP,5201,44850,66
2026-06-07T08:59:13.230446+00:00,jellyfish,widest_path,switch_down,run_scenario_jellyfish_widest_path_switch_down_20260607_084642,h0,jellyfish/widest_path/switch_down/run_scenario_jellyfish_widest_path_switch_down_20260607_084642/h0.pcap,00:00:00:00:00:01,00:00:00:00:02:01,10.0.0.1,10.0.0.3,TCP,44850,5201,96
2026-06-07T08:59:13.230598+00:00,jellyfish,widest_path,switch_down,run_scenario_jellyfish_widest_path_switch_down_20260607_084642,h0,jellyfish/widest_path/switch_down/run_scenario_jellyfish_widest_path_switch_down_20260607_084642/h0.pcap,00:00:00:00:02:01,00:00:00:00:00:01,10.0.0.3,10.0.0.1,TCP,5201,44850,66
2026-06-07T08:59:13.235887+00:00,jellyfish,widest_path,switch_down,run_scenario_jellyfish_widest_path_switch_down_20260607_084642,h0,jellyfish/widest_path/switch_down/run_scenario_jellyfish_widest_path_switch_down_20260607_084642/h0.pcap,00:00:00:00:00:01,00:00:00:00:02:01,10.0.0.1,10.0.0.3,TCP,44850,5201,96
2026-06-07T08:59:13.236027+00:00,jellyfish,widest_path,switch_down,run_scenario_jellyfish_widest_path_switch_down_20260607_084642,h0,jellyfish/widest_path/switch_down/run_scenario_jellyfish_widest_path_switch_down_20260607_084642/h0.pcap,00:00:00:00:02:01,00:00:00:00:00:01,10.0.0.3,10.0.0.1,TCP,5201,44850,66
2026-06-07T08:59:13.241368+00:00,jellyfish,widest_path,switch_down,run_scenario_jellyfish_widest_path_switch_down_20260607_084642,h0,jellyfish/widest_path/switch_down/run_scenario_jellyfish_widest_path_switch_down_20260607_084642/h0.pcap,00:00:00:00:00:01,00:00:00:00:02:01,10.0.0.1,10.0.0.3,TCP,44850,5201,96
2026-06-07T08:59:13.241502+00:00,jellyfish,widest_path,switch_down,run_scenario_jellyfish_widest_path_switch_down_20260607_084642,h0,jellyfish/widest_path/switch_down/run_scenario_jellyfish_widest_path_switch_down_20260607_084642/h0.pcap,00:00:00:00:02:01,00:00:00:00:00:01,10.0.0.3,10.0.0.1,TCP,5201,44850,66
2026-06-07T08:59:13.247061+00:00,jellyfish,widest_path,switch_down,run_scenario_jellyfish_widest_path_switch_down_20260607_084642,h0,jellyfish/widest_path/switch_down/run_scenario_jellyfish_widest_path_switch_down_20260607_084642/h0.pcap,00:00:00:00:00:01,00:00:00:00:02:01,10.0.0.1,10.0.0.3,TCP,44850,5201,96
2026-06-07T08:59:13.247262+00:00,jellyfish,widest_path,switch_down,run_scenario_jellyfish_widest_path_switch_down_20260607_084642,h0,jellyfish/widest_path/switch_down/run_scenario_jellyfish_widest_path_switch_down_20260607_084642/h0.pcap,00:00:00:00:02:01,00:00:00:00:00:01,10.0.0.3,10.0.0.1,TCP,5201,44850,66
2026-06-07T08:59:13.252608+00:00,jellyfish,widest_path,switch_down,run_scenario_jellyfish_widest_path_switch_down_20260607_084642,h0,jellyfish/widest_path/switch_down/run_scenario_jellyfish_widest_path_switch_down_20260607_084642/h0.pcap,00:00:00:00:00:01,00:00:00:00:02:01,10.0.0.1,10.0.0.3,TCP,44850,5201,96
2026-06-07T08:59:13.252767+00:00,jellyfish,widest_path,switch_down,run_scenario_jellyfish_widest_path_switch_down_20260607_084642,h0,jellyfish/widest_path/switch_down/run_scenario_jellyfish_widest_path_switch_down_20260607_084642/h0.pcap,00:00:00:00:02:01,00:00:00:00:00:01,10.0.0.3,10.0.0.1,TCP,5201,44850,66
2026-06-07T08:59:13.257982+00:00,jellyfish,widest_path,switch_down,run_scenario_jellyfish_widest_path_switch_down_20260607_084642,h0,jellyfish/widest_path/switch_down/run_scenario_jellyfish_widest_path_switch_down_20260607_084642/h0.pcap,00:00:00:00:00:01,00:00:00:00:02:01,10.0.0.1,10.0.0.3,TCP,44850,5201,96
2026-06-07T08:59:13.258144+00:00,jellyfish,widest_path,switch_down,run_scenario_jellyfish_widest_path_switch_down_20260607_084642,h0,jellyfish/widest_path/switch_down/run_scenario_jellyfish_widest_path_switch_down_20260607_084642/h0.pcap,00:00:00:00:02:01,00:00:00:00:00:01,10.0.0.3,10.0.0.1,TCP,5201,44850,66
2026-06-07T08:59:13.263414+00:00,jellyfish,widest_path,switch_down,run_scenario_jellyfish_widest_path_switch_down_20260607_084642,h0,jellyfish/widest_path/switch_down/run_scenario_jellyfish_widest_path_switch_down_20260607_084642/h0.pcap,00:00:00:00:00:01,00:00:00:00:02:01,10.0.0.1,10.0.0.3,TCP,44850,5201,96
2026-06-07T08:59:13.263600+00:00,jellyfish,widest_path,switch_down,run_scenario_jellyfish_widest_path_switch_down_20260607_084642,h0,jellyfish/widest_path/switch_down/run_scenario_jellyfish_widest_path_switch_down_20260607_084642/h0.pcap,00:00:00:00:02:01,00:00:00:00:00:01,10.0.0.3,10.0.0.1,TCP,5201,44850,66
2026-06-07T08:59:13.269360+00:00,jellyfish,widest_path,switch_down,run_scenario_jellyfish_widest_path_switch_down_20260607_084642,h0,jellyfish/widest_path/switch_down/run_scenario_jellyfish_widest_path_switch_down_20260607_084642/h0.pcap,00:00:00:00:00:01,00:00:00:00:02:01,10.0.0.1,10.0.0.3,TCP,44850,5201,96
2026-06-07T08:59:13.269506+00:00,jellyfish,widest_path,switch_down,run_scenario_jellyfish_widest_path_switch_down_20260607_084642,h0,jellyfish/widest_path/switch_down/run_scenario_jellyfish_widest_path_switch_down_20260607_084642/h0.pcap,00:00:00:00:02:01,00:00:00:00:00:01,10.0.0.3,10.0.0.1,TCP,5201,44850,66
2026-06-07T08:59:13.274710+00:00,jellyfish,widest_path,switch_down,run_scenario_jellyfish_widest_path_switch_down_20260607_084642,h0,jellyfish/widest_path/switch_down/run_scenario_jellyfish_widest_path_switch_down_20260607_084642/h0.pcap,00:00:00:00:00:01,00:00:00:00:02:01,10.0.0.1,10.0.0.3,TCP,44850,5201,96
2026-06-07T08:59:13.274864+00:00,jellyfish,widest_path,switch_down,run_scenario_jellyfish_widest_path_switch_down_20260607_084642,h0,jellyfish/widest_path/switch_down/run_scenario_jellyfish_widest_path_switch_down_20260607_084642/h0.pcap,00:00:00:00:02:01,00:00:00:00:00:01,10.0.0.3,10.0.0.1,TCP,5201,44850,66
2026-06-07T08:59:13.280186+00:00,jellyfish,widest_path,switch_down,run_scenario_jellyfish_widest_path_switch_down_20260607_084642,h0,jellyfish/widest_path/switch_down/run_scenario_jellyfish_widest_path_switch_down_20260607_084642/h0.pcap,00:00:00:00:00:01,00:00:00:00:02:01,10.0.0.1,10.0.0.3,TCP,44850,5201,96
2026-06-07T08:59:13.280331+00:00,jellyfish,widest_path,switch_down,run_scenario_jellyfish_widest_path_switch_down_20260607_084642,h0,jellyfish/widest_path/switch_down/run_scenario_jellyfish_widest_path_switch_down_20260607_084642/h0.pcap,00:00:00:00:02:01,00:00:00:00:00:01,10.0.0.3,10.0.0.1,TCP,5201,44850,66
2026-06-07T08:59:13.285635+00:00,jellyfish,widest_path,switch_down,run_scenario_jellyfish_widest_path_switch_down_20260607_084642,h0,jellyfish/widest_path/switch_down/run_scenario_jellyfish_widest_path_switch_down_20260607_084642/h0.pcap,00:00:00:00:00:01,00:00:00:00:02:01,10.0.0.1,10.0.0.3,TCP,44850,5201,96
2026-06-07T08:59:13.285777+00:00,jellyfish,widest_path,switch_down,run_scenario_jellyfish_widest_path_switch_down_20260607_084642,h0,jellyfish/widest_path/switch_down/run_scenario_jellyfish_widest_path_switch_down_20260607_084642/h0.pcap,00:00:00:00:02:01,00:00:00:00:00:01,10.0.0.3,10.0.0.1,TCP,5201,44850,66
2026-06-07T08:59:13.291082+00:00,jellyfish,widest_path,switch_down,run_scenario_jellyfish_widest_path_switch_down_20260607_084642,h0,jellyfish/widest_path/switch_down/run_scenario_jellyfish_widest_path_switch_down_20260607_084642/h0.pcap,00:00:00:00:00:01,00:00:00:00:02:01,10.0.0.1,10.0.0.3,TCP,44850,5201,96
2026-06-07T08:59:13.291259+00:00,jellyfish,widest_path,switch_down,run_scenario_jellyfish_widest_path_switch_down_20260607_084642,h0,jellyfish/widest_path/switch_down/run_scenario_jellyfish_widest_path_switch_down_20260607_084642/h0.pcap,00:00:00:00:02:01,00:00:00:00:00:01,10.0.0.3,10.0.0.1,TCP,5201,44850,66
2026-06-07T08:59:13.296518+00:00,jellyfish,widest_path,switch_down,run_scenario_jellyfish_widest_path_switch_down_20260607_084642,h0,jellyfish/widest_path/switch_down/run_scenario_jellyfish_widest_path_switch_down_20260607_084642/h0.pcap,00:00:00:00:00:01,00:00:00:00:02:01,10.0.0.1,10.0.0.3,TCP,44850,5201,96
2026-06-07T08:59:13.296656+00:00,jellyfish,widest_path,switch_down,run_scenario_jellyfish_widest_path_switch_down_20260607_084642,h0,jellyfish/widest_path/switch_down/run_scenario_jellyfish_widest_path_switch_down_20260607_084642/h0.pcap,00:00:00:00:02:01,00:00:00:00:00:01,10.0.0.3,10.0.0.1,TCP,5201,44850,66
2026-06-07T08:59:13.301938+00:00,jellyfish,widest_path,switch_down,run_scenario_jellyfish_widest_path_switch_down_20260607_084642,h0,jellyfish/widest_path/switch_down/run_scenario_jellyfish_widest_path_switch_down_20260607_084642/h0.pcap,00:00:00:00:00:01,00:00:00:00:02:01,10.0.0.1,10.0.0.3,TCP,44850,5201,96
2026-06-07T08:59:13.302068+00:00,jellyfish,widest_path,switch_down,run_scenario_jellyfish_widest_path_switch_down_20260607_084642,h0,jellyfish/widest_path/switch_down/run_scenario_jellyfish_widest_path_switch_down_20260607_084642/h0.pcap,00:00:00:00:02:01,00:00:00:00:00:01,10.0.0.3,10.0.0.1,TCP,5201,44850,66
2026-06-07T08:59:13.307389+00:00,jellyfish,widest_path,switch_down,run_scenario_jellyfish_widest_path_switch_down_20260607_084642,h0,jellyfish/widest_path/switch_down/run_scenario_jellyfish_widest_path_switch_down_20260607_084642/h0.pcap,00:00:00:00:00:01,00:00:00:00:02:01,10.0.0.1,10.0.0.3,TCP,44850,5201,96
2026-06-07T08:59:13.307525+00:00,jellyfish,widest_path,switch_down,run_scenario_jellyfish_widest_path_switch_down_20260607_084642,h0,jellyfish/widest_path/switch_down/run_scenario_jellyfish_widest_path_switch_down_20260607_084642/h0.pcap,00:00:00:00:02:01,00:00:00:00:00:01,10.0.0.3,10.0.0.1,TCP,5201,44850,66
2026-06-07T08:59:13.312928+00:00,jellyfish,widest_path,switch_down,run_scenario_jellyfish_widest_path_switch_down_20260607_084642,h0,jellyfish/widest_path/switch_down/run_scenario_jellyfish_widest_path_switch_down_20260607_084642/h0.pcap,00:00:00:00:00:01,00:00:00:00:02:01,10.0.0.1,10.0.0.3,TCP,44850,5201,96
2026-06-07T08:59:13.313110+00:00,jellyfish,widest_path,switch_down,run_scenario_jellyfish_widest_path_switch_down_20260607_084642,h0,jellyfish/widest_path/switch_down/run_scenario_jellyfish_widest_path_switch_down_20260607_084642/h0.pcap,00:00:00:00:02:01,00:00:00:00:00:01,10.0.0.3,10.0.0.1,TCP,5201,44850,66
2026-06-07T08:59:13.318304+00:00,jellyfish,widest_path,switch_down,run_scenario_jellyfish_widest_path_switch_down_20260607_084642,h0,jellyfish/widest_path/switch_down/run_scenario_jellyfish_widest_path_switch_down_20260607_084642/h0.pcap,00:00:00:00:00:01,00:00:00:00:02:01,10.0.0.1,10.0.0.3,TCP,44850,5201,96
2026-06-07T08:59:13.318448+00:00,jellyfish,widest_path,switch_down,run_scenario_jellyfish_widest_path_switch_down_20260607_084642,h0,jellyfish/widest_path/switch_down/run_scenario_jellyfish_widest_path_switch_down_20260607_084642/h0.pcap,00:00:00:00:02:01,00:00:00:00:00:01,10.0.0.3,10.0.0.1,TCP,5201,44850,66
2026-06-07T08:59:13.323765+00:00,jellyfish,widest_path,switch_down,run_scenario_jellyfish_widest_path_switch_down_20260607_084642,h0,jellyfish/widest_path/switch_down/run_scenario_jellyfish_widest_path_switch_down_20260607_084642/h0.pcap,00:00:00:00:00:01,00:00:00:00:02:01,10.0.0.1,10.0.0.3,TCP,44850,5201,96
2026-06-07T08:59:13.323960+00:00,jellyfish,widest_path,switch_down,run_scenario_jellyfish_widest_path_switch_down_20260607_084642,h0,jellyfish/widest_path/switch_down/run_scenario_jellyfish_widest_path_switch_down_20260607_084642/h0.pcap,00:00:00:00:02:01,00:00:00:00:00:01,10.0.0.3,10.0.0.1,TCP,5201,44850,66
2026-06-07T08:59:13.329207+00:00,jellyfish,widest_path,switch_down,run_scenario_jellyfish_widest_path_switch_down_20260607_084642,h0,jellyfish/widest_path/switch_down/run_scenario_jellyfish_widest_path_switch_down_20260607_084642/h0.pcap,00:00:00:00:00:01,00:00:00:00:02:01,10.0.0.1,10.0.0.3,TCP,44850,5201,96
2026-06-07T08:59:13.329376+00:00,jellyfish,widest_path,switch_down,run_scenario_jellyfish_widest_path_switch_down_20260607_084642,h0,jellyfish/widest_path/switch_down/run_scenario_jellyfish_widest_path_switch_down_20260607_084642/h0.pcap,00:00:00:00:02:01,00:00:00:00:00:01,10.0.0.3,10.0.0.1,TCP,5201,44850,66
2026-06-07T08:59:13.334683+00:00,jellyfish,widest_path,switch_down,run_scenario_jellyfish_widest_path_switch_down_20260607_084642,h0,jellyfish/widest_path/switch_down/run_scenario_jellyfish_widest_path_switch_down_20260607_084642/h0.pcap,00:00:00:00:00:01,00:00:00:00:02:01,10.0.0.1,10.0.0.3,TCP,44850,5201,96
2026-06-07T08:59:13.334837+00:00,jellyfish,widest_path,switch_down,run_scenario_jellyfish_widest_path_switch_down_20260607_084642,h0,jellyfish/widest_path/switch_down/run_scenario_jellyfish_widest_path_switch_down_20260607_084642/h0.pcap,00:00:00:00:02:01,00:00:00:00:00:01,10.0.0.3,10.0.0.1,TCP,5201,44850,66
2026-06-07T08:59:13.340118+00:00,jellyfish,widest_path,switch_down,run_scenario_jellyfish_widest_path_switch_down_20260607_084642,h0,jellyfish/widest_path/switch_down/run_scenario_jellyfish_widest_path_switch_down_20260607_084642/h0.pcap,00:00:00:00:00:01,00:00:00:00:02:01,10.0.0.1,10.0.0.3,TCP,44850,5201,96
2026-06-07T08:59:13.340268+00:00,jellyfish,widest_path,switch_down,run_scenario_jellyfish_widest_path_switch_down_20260607_084642,h0,jellyfish/widest_path/switch_down/run_scenario_jellyfish_widest_path_switch_down_20260607_084642/h0.pcap,00:00:00:00:02:01,00:00:00:00:00:01,10.0.0.3,10.0.0.1,TCP,5201,44850,66
2026-06-07T08:59:13.345574+00:00,jellyfish,widest_path,switch_down,run_scenario_jellyfish_widest_path_switch_down_20260607_084642,h0,jellyfish/widest_path/switch_down/run_scenario_jellyfish_widest_path_switch_down_20260607_084642/h0.pcap,00:00:00:00:00:01,00:00:00:00:02:01,10.0.0.1,10.0.0.3,TCP,44850,5201,96
2026-06-07T08:59:13.345711+00:00,jellyfish,widest_path,switch_down,run_scenario_jellyfish_widest_path_switch_down_20260607_084642,h0,jellyfish/widest_path/switch_down/run_scenario_jellyfish_widest_path_switch_down_20260607_084642/h0.pcap,00:00:00:00:02:01,00:00:00:00:00:01,10.0.0.3,10.0.0.1,TCP,5201,44850,66
2026-06-07T08:59:13.351031+00:00,jellyfish,widest_path,switch_down,run_scenario_jellyfish_widest_path_switch_down_20260607_084642,h0,jellyfish/widest_path/switch_down/run_scenario_jellyfish_widest_path_switch_down_20260607_084642/h0.pcap,00:00:00:00:00:01,00:00:00:00:02:01,10.0.0.1,10.0.0.3,TCP,44850,5201,96
2026-06-07T08:59:13.351279+00:00,jellyfish,widest_path,switch_down,run_scenario_jellyfish_widest_path_switch_down_20260607_084642,h0,jellyfish/widest_path/switch_down/run_scenario_jellyfish_widest_path_switch_down_20260607_084642/h0.pcap,00:00:00:00:02:01,00:00:00:00:00:01,10.0.0.3,10.0.0.1,TCP,5201,44850,66
2026-06-07T08:59:13.356464+00:00,jellyfish,widest_path,switch_down,run_scenario_jellyfish_widest_path_switch_down_20260607_084642,h0,jellyfish/widest_path/switch_down/run_scenario_jellyfish_widest_path_switch_down_20260607_084642/h0.pcap,00:00:00:00:00:01,00:00:00:00:02:01,10.0.0.1,10.0.0.3,TCP,44850,5201,96
2026-06-07T08:59:13.356602+00:00,jellyfish,widest_path,switch_down,run_scenario_jellyfish_widest_path_switch_down_20260607_084642,h0,jellyfish/widest_path/switch_down/run_scenario_jellyfish_widest_path_switch_down_20260607_084642/h0.pcap,00:00:00:00:02:01,00:00:00:00:00:01,10.0.0.3,10.0.0.1,TCP,5201,44850,66
2026-06-07T08:59:13.361911+00:00,jellyfish,widest_path,switch_down,run_scenario_jellyfish_widest_path_switch_down_20260607_084642,h0,jellyfish/widest_path/switch_down/run_scenario_jellyfish_widest_path_switch_down_20260607_084642/h0.pcap,00:00:00:00:00:01,00:00:00:00:02:01,10.0.0.1,10.0.0.3,TCP,44850,5201,96
2026-06-07T08:59:13.362049+00:00,jellyfish,widest_path,switch_down,run_scenario_jellyfish_widest_path_switch_down_20260607_084642,h0,jellyfish/widest_path/switch_down/run_scenario_jellyfish_widest_path_switch_down_20260607_084642/h0.pcap,00:00:00:00:02:01,00:00:00:00:00:01,10.0.0.3,10.0.0.1,TCP,5201,44850,66
2026-06-07T08:59:13.367349+00:00,jellyfish,widest_path,switch_down,run_scenario_jellyfish_widest_path_switch_down_20260607_084642,h0,jellyfish/widest_path/switch_down/run_scenario_jellyfish_widest_path_switch_down_20260607_084642/h0.pcap,00:00:00:00:00:01,00:00:00:00:02:01,10.0.0.1,10.0.0.3,TCP,44850,5201,96
2026-06-07T08:59:13.367468+00:00,jellyfish,widest_path,switch_down,run_scenario_jellyfish_widest_path_switch_down_20260607_084642,h0,jellyfish/widest_path/switch_down/run_scenario_jellyfish_widest_path_switch_down_20260607_084642/h0.pcap,00:00:00:00:02:01,00:00:00:00:00:01,10.0.0.3,10.0.0.1,TCP,5201,44850,66
2026-06-07T08:59:13.372800+00:00,jellyfish,widest_path,switch_down,run_scenario_jellyfish_widest_path_switch_down_20260607_084642,h0,jellyfish/widest_path/switch_down/run_scenario_jellyfish_widest_path_switch_down_20260607_084642/h0.pcap,00:00:00:00:00:01,00:00:00:00:02:01,10.0.0.1,10.0.0.3,TCP,44850,5201,96
2026-06-07T08:59:13.372909+00:00,jellyfish,widest_path,switch_down,run_scenario_jellyfish_widest_path_switch_down_20260607_084642,h0,jellyfish/widest_path/switch_down/run_scenario_jellyfish_widest_path_switch_down_20260607_084642/h0.pcap,00:00:00:00:02:01,00:00:00:00:00:01,10.0.0.3,10.0.0.1,TCP,5201,44850,66
2026-06-07T08:59:13.378247+00:00,jellyfish,widest_path,switch_down,run_scenario_jellyfish_widest_path_switch_down_20260607_084642,h0,jellyfish/widest_path/switch_down/run_scenario_jellyfish_widest_path_switch_down_20260607_084642/h0.pcap,00:00:00:00:00:01,00:00:00:00:02:01,10.0.0.1,10.0.0.3,TCP,44850,5201,96
2026-06-07T08:59:13.378489+00:00,jellyfish,widest_path,switch_down,run_scenario_jellyfish_widest_path_switch_down_20260607_084642,h0,jellyfish/widest_path/switch_down/run_scenario_jellyfish_widest_path_switch_down_20260607_084642/h0.pcap,00:00:00:00:02:01,00:00:00:00:00:01,10.0.0.3,10.0.0.1,TCP,5201,44850,66
2026-06-07T08:59:13.383713+00:00,jellyfish,widest_path,switch_down,run_scenario_jellyfish_widest_path_switch_down_20260607_084642,h0,jellyfish/widest_path/switch_down/run_scenario_jellyfish_widest_path_switch_down_20260607_084642/h0.pcap,00:00:00:00:00:01,00:00:00:00:02:01,10.0.0.1,10.0.0.3,TCP,44850,5201,96
2026-06-07T08:59:13.383877+00:00,jellyfish,widest_path,switch_down,run_scenario_jellyfish_widest_path_switch_down_20260607_084642,h0,jellyfish/widest_path/switch_down/run_scenario_jellyfish_widest_path_switch_down_20260607_084642/h0.pcap,00:00:00:00:02:01,00:00:00:00:00:01,10.0.0.3,10.0.0.1,TCP,5201,44850,66
2026-06-07T08:59:13.389144+00:00,jellyfish,widest_path,switch_down,run_scenario_jellyfish_widest_path_switch_down_20260607_084642,h0,jellyfish/widest_path/switch_down/run_scenario_jellyfish_widest_path_switch_down_20260607_084642/h0.pcap,00:00:00:00:00:01,00:00:00:00:02:01,10.0.0.1,10.0.0.3,TCP,44850,5201,96
2026-06-07T08:59:13.389272+00:00,jellyfish,widest_path,switch_down,run_scenario_jellyfish_widest_path_switch_down_20260607_084642,h0,jellyfish/widest_path/switch_down/run_scenario_jellyfish_widest_path_switch_down_20260607_084642/h0.pcap,00:00:00:00:02:01,00:00:00:00:00:01,10.0.0.3,10.0.0.1,TCP,5201,44850,66
2026-06-07T08:59:13.394623+00:00,jellyfish,widest_path,switch_down,run_scenario_jellyfish_widest_path_switch_down_20260607_084642,h0,jellyfish/widest_path/switch_down/run_scenario_jellyfish_widest_path_switch_down_20260607_084642/h0.pcap,00:00:00:00:00:01,00:00:00:00:02:01,10.0.0.1,10.0.0.3,TCP,44850,5201,96
2026-06-07T08:59:13.394761+00:00,jellyfish,widest_path,switch_down,run_scenario_jellyfish_widest_path_switch_down_20260607_084642,h0,jellyfish/widest_path/switch_down/run_scenario_jellyfish_widest_path_switch_down_20260607_084642/h0.pcap,00:00:00:00:02:01,00:00:00:00:00:01,10.0.0.3,10.0.0.1,TCP,5201,44850,66
