timestamp,topology,algorithm,scenario,run_id,host,pcap_file,src_mac,dst_mac,src_ip,dst_ip,proto,src_port,dst_port,length
2026-06-07T08:46:48.656973+00:00,jellyfish,widest_path,switch_down,run_scenario_jellyfish_widest_path_switch_down_20260607_084642,h3,jellyfish/widest_path/switch_down/run_scenario_jellyfish_widest_path_switch_down_20260607_084642/h3.pcap,a6:16:c4:c2:e2:e4,01:80:c2:00:00:0e,,,,,,60
2026-06-07T08:46:50.690761+00:00,jellyfish,widest_path,switch_down,run_scenario_jellyfish_widest_path_switch_down_20260607_084642,h3,jellyfish/widest_path/switch_down/run_scenario_jellyfish_widest_path_switch_down_20260607_084642/h3.pcap,a6:16:c4:c2:e2:e4,01:80:c2:00:00:0e,,,,,,60
2026-06-07T08:46:52.726681+00:00,jellyfish,widest_path,switch_down,run_scenario_jellyfish_widest_path_switch_down_20260607_084642,h3,jellyfish/widest_path/switch_down/run_scenario_jellyfish_widest_path_switch_down_20260607_084642/h3.pcap,a6:16:c4:c2:e2:e4,01:80:c2:00:00:0e,,,,,,60
2026-06-07T08:46:54.765635+00:00,jellyfish,widest_path,switch_down,run_scenario_jellyfish_widest_path_switch_down_20260607_084642,h3,jellyfish/widest_path/switch_down/run_scenario_jellyfish_widest_path_switch_down_20260607_084642/h3.pcap,a6:16:c4:c2:e2:e4,01:80:c2:00:00:0e,,,,,,60
2026-06-07T08:46:56.802737+00:00,jellyfish,widest_path,switch_down,run_scenario_jellyfish_widest_path_switch_down_20260607_084642,h3,jellyfish/widest_path/switch_down/run_scenario_jellyfish_widest_path_switch_down_20260607_084642/h3.pcap,a6:16:c4:c2:e2:e4,01:80:c2:00:00:0e,,,,,,60
2026-06-07T08:46:58.836859+00:00,jellyfish,widest_path,switch_down,run_scenario_jellyfish_widest_path_switch_down_20260607_084642,h3,jellyfish/widest_path/switch_down/run_scenario_jellyfish_widest_path_switch_down_20260607_084642/h3.pcap,a6:16:c4:c2:e2:e4,01:80:c2:00:00:0e,,,,,,60
2026-06-07T08:47:00.875513+00:00,jellyfish,widest_path,switch_down,run_scenario_jellyfish_widest_path_switch_down_20260607_084642,h3,jellyfish/widest_path/switch_down/run_scenario_jellyfish_widest_path_switch_down_20260607_084642/h3.pcap,a6:16:c4:c2:e2:e4,01:80:c2:00:00:0e,,,,,,60
2026-06-07T08:47:02.911775+00:00,jellyfish,widest_path,switch_down,run_scenario_jellyfish_widest_path_switch_down_20260607_084642,h3,jellyfish/widest_path/switch_down/run_scenario_jellyfish_widest_path_switch_down_20260607_084642/h3.pcap,a6:16:c4:c2:e2:e4,01:80:c2:00:00:0e,,,,,,60
2026-06-07T08:47:04.217930+00:00,jellyfish,widest_path,switch_down,run_scenario_jellyfish_widest_path_switch_down_20260607_084642,h3,jellyfish/widest_path/switch_down/run_scenario_jellyfish_widest_path_switch_down_20260607_084642/h3.pcap,a6:16:c4:c2:e2:e4,01:80:c2:00:00:0e,,,,,,60
2026-06-07T08:47:09.707365+00:00,jellyfish,widest_path,switch_down,run_scenario_jellyfish_widest_path_switch_down_20260607_084642,h3,jellyfish/widest_path/switch_down/run_scenario_jellyfish_widest_path_switch_down_20260607_084642/h3.pcap,a6:16:c4:c2:e2:e4,01:80:c2:00:00:0e,,,,,,60
2026-06-07T08:47:11.742291+00:00,jellyfish,widest_path,switch_down,run_scenario_jellyfish_widest_path_switch_down_20260607_084642,h3,jellyfish/widest_path/switch_down/run_scenario_jellyfish_widest_path_switch_down_20260607_084642/h3.pcap,a6:16:c4:c2:e2:e4,01:80:c2:00:00:0e,,,,,,60
2026-06-07T08:47:13.784751+00:00,jellyfish,widest_path,switch_down,run_scenario_jellyfish_widest_path_switch_down_20260607_084642,h3,jellyfish/widest_path/switch_down/run_scenario_jellyfish_widest_path_switch_down_20260607_084642/h3.pcap,a6:16:c4:c2:e2:e4,01:80:c2:00:00:0e,,,,,,60
2026-06-07T08:47:15.823811+00:00,jellyfish,widest_path,switch_down,run_scenario_jellyfish_widest_path_switch_down_20260607_084642,h3,jellyfish/widest_path/switch_down/run_scenario_jellyfish_widest_path_switch_down_20260607_084642/h3.pcap,a6:16:c4:c2:e2:e4,01:80:c2:00:00:0e,,,,,,60
2026-06-07T08:47:17.862066+00:00,jellyfish,widest_path,switch_down,run_scenario_jellyfish_widest_path_switch_down_20260607_084642,h3,jellyfish/widest_path/switch_down/run_scenario_jellyfish_widest_path_switch_down_20260607_084642/h3.pcap,a6:16:c4:c2:e2:e4,01:80:c2:00:00:0e,,,,,,60
2026-06-07T08:47:19.896590+00:00,jellyfish,widest_path,switch_down,run_scenario_jellyfish_widest_path_switch_down_20260607_084642,h3,jellyfish/widest_path/switch_down/run_scenario_jellyfish_widest_path_switch_down_20260607_084642/h3.pcap,a6:16:c4:c2:e2:e4,01:80:c2:00:00:0e,,,,,,60
2026-06-07T08:47:21.929822+00:00,jellyfish,widest_path,switch_down,run_scenario_jellyfish_widest_path_switch_down_20260607_084642,h3,jellyfish/widest_path/switch_down/run_scenario_jellyfish_widest_path_switch_down_20260607_084642/h3.pcap,a6:16:c4:c2:e2:e4,01:80:c2:00:00:0e,,,,,,60
2026-06-07T08:47:23.966174+00:00,jellyfish,widest_path,switch_down,run_scenario_jellyfish_widest_path_switch_down_20260607_084642,h3,jellyfish/widest_path/switch_down/run_scenario_jellyfish_widest_path_switch_down_20260607_084642/h3.pcap,a6:16:c4:c2:e2:e4,01:80:c2:00:00:0e,,,,,,60
2026-06-07T08:47:25.998982+00:00,jellyfish,widest_path,switch_down,run_scenario_jellyfish_widest_path_switch_down_20260607_084642,h3,jellyfish/widest_path/switch_down/run_scenario_jellyfish_widest_path_switch_down_20260607_084642/h3.pcap,a6:16:c4:c2:e2:e4,01:80:c2:00:00:0e,,,,,,60
2026-06-07T08:47:28.032504+00:00,jellyfish,widest_path,switch_down,run_scenario_jellyfish_widest_path_switch_down_20260607_084642,h3,jellyfish/widest_path/switch_down/run_scenario_jellyfish_widest_path_switch_down_20260607_084642/h3.pcap,a6:16:c4:c2:e2:e4,01:80:c2:00:00:0e,,,,,,60
2026-06-07T08:47:30.072117+00:00,jellyfish,widest_path,switch_down,run_scenario_jellyfish_widest_path_switch_down_20260607_084642,h3,jellyfish/widest_path/switch_down/run_scenario_jellyfish_widest_path_switch_down_20260607_084642/h3.pcap,a6:16:c4:c2:e2:e4,01:80:c2:00:00:0e,,,,,,60
2026-06-07T08:47:32.111520+00:00,jellyfish,widest_path,switch_down,run_scenario_jellyfish_widest_path_switch_down_20260607_084642,h3,jellyfish/widest_path/switch_down/run_scenario_jellyfish_widest_path_switch_down_20260607_084642/h3.pcap,a6:16:c4:c2:e2:e4,01:80:c2:00:00:0e,,,,,,60
2026-06-07T08:47:34.149814+00:00,jellyfish,widest_path,switch_down,run_scenario_jellyfish_widest_path_switch_down_20260607_084642,h3,jellyfish/widest_path/switch_down/run_scenario_jellyfish_widest_path_switch_down_20260607_084642/h3.pcap,a6:16:c4:c2:e2:e4,01:80:c2:00:00:0e,,,,,,60
2026-06-07T08:47:36.188767+00:00,jellyfish,widest_path,switch_down,run_scenario_jellyfish_widest_path_switch_down_20260607_084642,h3,jellyfish/widest_path/switch_down/run_scenario_jellyfish_widest_path_switch_down_20260607_084642/h3.pcap,a6:16:c4:c2:e2:e4,01:80:c2:00:00:0e,,,,,,60
2026-06-07T08:47:40.956742+00:00,jellyfish,widest_path,switch_down,run_scenario_jellyfish_widest_path_switch_down_20260607_084642,h3,jellyfish/widest_path/switch_down/run_scenario_jellyfish_widest_path_switch_down_20260607_084642/h3.pcap,a6:16:c4:c2:e2:e4,01:80:c2:00:00:0e,,,,,,60
2026-06-07T08:47:42.989455+00:00,jellyfish,widest_path,switch_down,run_scenario_jellyfish_widest_path_switch_down_20260607_084642,h3,jellyfish/widest_path/switch_down/run_scenario_jellyfish_widest_path_switch_down_20260607_084642/h3.pcap,a6:16:c4:c2:e2:e4,01:80:c2:00:00:0e,,,,,,60
2026-06-07T08:47:45.020813+00:00,jellyfish,widest_path,switch_down,run_scenario_jellyfish_widest_path_switch_down_20260607_084642,h3,jellyfish/widest_path/switch_down/run_scenario_jellyfish_widest_path_switch_down_20260607_084642/h3.pcap,a6:16:c4:c2:e2:e4,01:80:c2:00:00:0e,,,,,,60
2026-06-07T08:47:47.056501+00:00,jellyfish,widest_path,switch_down,run_scenario_jellyfish_widest_path_switch_down_20260607_084642,h3,jellyfish/widest_path/switch_down/run_scenario_jellyfish_widest_path_switch_down_20260607_084642/h3.pcap,a6:16:c4:c2:e2:e4,01:80:c2:00:00:0e,,,,,,60
2026-06-07T08:47:49.090863+00:00,jellyfish,widest_path,switch_down,run_scenario_jellyfish_widest_path_switch_down_20260607_084642,h3,jellyfish/widest_path/switch_down/run_scenario_jellyfish_widest_path_switch_down_20260607_084642/h3.pcap,a6:16:c4:c2:e2:e4,01:80:c2:00:00:0e,,,,,,60
2026-06-07T08:47:51.120586+00:00,jellyfish,widest_path,switch_down,run_scenario_jellyfish_widest_path_switch_down_20260607_084642,h3,jellyfish/widest_path/switch_down/run_scenario_jellyfish_widest_path_switch_down_20260607_084642/h3.pcap,a6:16:c4:c2:e2:e4,01:80:c2:00:00:0e,,,,,,60
2026-06-07T08:47:53.158465+00:00,jellyfish,widest_path,switch_down,run_scenario_jellyfish_widest_path_switch_down_20260607_084642,h3,jellyfish/widest_path/switch_down/run_scenario_jellyfish_widest_path_switch_down_20260607_084642/h3.pcap,a6:16:c4:c2:e2:e4,01:80:c2:00:00:0e,,,,,,60
2026-06-07T08:47:55.194343+00:00,jellyfish,widest_path,switch_down,run_scenario_jellyfish_widest_path_switch_down_20260607_084642,h3,jellyfish/widest_path/switch_down/run_scenario_jellyfish_widest_path_switch_down_20260607_084642/h3.pcap,a6:16:c4:c2:e2:e4,01:80:c2:00:00:0e,,,,,,60
2026-06-07T08:47:57.228701+00:00,jellyfish,widest_path,switch_down,run_scenario_jellyfish_widest_path_switch_down_20260607_084642,h3,jellyfish/widest_path/switch_down/run_scenario_jellyfish_widest_path_switch_down_20260607_084642/h3.pcap,a6:16:c4:c2:e2:e4,01:80:c2:00:00:0e,,,,,,60
2026-06-07T08:47:59.269842+00:00,jellyfish,widest_path,switch_down,run_scenario_jellyfish_widest_path_switch_down_20260607_084642,h3,jellyfish/widest_path/switch_down/run_scenario_jellyfish_widest_path_switch_down_20260607_084642/h3.pcap,a6:16:c4:c2:e2:e4,01:80:c2:00:00:0e,,,,,,60
2026-06-07T08:48:01.306869+00:00,jellyfish,widest_path,switch_down,run_scenario_jellyfish_widest_path_switch_down_20260607_084642,h3,jellyfish/widest_path/switch_down/run_scenario_jellyfish_widest_path_switch_down_20260607_084642/h3.pcap,a6:16:c4:c2:e2:e4,01:80:c2:00:00:0e,,,,,,60
2026-06-07T08:48:03.344506+00:00,jellyfish,widest_path,switch_down,run_scenario_jellyfish_widest_path_switch_down_20260607_084642,h3,jellyfish/widest_path/switch_down/run_scenario_jellyfish_widest_path_switch_down_20260607_084642/h3.pcap,a6:16:c4:c2:e2:e4,01:80:c2:00:00:0e,,,,,,60
2026-06-07T08:48:05.381347+00:00,jellyfish,widest_path,switch_down,run_scenario_jellyfish_widest_path_switch_down_20260607_084642,h3,jellyfish/widest_path/switch_down/run_scenario_jellyfish_widest_path_switch_down_20260607_084642/h3.pcap,a6:16:c4:c2:e2:e4,01:80:c2:00:00:0e,,,,,,60
2026-06-07T08:48:07.412772+00:00,jellyfish,widest_path,switch_down,run_scenario_jellyfish_widest_path_switch_down_20260607_084642,h3,jellyfish/widest_path/switch_down/run_scenario_jellyfish_widest_path_switch_down_20260607_084642/h3.pcap,a6:16:c4:c2:e2:e4,01:80:c2:00:00:0e,,,,,,60
2026-06-07T08:48:09.443220+00:00,jellyfish,widest_path,switch_down,run_scenario_jellyfish_widest_path_switch_down_20260607_084642,h3,jellyfish/widest_path/switch_down/run_scenario_jellyfish_widest_path_switch_down_20260607_084642/h3.pcap,a6:16:c4:c2:e2:e4,01:80:c2:00:00:0e,,,,,,60
2026-06-07T08:48:14.198073+00:00,jellyfish,widest_path,switch_down,run_scenario_jellyfish_widest_path_switch_down_20260607_084642,h3,jellyfish/widest_path/switch_down/run_scenario_jellyfish_widest_path_switch_down_20260607_084642/h3.pcap,a6:16:c4:c2:e2:e4,01:80:c2:00:00:0e,,,,,,60
2026-06-07T08:48:16.230411+00:00,jellyfish,widest_path,switch_down,run_scenario_jellyfish_widest_path_switch_down_20260607_084642,h3,jellyfish/widest_path/switch_down/run_scenario_jellyfish_widest_path_switch_down_20260607_084642/h3.pcap,a6:16:c4:c2:e2:e4,01:80:c2:00:00:0e,,,,,,60
2026-06-07T08:48:18.260959+00:00,jellyfish,widest_path,switch_down,run_scenario_jellyfish_widest_path_switch_down_20260607_084642,h3,jellyfish/widest_path/switch_down/run_scenario_jellyfish_widest_path_switch_down_20260607_084642/h3.pcap,a6:16:c4:c2:e2:e4,01:80:c2:00:00:0e,,,,,,60
2026-06-07T08:48:20.294251+00:00,jellyfish,widest_path,switch_down,run_scenario_jellyfish_widest_path_switch_down_20260607_084642,h3,jellyfish/widest_path/switch_down/run_scenario_jellyfish_widest_path_switch_down_20260607_084642/h3.pcap,a6:16:c4:c2:e2:e4,01:80:c2:00:00:0e,,,,,,60
2026-06-07T08:48:22.327045+00:00,jellyfish,widest_path,switch_down,run_scenario_jellyfish_widest_path_switch_down_20260607_084642,h3,jellyfish/widest_path/switch_down/run_scenario_jellyfish_widest_path_switch_down_20260607_084642/h3.pcap,a6:16:c4:c2:e2:e4,01:80:c2:00:00:0e,,,,,,60
2026-06-07T08:48:24.362148+00:00,jellyfish,widest_path,switch_down,run_scenario_jellyfish_widest_path_switch_down_20260607_084642,h3,jellyfish/widest_path/switch_down/run_scenario_jellyfish_widest_path_switch_down_20260607_084642/h3.pcap,a6:16:c4:c2:e2:e4,01:80:c2:00:00:0e,,,,,,60
2026-06-07T08:48:26.402206+00:00,jellyfish,widest_path,switch_down,run_scenario_jellyfish_widest_path_switch_down_20260607_084642,h3,jellyfish/widest_path/switch_down/run_scenario_jellyfish_widest_path_switch_down_20260607_084642/h3.pcap,a6:16:c4:c2:e2:e4,01:80:c2:00:00:0e,,,,,,60
2026-06-07T08:48:28.442702+00:00,jellyfish,widest_path,switch_down,run_scenario_jellyfish_widest_path_switch_down_20260607_084642,h3,jellyfish/widest_path/switch_down/run_scenario_jellyfish_widest_path_switch_down_20260607_084642/h3.pcap,a6:16:c4:c2:e2:e4,01:80:c2:00:00:0e,,,,,,60
2026-06-07T08:48:30.482913+00:00,jellyfish,widest_path,switch_down,run_scenario_jellyfish_widest_path_switch_down_20260607_084642,h3,jellyfish/widest_path/switch_down/run_scenario_jellyfish_widest_path_switch_down_20260607_084642/h3.pcap,a6:16:c4:c2:e2:e4,01:80:c2:00:00:0e,,,,,,60
2026-06-07T08:48:32.523056+00:00,jellyfish,widest_path,switch_down,run_scenario_jellyfish_widest_path_switch_down_20260607_084642,h3,jellyfish/widest_path/switch_down/run_scenario_jellyfish_widest_path_switch_down_20260607_084642/h3.pcap,a6:16:c4:c2:e2:e4,01:80:c2:00:00:0e,,,,,,60
2026-06-07T08:48:34.563230+00:00,jellyfish,widest_path,switch_down,run_scenario_jellyfish_widest_path_switch_down_20260607_084642,h3,jellyfish/widest_path/switch_down/run_scenario_jellyfish_widest_path_switch_down_20260607_084642/h3.pcap,a6:16:c4:c2:e2:e4,01:80:c2:00:00:0e,,,,,,60
2026-06-07T08:48:36.600831+00:00,jellyfish,widest_path,switch_down,run_scenario_jellyfish_widest_path_switch_down_20260607_084642,h3,jellyfish/widest_path/switch_down/run_scenario_jellyfish_widest_path_switch_down_20260607_084642/h3.pcap,a6:16:c4:c2:e2:e4,01:80:c2:00:00:0e,,,,,,60
2026-06-07T08:48:38.632499+00:00,jellyfish,widest_path,switch_down,run_scenario_jellyfish_widest_path_switch_down_20260607_084642,h3,jellyfish/widest_path/switch_down/run_scenario_jellyfish_widest_path_switch_down_20260607_084642/h3.pcap,a6:16:c4:c2:e2:e4,01:80:c2:00:00:0e,,,,,,60
2026-06-07T08:48:40.662997+00:00,jellyfish,widest_path,switch_down,run_scenario_jellyfish_widest_path_switch_down_20260607_084642,h3,jellyfish/widest_path/switch_down/run_scenario_jellyfish_widest_path_switch_down_20260607_084642/h3.pcap,a6:16:c4:c2:e2:e4,01:80:c2:00:00:0e,,,,,,60
2026-06-07T08:48:42.695721+00:00,jellyfish,widest_path,switch_down,run_scenario_jellyfish_widest_path_switch_down_20260607_084642,h3,jellyfish/widest_path/switch_down/run_scenario_jellyfish_widest_path_switch_down_20260607_084642/h3.pcap,a6:16:c4:c2:e2:e4,01:80:c2:00:00:0e,,,,,,60
2026-06-07T08:48:47.451702+00:00,jellyfish,widest_path,switch_down,run_scenario_jellyfish_widest_path_switch_down_20260607_084642,h3,jellyfish/widest_path/switch_down/run_scenario_jellyfish_widest_path_switch_down_20260607_084642/h3.pcap,a6:16:c4:c2:e2:e4,01:80:c2:00:00:0e,,,,,,60
2026-06-07T08:48:49.484088+00:00,jellyfish,widest_path,switch_down,run_scenario_jellyfish_widest_path_switch_down_20260607_084642,h3,jellyfish/widest_path/switch_down/run_scenario_jellyfish_widest_path_switch_down_20260607_084642/h3.pcap,a6:16:c4:c2:e2:e4,01:80:c2:00:00:0e,,,,,,60
2026-06-07T08:48:51.515746+00:00,jellyfish,widest_path,switch_down,run_scenario_jellyfish_widest_path_switch_down_20260607_084642,h3,jellyfish/widest_path/switch_down/run_scenario_jellyfish_widest_path_switch_down_20260607_084642/h3.pcap,a6:16:c4:c2:e2:e4,01:80:c2:00:00:0e,,,,,,60
2026-06-07T08:48:53.544953+00:00,jellyfish,widest_path,switch_down,run_scenario_jellyfish_widest_path_switch_down_20260607_084642,h3,jellyfish/widest_path/switch_down/run_scenario_jellyfish_widest_path_switch_down_20260607_084642/h3.pcap,a6:16:c4:c2:e2:e4,01:80:c2:00:00:0e,,,,,,60
2026-06-07T08:48:55.577958+00:00,jellyfish,widest_path,switch_down,run_scenario_jellyfish_widest_path_switch_down_20260607_084642,h3,jellyfish/widest_path/switch_down/run_scenario_jellyfish_widest_path_switch_down_20260607_084642/h3.pcap,a6:16:c4:c2:e2:e4,01:80:c2:00:00:0e,,,,,,60
2026-06-07T08:48:57.609524+00:00,jellyfish,widest_path,switch_down,run_scenario_jellyfish_widest_path_switch_down_20260607_084642,h3,jellyfish/widest_path/switch_down/run_scenario_jellyfish_widest_path_switch_down_20260607_084642/h3.pcap,a6:16:c4:c2:e2:e4,01:80:c2:00:00:0e,,,,,,60
2026-06-07T08:48:59.641412+00:00,jellyfish,widest_path,switch_down,run_scenario_jellyfish_widest_path_switch_down_20260607_084642,h3,jellyfish/widest_path/switch_down/run_scenario_jellyfish_widest_path_switch_down_20260607_084642/h3.pcap,a6:16:c4:c2:e2:e4,01:80:c2:00:00:0e,,,,,,60
2026-06-07T08:49:01.676722+00:00,jellyfish,widest_path,switch_down,run_scenario_jellyfish_widest_path_switch_down_20260607_084642,h3,jellyfish/widest_path/switch_down/run_scenario_jellyfish_widest_path_switch_down_20260607_084642/h3.pcap,a6:16:c4:c2:e2:e4,01:80:c2:00:00:0e,,,,,,60
2026-06-07T08:49:03.710061+00:00,jellyfish,widest_path,switch_down,run_scenario_jellyfish_widest_path_switch_down_20260607_084642,h3,jellyfish/widest_path/switch_down/run_scenario_jellyfish_widest_path_switch_down_20260607_084642/h3.pcap,a6:16:c4:c2:e2:e4,01:80:c2:00:00:0e,,,,,,60
2026-06-07T08:49:05.745189+00:00,jellyfish,widest_path,switch_down,run_scenario_jellyfish_widest_path_switch_down_20260607_084642,h3,jellyfish/widest_path/switch_down/run_scenario_jellyfish_widest_path_switch_down_20260607_084642/h3.pcap,a6:16:c4:c2:e2:e4,01:80:c2:00:00:0e,,,,,,60
2026-06-07T08:49:07.777495+00:00,jellyfish,widest_path,switch_down,run_scenario_jellyfish_widest_path_switch_down_20260607_084642,h3,jellyfish/widest_path/switch_down/run_scenario_jellyfish_widest_path_switch_down_20260607_084642/h3.pcap,a6:16:c4:c2:e2:e4,01:80:c2:00:00:0e,,,,,,60
2026-06-07T08:49:09.813437+00:00,jellyfish,widest_path,switch_down,run_scenario_jellyfish_widest_path_switch_down_20260607_084642,h3,jellyfish/widest_path/switch_down/run_scenario_jellyfish_widest_path_switch_down_20260607_084642/h3.pcap,a6:16:c4:c2:e2:e4,01:80:c2:00:00:0e,,,,,,60
2026-06-07T08:49:11.846637+00:00,jellyfish,widest_path,switch_down,run_scenario_jellyfish_widest_path_switch_down_20260607_084642,h3,jellyfish/widest_path/switch_down/run_scenario_jellyfish_widest_path_switch_down_20260607_084642/h3.pcap,a6:16:c4:c2:e2:e4,01:80:c2:00:00:0e,,,,,,60
2026-06-07T08:49:13.883883+00:00,jellyfish,widest_path,switch_down,run_scenario_jellyfish_widest_path_switch_down_20260607_084642,h3,jellyfish/widest_path/switch_down/run_scenario_jellyfish_widest_path_switch_down_20260607_084642/h3.pcap,a6:16:c4:c2:e2:e4,01:80:c2:00:00:0e,,,,,,60
2026-06-07T08:49:15.191449+00:00,jellyfish,widest_path,switch_down,run_scenario_jellyfish_widest_path_switch_down_20260607_084642,h3,jellyfish/widest_path/switch_down/run_scenario_jellyfish_widest_path_switch_down_20260607_084642/h3.pcap,a6:16:c4:c2:e2:e4,01:80:c2:00:00:0e,,,,,,60
2026-06-07T08:49:20.651275+00:00,jellyfish,widest_path,switch_down,run_scenario_jellyfish_widest_path_switch_down_20260607_084642,h3,jellyfish/widest_path/switch_down/run_scenario_jellyfish_widest_path_switch_down_20260607_084642/h3.pcap,a6:16:c4:c2:e2:e4,01:80:c2:00:00:0e,,,,,,60
2026-06-07T08:49:22.679586+00:00,jellyfish,widest_path,switch_down,run_scenario_jellyfish_widest_path_switch_down_20260607_084642,h3,jellyfish/widest_path/switch_down/run_scenario_jellyfish_widest_path_switch_down_20260607_084642/h3.pcap,a6:16:c4:c2:e2:e4,01:80:c2:00:00:0e,,,,,,60
2026-06-07T08:49:24.710739+00:00,jellyfish,widest_path,switch_down,run_scenario_jellyfish_widest_path_switch_down_20260607_084642,h3,jellyfish/widest_path/switch_down/run_scenario_jellyfish_widest_path_switch_down_20260607_084642/h3.pcap,a6:16:c4:c2:e2:e4,01:80:c2:00:00:0e,,,,,,60
2026-06-07T08:49:26.741147+00:00,jellyfish,widest_path,switch_down,run_scenario_jellyfish_widest_path_switch_down_20260607_084642,h3,jellyfish/widest_path/switch_down/run_scenario_jellyfish_widest_path_switch_down_20260607_084642/h3.pcap,a6:16:c4:c2:e2:e4,01:80:c2:00:00:0e,,,,,,60
2026-06-07T08:49:28.773273+00:00,jellyfish,widest_path,switch_down,run_scenario_jellyfish_widest_path_switch_down_20260607_084642,h3,jellyfish/widest_path/switch_down/run_scenario_jellyfish_widest_path_switch_down_20260607_084642/h3.pcap,a6:16:c4:c2:e2:e4,01:80:c2:00:00:0e,,,,,,60
2026-06-07T08:49:30.802786+00:00,jellyfish,widest_path,switch_down,run_scenario_jellyfish_widest_path_switch_down_20260607_084642,h3,jellyfish/widest_path/switch_down/run_scenario_jellyfish_widest_path_switch_down_20260607_084642/h3.pcap,a6:16:c4:c2:e2:e4,01:80:c2:00:00:0e,,,,,,60
2026-06-07T08:49:32.834547+00:00,jellyfish,widest_path,switch_down,run_scenario_jellyfish_widest_path_switch_down_20260607_084642,h3,jellyfish/widest_path/switch_down/run_scenario_jellyfish_widest_path_switch_down_20260607_084642/h3.pcap,a6:16:c4:c2:e2:e4,01:80:c2:00:00:0e,,,,,,60
2026-06-07T08:49:34.864433+00:00,jellyfish,widest_path,switch_down,run_scenario_jellyfish_widest_path_switch_down_20260607_084642,h3,jellyfish/widest_path/switch_down/run_scenario_jellyfish_widest_path_switch_down_20260607_084642/h3.pcap,a6:16:c4:c2:e2:e4,01:80:c2:00:00:0e,,,,,,60
2026-06-07T08:49:36.897892+00:00,jellyfish,widest_path,switch_down,run_scenario_jellyfish_widest_path_switch_down_20260607_084642,h3,jellyfish/widest_path/switch_down/run_scenario_jellyfish_widest_path_switch_down_20260607_084642/h3.pcap,a6:16:c4:c2:e2:e4,01:80:c2:00:00:0e,,,,,,60
2026-06-07T08:49:38.930261+00:00,jellyfish,widest_path,switch_down,run_scenario_jellyfish_widest_path_switch_down_20260607_084642,h3,jellyfish/widest_path/switch_down/run_scenario_jellyfish_widest_path_switch_down_20260607_084642/h3.pcap,a6:16:c4:c2:e2:e4,01:80:c2:00:00:0e,,,,,,60
2026-06-07T08:49:40.962067+00:00,jellyfish,widest_path,switch_down,run_scenario_jellyfish_widest_path_switch_down_20260607_084642,h3,jellyfish/widest_path/switch_down/run_scenario_jellyfish_widest_path_switch_down_20260607_084642/h3.pcap,a6:16:c4:c2:e2:e4,01:80:c2:00:00:0e,,,,,,60
2026-06-07T08:49:42.996081+00:00,jellyfish,widest_path,switch_down,run_scenario_jellyfish_widest_path_switch_down_20260607_084642,h3,jellyfish/widest_path/switch_down/run_scenario_jellyfish_widest_path_switch_down_20260607_084642/h3.pcap,a6:16:c4:c2:e2:e4,01:80:c2:00:00:0e,,,,,,60
2026-06-07T08:49:45.034680+00:00,jellyfish,widest_path,switch_down,run_scenario_jellyfish_widest_path_switch_down_20260607_084642,h3,jellyfish/widest_path/switch_down/run_scenario_jellyfish_widest_path_switch_down_20260607_084642/h3.pcap,a6:16:c4:c2:e2:e4,01:80:c2:00:00:0e,,,,,,60
2026-06-07T08:49:47.065933+00:00,jellyfish,widest_path,switch_down,run_scenario_jellyfish_widest_path_switch_down_20260607_084642,h3,jellyfish/widest_path/switch_down/run_scenario_jellyfish_widest_path_switch_down_20260607_084642/h3.pcap,a6:16:c4:c2:e2:e4,01:80:c2:00:00:0e,,,,,,60
2026-06-07T08:49:51.855113+00:00,jellyfish,widest_path,switch_down,run_scenario_jellyfish_widest_path_switch_down_20260607_084642,h3,jellyfish/widest_path/switch_down/run_scenario_jellyfish_widest_path_switch_down_20260607_084642/h3.pcap,a6:16:c4:c2:e2:e4,01:80:c2:00:00:0e,,,,,,60
2026-06-07T08:49:53.887951+00:00,jellyfish,widest_path,switch_down,run_scenario_jellyfish_widest_path_switch_down_20260607_084642,h3,jellyfish/widest_path/switch_down/run_scenario_jellyfish_widest_path_switch_down_20260607_084642/h3.pcap,a6:16:c4:c2:e2:e4,01:80:c2:00:00:0e,,,,,,60
2026-06-07T08:49:55.920177+00:00,jellyfish,widest_path,switch_down,run_scenario_jellyfish_widest_path_switch_down_20260607_084642,h3,jellyfish/widest_path/switch_down/run_scenario_jellyfish_widest_path_switch_down_20260607_084642/h3.pcap,a6:16:c4:c2:e2:e4,01:80:c2:00:00:0e,,,,,,60
2026-06-07T08:49:57.954107+00:00,jellyfish,widest_path,switch_down,run_scenario_jellyfish_widest_path_switch_down_20260607_084642,h3,jellyfish/widest_path/switch_down/run_scenario_jellyfish_widest_path_switch_down_20260607_084642/h3.pcap,a6:16:c4:c2:e2:e4,01:80:c2:00:00:0e,,,,,,60
2026-06-07T08:49:59.987129+00:00,jellyfish,widest_path,switch_down,run_scenario_jellyfish_widest_path_switch_down_20260607_084642,h3,jellyfish/widest_path/switch_down/run_scenario_jellyfish_widest_path_switch_down_20260607_084642/h3.pcap,a6:16:c4:c2:e2:e4,01:80:c2:00:00:0e,,,,,,60
2026-06-07T08:50:02.020794+00:00,jellyfish,widest_path,switch_down,run_scenario_jellyfish_widest_path_switch_down_20260607_084642,h3,jellyfish/widest_path/switch_down/run_scenario_jellyfish_widest_path_switch_down_20260607_084642/h3.pcap,a6:16:c4:c2:e2:e4,01:80:c2:00:00:0e,,,,,,60
2026-06-07T08:50:04.058007+00:00,jellyfish,widest_path,switch_down,run_scenario_jellyfish_widest_path_switch_down_20260607_084642,h3,jellyfish/widest_path/switch_down/run_scenario_jellyfish_widest_path_switch_down_20260607_084642/h3.pcap,a6:16:c4:c2:e2:e4,01:80:c2:00:00:0e,,,,,,60
2026-06-07T08:50:06.089903+00:00,jellyfish,widest_path,switch_down,run_scenario_jellyfish_widest_path_switch_down_20260607_084642,h3,jellyfish/widest_path/switch_down/run_scenario_jellyfish_widest_path_switch_down_20260607_084642/h3.pcap,a6:16:c4:c2:e2:e4,01:80:c2:00:00:0e,,,,,,60
2026-06-07T08:50:08.126475+00:00,jellyfish,widest_path,switch_down,run_scenario_jellyfish_widest_path_switch_down_20260607_084642,h3,jellyfish/widest_path/switch_down/run_scenario_jellyfish_widest_path_switch_down_20260607_084642/h3.pcap,a6:16:c4:c2:e2:e4,01:80:c2:00:00:0e,,,,,,60
2026-06-07T08:50:10.159974+00:00,jellyfish,widest_path,switch_down,run_scenario_jellyfish_widest_path_switch_down_20260607_084642,h3,jellyfish/widest_path/switch_down/run_scenario_jellyfish_widest_path_switch_down_20260607_084642/h3.pcap,a6:16:c4:c2:e2:e4,01:80:c2:00:00:0e,,,,,,60
2026-06-07T08:50:12.197676+00:00,jellyfish,widest_path,switch_down,run_scenario_jellyfish_widest_path_switch_down_20260607_084642,h3,jellyfish/widest_path/switch_down/run_scenario_jellyfish_widest_path_switch_down_20260607_084642/h3.pcap,a6:16:c4:c2:e2:e4,01:80:c2:00:00:0e,,,,,,60
2026-06-07T08:50:14.228311+00:00,jellyfish,widest_path,switch_down,run_scenario_jellyfish_widest_path_switch_down_20260607_084642,h3,jellyfish/widest_path/switch_down/run_scenario_jellyfish_widest_path_switch_down_20260607_084642/h3.pcap,a6:16:c4:c2:e2:e4,01:80:c2:00:00:0e,,,,,,60
2026-06-07T08:50:16.262971+00:00,jellyfish,widest_path,switch_down,run_scenario_jellyfish_widest_path_switch_down_20260607_084642,h3,jellyfish/widest_path/switch_down/run_scenario_jellyfish_widest_path_switch_down_20260607_084642/h3.pcap,a6:16:c4:c2:e2:e4,01:80:c2:00:00:0e,,,,,,60
2026-06-07T08:50:18.299238+00:00,jellyfish,widest_path,switch_down,run_scenario_jellyfish_widest_path_switch_down_20260607_084642,h3,jellyfish/widest_path/switch_down/run_scenario_jellyfish_widest_path_switch_down_20260607_084642/h3.pcap,a6:16:c4:c2:e2:e4,01:80:c2:00:00:0e,,,,,,60
2026-06-07T08:50:20.337942+00:00,jellyfish,widest_path,switch_down,run_scenario_jellyfish_widest_path_switch_down_20260607_084642,h3,jellyfish/widest_path/switch_down/run_scenario_jellyfish_widest_path_switch_down_20260607_084642/h3.pcap,a6:16:c4:c2:e2:e4,01:80:c2:00:00:0e,,,,,,60
2026-06-07T08:50:25.096096+00:00,jellyfish,widest_path,switch_down,run_scenario_jellyfish_widest_path_switch_down_20260607_084642,h3,jellyfish/widest_path/switch_down/run_scenario_jellyfish_widest_path_switch_down_20260607_084642/h3.pcap,a6:16:c4:c2:e2:e4,01:80:c2:00:00:0e,,,,,,60
2026-06-07T08:50:27.130433+00:00,jellyfish,widest_path,switch_down,run_scenario_jellyfish_widest_path_switch_down_20260607_084642,h3,jellyfish/widest_path/switch_down/run_scenario_jellyfish_widest_path_switch_down_20260607_084642/h3.pcap,a6:16:c4:c2:e2:e4,01:80:c2:00:00:0e,,,,,,60
2026-06-07T08:50:29.163673+00:00,jellyfish,widest_path,switch_down,run_scenario_jellyfish_widest_path_switch_down_20260607_084642,h3,jellyfish/widest_path/switch_down/run_scenario_jellyfish_widest_path_switch_down_20260607_084642/h3.pcap,a6:16:c4:c2:e2:e4,01:80:c2:00:00:0e,,,,,,60
2026-06-07T08:50:31.201414+00:00,jellyfish,widest_path,switch_down,run_scenario_jellyfish_widest_path_switch_down_20260607_084642,h3,jellyfish/widest_path/switch_down/run_scenario_jellyfish_widest_path_switch_down_20260607_084642/h3.pcap,a6:16:c4:c2:e2:e4,01:80:c2:00:00:0e,,,,,,60
2026-06-07T08:50:33.236558+00:00,jellyfish,widest_path,switch_down,run_scenario_jellyfish_widest_path_switch_down_20260607_084642,h3,jellyfish/widest_path/switch_down/run_scenario_jellyfish_widest_path_switch_down_20260607_084642/h3.pcap,a6:16:c4:c2:e2:e4,01:80:c2:00:00:0e,,,,,,60
2026-06-07T08:50:35.270505+00:00,jellyfish,widest_path,switch_down,run_scenario_jellyfish_widest_path_switch_down_20260607_084642,h3,jellyfish/widest_path/switch_down/run_scenario_jellyfish_widest_path_switch_down_20260607_084642/h3.pcap,a6:16:c4:c2:e2:e4,01:80:c2:00:00:0e,,,,,,60
2026-06-07T08:50:37.302589+00:00,jellyfish,widest_path,switch_down,run_scenario_jellyfish_widest_path_switch_down_20260607_084642,h3,jellyfish/widest_path/switch_down/run_scenario_jellyfish_widest_path_switch_down_20260607_084642/h3.pcap,a6:16:c4:c2:e2:e4,01:80:c2:00:00:0e,,,,,,60
2026-06-07T08:50:39.337800+00:00,jellyfish,widest_path,switch_down,run_scenario_jellyfish_widest_path_switch_down_20260607_084642,h3,jellyfish/widest_path/switch_down/run_scenario_jellyfish_widest_path_switch_down_20260607_084642/h3.pcap,a6:16:c4:c2:e2:e4,01:80:c2:00:00:0e,,,,,,60
2026-06-07T08:50:41.382000+00:00,jellyfish,widest_path,switch_down,run_scenario_jellyfish_widest_path_switch_down_20260607_084642,h3,jellyfish/widest_path/switch_down/run_scenario_jellyfish_widest_path_switch_down_20260607_084642/h3.pcap,a6:16:c4:c2:e2:e4,01:80:c2:00:00:0e,,,,,,60
2026-06-07T08:50:43.422287+00:00,jellyfish,widest_path,switch_down,run_scenario_jellyfish_widest_path_switch_down_20260607_084642,h3,jellyfish/widest_path/switch_down/run_scenario_jellyfish_widest_path_switch_down_20260607_084642/h3.pcap,a6:16:c4:c2:e2:e4,01:80:c2:00:00:0e,,,,,,60
2026-06-07T08:50:45.459112+00:00,jellyfish,widest_path,switch_down,run_scenario_jellyfish_widest_path_switch_down_20260607_084642,h3,jellyfish/widest_path/switch_down/run_scenario_jellyfish_widest_path_switch_down_20260607_084642/h3.pcap,a6:16:c4:c2:e2:e4,01:80:c2:00:00:0e,,,,,,60
2026-06-07T08:50:47.497722+00:00,jellyfish,widest_path,switch_down,run_scenario_jellyfish_widest_path_switch_down_20260607_084642,h3,jellyfish/widest_path/switch_down/run_scenario_jellyfish_widest_path_switch_down_20260607_084642/h3.pcap,a6:16:c4:c2:e2:e4,01:80:c2:00:00:0e,,,,,,60
2026-06-07T08:50:49.532064+00:00,jellyfish,widest_path,switch_down,run_scenario_jellyfish_widest_path_switch_down_20260607_084642,h3,jellyfish/widest_path/switch_down/run_scenario_jellyfish_widest_path_switch_down_20260607_084642/h3.pcap,a6:16:c4:c2:e2:e4,01:80:c2:00:00:0e,,,,,,60
2026-06-07T08:50:51.571876+00:00,jellyfish,widest_path,switch_down,run_scenario_jellyfish_widest_path_switch_down_20260607_084642,h3,jellyfish/widest_path/switch_down/run_scenario_jellyfish_widest_path_switch_down_20260607_084642/h3.pcap,a6:16:c4:c2:e2:e4,01:80:c2:00:00:0e,,,,,,60
2026-06-07T08:50:53.608845+00:00,jellyfish,widest_path,switch_down,run_scenario_jellyfish_widest_path_switch_down_20260607_084642,h3,jellyfish/widest_path/switch_down/run_scenario_jellyfish_widest_path_switch_down_20260607_084642/h3.pcap,a6:16:c4:c2:e2:e4,01:80:c2:00:00:0e,,,,,,60
2026-06-07T08:50:58.371584+00:00,jellyfish,widest_path,switch_down,run_scenario_jellyfish_widest_path_switch_down_20260607_084642,h3,jellyfish/widest_path/switch_down/run_scenario_jellyfish_widest_path_switch_down_20260607_084642/h3.pcap,a6:16:c4:c2:e2:e4,01:80:c2:00:00:0e,,,,,,60
2026-06-07T08:51:00.401697+00:00,jellyfish,widest_path,switch_down,run_scenario_jellyfish_widest_path_switch_down_20260607_084642,h3,jellyfish/widest_path/switch_down/run_scenario_jellyfish_widest_path_switch_down_20260607_084642/h3.pcap,a6:16:c4:c2:e2:e4,01:80:c2:00:00:0e,,,,,,60
2026-06-07T08:51:02.437462+00:00,jellyfish,widest_path,switch_down,run_scenario_jellyfish_widest_path_switch_down_20260607_084642,h3,jellyfish/widest_path/switch_down/run_scenario_jellyfish_widest_path_switch_down_20260607_084642/h3.pcap,a6:16:c4:c2:e2:e4,01:80:c2:00:00:0e,,,,,,60
2026-06-07T08:51:04.472925+00:00,jellyfish,widest_path,switch_down,run_scenario_jellyfish_widest_path_switch_down_20260607_084642,h3,jellyfish/widest_path/switch_down/run_scenario_jellyfish_widest_path_switch_down_20260607_084642/h3.pcap,a6:16:c4:c2:e2:e4,01:80:c2:00:00:0e,,,,,,60
2026-06-07T08:51:06.506158+00:00,jellyfish,widest_path,switch_down,run_scenario_jellyfish_widest_path_switch_down_20260607_084642,h3,jellyfish/widest_path/switch_down/run_scenario_jellyfish_widest_path_switch_down_20260607_084642/h3.pcap,a6:16:c4:c2:e2:e4,01:80:c2:00:00:0e,,,,,,60
2026-06-07T08:51:08.536521+00:00,jellyfish,widest_path,switch_down,run_scenario_jellyfish_widest_path_switch_down_20260607_084642,h3,jellyfish/widest_path/switch_down/run_scenario_jellyfish_widest_path_switch_down_20260607_084642/h3.pcap,a6:16:c4:c2:e2:e4,01:80:c2:00:00:0e,,,,,,60
2026-06-07T08:51:10.569848+00:00,jellyfish,widest_path,switch_down,run_scenario_jellyfish_widest_path_switch_down_20260607_084642,h3,jellyfish/widest_path/switch_down/run_scenario_jellyfish_widest_path_switch_down_20260607_084642/h3.pcap,a6:16:c4:c2:e2:e4,01:80:c2:00:00:0e,,,,,,60
2026-06-07T08:51:12.606975+00:00,jellyfish,widest_path,switch_down,run_scenario_jellyfish_widest_path_switch_down_20260607_084642,h3,jellyfish/widest_path/switch_down/run_scenario_jellyfish_widest_path_switch_down_20260607_084642/h3.pcap,a6:16:c4:c2:e2:e4,01:80:c2:00:00:0e,,,,,,60
2026-06-07T08:51:14.643906+00:00,jellyfish,widest_path,switch_down,run_scenario_jellyfish_widest_path_switch_down_20260607_084642,h3,jellyfish/widest_path/switch_down/run_scenario_jellyfish_widest_path_switch_down_20260607_084642/h3.pcap,a6:16:c4:c2:e2:e4,01:80:c2:00:00:0e,,,,,,60
2026-06-07T08:51:16.683009+00:00,jellyfish,widest_path,switch_down,run_scenario_jellyfish_widest_path_switch_down_20260607_084642,h3,jellyfish/widest_path/switch_down/run_scenario_jellyfish_widest_path_switch_down_20260607_084642/h3.pcap,a6:16:c4:c2:e2:e4,01:80:c2:00:00:0e,,,,,,60
2026-06-07T08:51:18.714173+00:00,jellyfish,widest_path,switch_down,run_scenario_jellyfish_widest_path_switch_down_20260607_084642,h3,jellyfish/widest_path/switch_down/run_scenario_jellyfish_widest_path_switch_down_20260607_084642/h3.pcap,a6:16:c4:c2:e2:e4,01:80:c2:00:00:0e,,,,,,60
2026-06-07T08:51:20.755893+00:00,jellyfish,widest_path,switch_down,run_scenario_jellyfish_widest_path_switch_down_20260607_084642,h3,jellyfish/widest_path/switch_down/run_scenario_jellyfish_widest_path_switch_down_20260607_084642/h3.pcap,a6:16:c4:c2:e2:e4,01:80:c2:00:00:0e,,,,,,60
2026-06-07T08:51:22.788311+00:00,jellyfish,widest_path,switch_down,run_scenario_jellyfish_widest_path_switch_down_20260607_084642,h3,jellyfish/widest_path/switch_down/run_scenario_jellyfish_widest_path_switch_down_20260607_084642/h3.pcap,a6:16:c4:c2:e2:e4,01:80:c2:00:00:0e,,,,,,60
2026-06-07T08:51:24.821217+00:00,jellyfish,widest_path,switch_down,run_scenario_jellyfish_widest_path_switch_down_20260607_084642,h3,jellyfish/widest_path/switch_down/run_scenario_jellyfish_widest_path_switch_down_20260607_084642/h3.pcap,a6:16:c4:c2:e2:e4,01:80:c2:00:00:0e,,,,,,60
2026-06-07T08:51:26.131477+00:00,jellyfish,widest_path,switch_down,run_scenario_jellyfish_widest_path_switch_down_20260607_084642,h3,jellyfish/widest_path/switch_down/run_scenario_jellyfish_widest_path_switch_down_20260607_084642/h3.pcap,a6:16:c4:c2:e2:e4,01:80:c2:00:00:0e,,,,,,60
2026-06-07T08:51:31.621919+00:00,jellyfish,widest_path,switch_down,run_scenario_jellyfish_widest_path_switch_down_20260607_084642,h3,jellyfish/widest_path/switch_down/run_scenario_jellyfish_widest_path_switch_down_20260607_084642/h3.pcap,a6:16:c4:c2:e2:e4,01:80:c2:00:00:0e,,,,,,60
2026-06-07T08:51:32.394788+00:00,jellyfish,widest_path,switch_down,run_scenario_jellyfish_widest_path_switch_down_20260607_084642,h3,jellyfish/widest_path/switch_down/run_scenario_jellyfish_widest_path_switch_down_20260607_084642/h3.pcap,00:00:00:00:03:01,00:00:00:00:00:01,10.0.0.4,10.0.0.1,IP,,,96
2026-06-07T08:51:32.408293+00:00,jellyfish,widest_path,switch_down,run_scenario_jellyfish_widest_path_switch_down_20260607_084642,h3,jellyfish/widest_path/switch_down/run_scenario_jellyfish_widest_path_switch_down_20260607_084642/h3.pcap,00:00:00:00:00:01,00:00:00:00:03:01,10.0.0.1,10.0.0.4,IP,,,96
2026-06-07T08:51:32.414025+00:00,jellyfish,widest_path,switch_down,run_scenario_jellyfish_widest_path_switch_down_20260607_084642,h3,jellyfish/widest_path/switch_down/run_scenario_jellyfish_widest_path_switch_down_20260607_084642/h3.pcap,00:00:00:00:03:01,00:00:00:00:01:01,10.0.0.4,10.0.0.2,IP,,,96
2026-06-07T08:51:33.656440+00:00,jellyfish,widest_path,switch_down,run_scenario_jellyfish_widest_path_switch_down_20260607_084642,h3,jellyfish/widest_path/switch_down/run_scenario_jellyfish_widest_path_switch_down_20260607_084642/h3.pcap,a6:16:c4:c2:e2:e4,01:80:c2:00:00:0e,,,,,,60
2026-06-07T08:51:35.690035+00:00,jellyfish,widest_path,switch_down,run_scenario_jellyfish_widest_path_switch_down_20260607_084642,h3,jellyfish/widest_path/switch_down/run_scenario_jellyfish_widest_path_switch_down_20260607_084642/h3.pcap,a6:16:c4:c2:e2:e4,01:80:c2:00:00:0e,,,,,,60
2026-06-07T08:51:37.721760+00:00,jellyfish,widest_path,switch_down,run_scenario_jellyfish_widest_path_switch_down_20260607_084642,h3,jellyfish/widest_path/switch_down/run_scenario_jellyfish_widest_path_switch_down_20260607_084642/h3.pcap,a6:16:c4:c2:e2:e4,01:80:c2:00:00:0e,,,,,,60
2026-06-07T08:51:39.752539+00:00,jellyfish,widest_path,switch_down,run_scenario_jellyfish_widest_path_switch_down_20260607_084642,h3,jellyfish/widest_path/switch_down/run_scenario_jellyfish_widest_path_switch_down_20260607_084642/h3.pcap,a6:16:c4:c2:e2:e4,01:80:c2:00:00:0e,,,,,,60
2026-06-07T08:51:41.786703+00:00,jellyfish,widest_path,switch_down,run_scenario_jellyfish_widest_path_switch_down_20260607_084642,h3,jellyfish/widest_path/switch_down/run_scenario_jellyfish_widest_path_switch_down_20260607_084642/h3.pcap,a6:16:c4:c2:e2:e4,01:80:c2:00:00:0e,,,,,,60
2026-06-07T08:51:42.418981+00:00,jellyfish,widest_path,switch_down,run_scenario_jellyfish_widest_path_switch_down_20260607_084642,h3,jellyfish/widest_path/switch_down/run_scenario_jellyfish_widest_path_switch_down_20260607_084642/h3.pcap,00:00:00:00:03:01,00:00:00:00:02:01,10.0.0.4,10.0.0.3,IP,,,96
2026-06-07T08:51:42.428395+00:00,jellyfish,widest_path,switch_down,run_scenario_jellyfish_widest_path_switch_down_20260607_084642,h3,jellyfish/widest_path/switch_down/run_scenario_jellyfish_widest_path_switch_down_20260607_084642/h3.pcap,00:00:00:00:02:01,00:00:00:00:03:01,10.0.0.3,10.0.0.4,IP,,,96
2026-06-07T08:51:42.433540+00:00,jellyfish,widest_path,switch_down,run_scenario_jellyfish_widest_path_switch_down_20260607_084642,h3,jellyfish/widest_path/switch_down/run_scenario_jellyfish_widest_path_switch_down_20260607_084642/h3.pcap,00:00:00:00:03:01,00:00:00:00:04:01,10.0.0.4,10.0.0.5,IP,,,96
2026-06-07T08:51:43.820636+00:00,jellyfish,widest_path,switch_down,run_scenario_jellyfish_widest_path_switch_down_20260607_084642,h3,jellyfish/widest_path/switch_down/run_scenario_jellyfish_widest_path_switch_down_20260607_084642/h3.pcap,a6:16:c4:c2:e2:e4,01:80:c2:00:00:0e,,,,,,60
2026-06-07T08:51:45.856596+00:00,jellyfish,widest_path,switch_down,run_scenario_jellyfish_widest_path_switch_down_20260607_084642,h3,jellyfish/widest_path/switch_down/run_scenario_jellyfish_widest_path_switch_down_20260607_084642/h3.pcap,a6:16:c4:c2:e2:e4,01:80:c2:00:00:0e,,,,,,60
2026-06-07T08:51:47.887885+00:00,jellyfish,widest_path,switch_down,run_scenario_jellyfish_widest_path_switch_down_20260607_084642,h3,jellyfish/widest_path/switch_down/run_scenario_jellyfish_widest_path_switch_down_20260607_084642/h3.pcap,a6:16:c4:c2:e2:e4,01:80:c2:00:00:0e,,,,,,60
2026-06-07T08:51:49.920835+00:00,jellyfish,widest_path,switch_down,run_scenario_jellyfish_widest_path_switch_down_20260607_084642,h3,jellyfish/widest_path/switch_down/run_scenario_jellyfish_widest_path_switch_down_20260607_084642/h3.pcap,a6:16:c4:c2:e2:e4,01:80:c2:00:00:0e,,,,,,60
2026-06-07T08:51:51.956052+00:00,jellyfish,widest_path,switch_down,run_scenario_jellyfish_widest_path_switch_down_20260607_084642,h3,jellyfish/widest_path/switch_down/run_scenario_jellyfish_widest_path_switch_down_20260607_084642/h3.pcap,a6:16:c4:c2:e2:e4,01:80:c2:00:00:0e,,,,,,60
2026-06-07T08:51:52.441425+00:00,jellyfish,widest_path,switch_down,run_scenario_jellyfish_widest_path_switch_down_20260607_084642,h3,jellyfish/widest_path/switch_down/run_scenario_jellyfish_widest_path_switch_down_20260607_084642/h3.pcap,00:00:00:00:03:01,00:00:00:00:05:01,10.0.0.4,10.0.0.6,IP,,,96
2026-06-07T08:51:53.989612+00:00,jellyfish,widest_path,switch_down,run_scenario_jellyfish_widest_path_switch_down_20260607_084642,h3,jellyfish/widest_path/switch_down/run_scenario_jellyfish_widest_path_switch_down_20260607_084642/h3.pcap,a6:16:c4:c2:e2:e4,01:80:c2:00:00:0e,,,,,,60
2026-06-07T08:51:56.027718+00:00,jellyfish,widest_path,switch_down,run_scenario_jellyfish_widest_path_switch_down_20260607_084642,h3,jellyfish/widest_path/switch_down/run_scenario_jellyfish_widest_path_switch_down_20260607_084642/h3.pcap,a6:16:c4:c2:e2:e4,01:80:c2:00:00:0e,,,,,,60
2026-06-07T08:51:58.055693+00:00,jellyfish,widest_path,switch_down,run_scenario_jellyfish_widest_path_switch_down_20260607_084642,h3,jellyfish/widest_path/switch_down/run_scenario_jellyfish_widest_path_switch_down_20260607_084642/h3.pcap,a6:16:c4:c2:e2:e4,01:80:c2:00:00:0e,,,,,,60
2026-06-07T08:52:02.818380+00:00,jellyfish,widest_path,switch_down,run_scenario_jellyfish_widest_path_switch_down_20260607_084642,h3,jellyfish/widest_path/switch_down/run_scenario_jellyfish_widest_path_switch_down_20260607_084642/h3.pcap,a6:16:c4:c2:e2:e4,01:80:c2:00:00:0e,,,,,,60
2026-06-07T08:52:04.857420+00:00,jellyfish,widest_path,switch_down,run_scenario_jellyfish_widest_path_switch_down_20260607_084642,h3,jellyfish/widest_path/switch_down/run_scenario_jellyfish_widest_path_switch_down_20260607_084642/h3.pcap,a6:16:c4:c2:e2:e4,01:80:c2:00:00:0e,,,,,,60
2026-06-07T08:52:05.177082+00:00,jellyfish,widest_path,switch_down,run_scenario_jellyfish_widest_path_switch_down_20260607_084642,h3,jellyfish/widest_path/switch_down/run_scenario_jellyfish_widest_path_switch_down_20260607_084642/h3.pcap,00:00:00:00:03:01,00:00:00:00:06:01,10.0.0.4,10.0.0.7,IP,,,96
2026-06-07T08:52:06.892144+00:00,jellyfish,widest_path,switch_down,run_scenario_jellyfish_widest_path_switch_down_20260607_084642,h3,jellyfish/widest_path/switch_down/run_scenario_jellyfish_widest_path_switch_down_20260607_084642/h3.pcap,a6:16:c4:c2:e2:e4,01:80:c2:00:00:0e,,,,,,60
2026-06-07T08:52:08.926192+00:00,jellyfish,widest_path,switch_down,run_scenario_jellyfish_widest_path_switch_down_20260607_084642,h3,jellyfish/widest_path/switch_down/run_scenario_jellyfish_widest_path_switch_down_20260607_084642/h3.pcap,a6:16:c4:c2:e2:e4,01:80:c2:00:00:0e,,,,,,60
2026-06-07T08:52:10.957364+00:00,jellyfish,widest_path,switch_down,run_scenario_jellyfish_widest_path_switch_down_20260607_084642,h3,jellyfish/widest_path/switch_down/run_scenario_jellyfish_widest_path_switch_down_20260607_084642/h3.pcap,a6:16:c4:c2:e2:e4,01:80:c2:00:00:0e,,,,,,60
2026-06-07T08:52:12.991231+00:00,jellyfish,widest_path,switch_down,run_scenario_jellyfish_widest_path_switch_down_20260607_084642,h3,jellyfish/widest_path/switch_down/run_scenario_jellyfish_widest_path_switch_down_20260607_084642/h3.pcap,a6:16:c4:c2:e2:e4,01:80:c2:00:00:0e,,,,,,60
2026-06-07T08:52:15.022847+00:00,jellyfish,widest_path,switch_down,run_scenario_jellyfish_widest_path_switch_down_20260607_084642,h3,jellyfish/widest_path/switch_down/run_scenario_jellyfish_widest_path_switch_down_20260607_084642/h3.pcap,a6:16:c4:c2:e2:e4,01:80:c2:00:00:0e,,,,,,60
2026-06-07T08:52:15.184605+00:00,jellyfish,widest_path,switch_down,run_scenario_jellyfish_widest_path_switch_down_20260607_084642,h3,jellyfish/widest_path/switch_down/run_scenario_jellyfish_widest_path_switch_down_20260607_084642/h3.pcap,00:00:00:00:03:01,00:00:00:00:07:01,10.0.0.4,10.0.0.8,IP,,,96
2026-06-07T08:52:17.055632+00:00,jellyfish,widest_path,switch_down,run_scenario_jellyfish_widest_path_switch_down_20260607_084642,h3,jellyfish/widest_path/switch_down/run_scenario_jellyfish_widest_path_switch_down_20260607_084642/h3.pcap,a6:16:c4:c2:e2:e4,01:80:c2:00:00:0e,,,,,,60
2026-06-07T08:52:19.091314+00:00,jellyfish,widest_path,switch_down,run_scenario_jellyfish_widest_path_switch_down_20260607_084642,h3,jellyfish/widest_path/switch_down/run_scenario_jellyfish_widest_path_switch_down_20260607_084642/h3.pcap,a6:16:c4:c2:e2:e4,01:80:c2:00:00:0e,,,,,,60
2026-06-07T08:52:21.126145+00:00,jellyfish,widest_path,switch_down,run_scenario_jellyfish_widest_path_switch_down_20260607_084642,h3,jellyfish/widest_path/switch_down/run_scenario_jellyfish_widest_path_switch_down_20260607_084642/h3.pcap,a6:16:c4:c2:e2:e4,01:80:c2:00:00:0e,,,,,,60
2026-06-07T08:52:23.160235+00:00,jellyfish,widest_path,switch_down,run_scenario_jellyfish_widest_path_switch_down_20260607_084642,h3,jellyfish/widest_path/switch_down/run_scenario_jellyfish_widest_path_switch_down_20260607_084642/h3.pcap,a6:16:c4:c2:e2:e4,01:80:c2:00:00:0e,,,,,,60
2026-06-07T08:52:25.190087+00:00,jellyfish,widest_path,switch_down,run_scenario_jellyfish_widest_path_switch_down_20260607_084642,h3,jellyfish/widest_path/switch_down/run_scenario_jellyfish_widest_path_switch_down_20260607_084642/h3.pcap,00:00:00:00:03:01,00:00:00:00:08:01,10.0.0.4,10.0.0.9,IP,,,96
2026-06-07T08:52:25.195211+00:00,jellyfish,widest_path,switch_down,run_scenario_jellyfish_widest_path_switch_down_20260607_084642,h3,jellyfish/widest_path/switch_down/run_scenario_jellyfish_widest_path_switch_down_20260607_084642/h3.pcap,a6:16:c4:c2:e2:e4,01:80:c2:00:00:0e,,,,,,60
2026-06-07T08:52:27.231638+00:00,jellyfish,widest_path,switch_down,run_scenario_jellyfish_widest_path_switch_down_20260607_084642,h3,jellyfish/widest_path/switch_down/run_scenario_jellyfish_widest_path_switch_down_20260607_084642/h3.pcap,a6:16:c4:c2:e2:e4,01:80:c2:00:00:0e,,,,,,60
2026-06-07T08:52:29.267389+00:00,jellyfish,widest_path,switch_down,run_scenario_jellyfish_widest_path_switch_down_20260607_084642,h3,jellyfish/widest_path/switch_down/run_scenario_jellyfish_widest_path_switch_down_20260607_084642/h3.pcap,a6:16:c4:c2:e2:e4,01:80:c2:00:00:0e,,,,,,60
2026-06-07T08:52:31.302534+00:00,jellyfish,widest_path,switch_down,run_scenario_jellyfish_widest_path_switch_down_20260607_084642,h3,jellyfish/widest_path/switch_down/run_scenario_jellyfish_widest_path_switch_down_20260607_084642/h3.pcap,a6:16:c4:c2:e2:e4,01:80:c2:00:00:0e,,,,,,60
2026-06-07T08:52:36.059242+00:00,jellyfish,widest_path,switch_down,run_scenario_jellyfish_widest_path_switch_down_20260607_084642,h3,jellyfish/widest_path/switch_down/run_scenario_jellyfish_widest_path_switch_down_20260607_084642/h3.pcap,a6:16:c4:c2:e2:e4,01:80:c2:00:00:0e,,,,,,60
2026-06-07T08:52:37.920561+00:00,jellyfish,widest_path,switch_down,run_scenario_jellyfish_widest_path_switch_down_20260607_084642,h3,jellyfish/widest_path/switch_down/run_scenario_jellyfish_widest_path_switch_down_20260607_084642/h3.pcap,00:00:00:00:03:01,00:00:00:00:09:01,10.0.0.4,10.0.0.10,IP,,,96
2026-06-07T08:52:38.090784+00:00,jellyfish,widest_path,switch_down,run_scenario_jellyfish_widest_path_switch_down_20260607_084642,h3,jellyfish/widest_path/switch_down/run_scenario_jellyfish_widest_path_switch_down_20260607_084642/h3.pcap,a6:16:c4:c2:e2:e4,01:80:c2:00:00:0e,,,,,,60
2026-06-07T08:52:40.120670+00:00,jellyfish,widest_path,switch_down,run_scenario_jellyfish_widest_path_switch_down_20260607_084642,h3,jellyfish/widest_path/switch_down/run_scenario_jellyfish_widest_path_switch_down_20260607_084642/h3.pcap,a6:16:c4:c2:e2:e4,01:80:c2:00:00:0e,,,,,,60
2026-06-07T08:52:42.152338+00:00,jellyfish,widest_path,switch_down,run_scenario_jellyfish_widest_path_switch_down_20260607_084642,h3,jellyfish/widest_path/switch_down/run_scenario_jellyfish_widest_path_switch_down_20260607_084642/h3.pcap,a6:16:c4:c2:e2:e4,01:80:c2:00:00:0e,,,,,,60
2026-06-07T08:52:44.184688+00:00,jellyfish,widest_path,switch_down,run_scenario_jellyfish_widest_path_switch_down_20260607_084642,h3,jellyfish/widest_path/switch_down/run_scenario_jellyfish_widest_path_switch_down_20260607_084642/h3.pcap,a6:16:c4:c2:e2:e4,01:80:c2:00:00:0e,,,,,,60
2026-06-07T08:52:46.219922+00:00,jellyfish,widest_path,switch_down,run_scenario_jellyfish_widest_path_switch_down_20260607_084642,h3,jellyfish/widest_path/switch_down/run_scenario_jellyfish_widest_path_switch_down_20260607_084642/h3.pcap,a6:16:c4:c2:e2:e4,01:80:c2:00:00:0e,,,,,,60
2026-06-07T08:52:48.253754+00:00,jellyfish,widest_path,switch_down,run_scenario_jellyfish_widest_path_switch_down_20260607_084642,h3,jellyfish/widest_path/switch_down/run_scenario_jellyfish_widest_path_switch_down_20260607_084642/h3.pcap,a6:16:c4:c2:e2:e4,01:80:c2:00:00:0e,,,,,,60
2026-06-07T08:52:50.285903+00:00,jellyfish,widest_path,switch_down,run_scenario_jellyfish_widest_path_switch_down_20260607_084642,h3,jellyfish/widest_path/switch_down/run_scenario_jellyfish_widest_path_switch_down_20260607_084642/h3.pcap,a6:16:c4:c2:e2:e4,01:80:c2:00:00:0e,,,,,,60
2026-06-07T08:52:52.323279+00:00,jellyfish,widest_path,switch_down,run_scenario_jellyfish_widest_path_switch_down_20260607_084642,h3,jellyfish/widest_path/switch_down/run_scenario_jellyfish_widest_path_switch_down_20260607_084642/h3.pcap,a6:16:c4:c2:e2:e4,01:80:c2:00:00:0e,,,,,,60
2026-06-07T08:52:54.361845+00:00,jellyfish,widest_path,switch_down,run_scenario_jellyfish_widest_path_switch_down_20260607_084642,h3,jellyfish/widest_path/switch_down/run_scenario_jellyfish_widest_path_switch_down_20260607_084642/h3.pcap,a6:16:c4:c2:e2:e4,01:80:c2:00:00:0e,,,,,,60
2026-06-07T08:52:56.394336+00:00,jellyfish,widest_path,switch_down,run_scenario_jellyfish_widest_path_switch_down_20260607_084642,h3,jellyfish/widest_path/switch_down/run_scenario_jellyfish_widest_path_switch_down_20260607_084642/h3.pcap,a6:16:c4:c2:e2:e4,01:80:c2:00:00:0e,,,,,,60
2026-06-07T08:52:57.974789+00:00,jellyfish,widest_path,switch_down,run_scenario_jellyfish_widest_path_switch_down_20260607_084642,h3,jellyfish/widest_path/switch_down/run_scenario_jellyfish_widest_path_switch_down_20260607_084642/h3.pcap,00:00:00:00:04:01,00:00:00:00:03:01,10.0.0.5,10.0.0.4,IP,,,96
2026-06-07T08:52:57.974856+00:00,jellyfish,widest_path,switch_down,run_scenario_jellyfish_widest_path_switch_down_20260607_084642,h3,jellyfish/widest_path/switch_down/run_scenario_jellyfish_widest_path_switch_down_20260607_084642/h3.pcap,00:00:00:00:03:01,00:00:00:00:04:01,10.0.0.4,10.0.0.5,IP,,,96
2026-06-07T08:52:58.425740+00:00,jellyfish,widest_path,switch_down,run_scenario_jellyfish_widest_path_switch_down_20260607_084642,h3,jellyfish/widest_path/switch_down/run_scenario_jellyfish_widest_path_switch_down_20260607_084642/h3.pcap,a6:16:c4:c2:e2:e4,01:80:c2:00:00:0e,,,,,,60
2026-06-07T08:53:00.458177+00:00,jellyfish,widest_path,switch_down,run_scenario_jellyfish_widest_path_switch_down_20260607_084642,h3,jellyfish/widest_path/switch_down/run_scenario_jellyfish_widest_path_switch_down_20260607_084642/h3.pcap,a6:16:c4:c2:e2:e4,01:80:c2:00:00:0e,,,,,,60
2026-06-07T08:53:02.491531+00:00,jellyfish,widest_path,switch_down,run_scenario_jellyfish_widest_path_switch_down_20260607_084642,h3,jellyfish/widest_path/switch_down/run_scenario_jellyfish_widest_path_switch_down_20260607_084642/h3.pcap,a6:16:c4:c2:e2:e4,01:80:c2:00:00:0e,,,,,,60
2026-06-07T08:53:04.526312+00:00,jellyfish,widest_path,switch_down,run_scenario_jellyfish_widest_path_switch_down_20260607_084642,h3,jellyfish/widest_path/switch_down/run_scenario_jellyfish_widest_path_switch_down_20260607_084642/h3.pcap,a6:16:c4:c2:e2:e4,01:80:c2:00:00:0e,,,,,,60
2026-06-07T08:53:09.285702+00:00,jellyfish,widest_path,switch_down,run_scenario_jellyfish_widest_path_switch_down_20260607_084642,h3,jellyfish/widest_path/switch_down/run_scenario_jellyfish_widest_path_switch_down_20260607_084642/h3.pcap,a6:16:c4:c2:e2:e4,01:80:c2:00:00:0e,,,,,,60
2026-06-07T08:53:11.320936+00:00,jellyfish,widest_path,switch_down,run_scenario_jellyfish_widest_path_switch_down_20260607_084642,h3,jellyfish/widest_path/switch_down/run_scenario_jellyfish_widest_path_switch_down_20260607_084642/h3.pcap,a6:16:c4:c2:e2:e4,01:80:c2:00:00:0e,,,,,,60
2026-06-07T08:53:13.352678+00:00,jellyfish,widest_path,switch_down,run_scenario_jellyfish_widest_path_switch_down_20260607_084642,h3,jellyfish/widest_path/switch_down/run_scenario_jellyfish_widest_path_switch_down_20260607_084642/h3.pcap,a6:16:c4:c2:e2:e4,01:80:c2:00:00:0e,,,,,,60
2026-06-07T08:53:15.385857+00:00,jellyfish,widest_path,switch_down,run_scenario_jellyfish_widest_path_switch_down_20260607_084642,h3,jellyfish/widest_path/switch_down/run_scenario_jellyfish_widest_path_switch_down_20260607_084642/h3.pcap,a6:16:c4:c2:e2:e4,01:80:c2:00:00:0e,,,,,,60
2026-06-07T08:53:17.422094+00:00,jellyfish,widest_path,switch_down,run_scenario_jellyfish_widest_path_switch_down_20260607_084642,h3,jellyfish/widest_path/switch_down/run_scenario_jellyfish_widest_path_switch_down_20260607_084642/h3.pcap,a6:16:c4:c2:e2:e4,01:80:c2:00:00:0e,,,,,,60
2026-06-07T08:53:19.457945+00:00,jellyfish,widest_path,switch_down,run_scenario_jellyfish_widest_path_switch_down_20260607_084642,h3,jellyfish/widest_path/switch_down/run_scenario_jellyfish_widest_path_switch_down_20260607_084642/h3.pcap,a6:16:c4:c2:e2:e4,01:80:c2:00:00:0e,,,,,,60
2026-06-07T08:53:21.495331+00:00,jellyfish,widest_path,switch_down,run_scenario_jellyfish_widest_path_switch_down_20260607_084642,h3,jellyfish/widest_path/switch_down/run_scenario_jellyfish_widest_path_switch_down_20260607_084642/h3.pcap,a6:16:c4:c2:e2:e4,01:80:c2:00:00:0e,,,,,,60
2026-06-07T08:53:23.533981+00:00,jellyfish,widest_path,switch_down,run_scenario_jellyfish_widest_path_switch_down_20260607_084642,h3,jellyfish/widest_path/switch_down/run_scenario_jellyfish_widest_path_switch_down_20260607_084642/h3.pcap,a6:16:c4:c2:e2:e4,01:80:c2:00:00:0e,,,,,,60
2026-06-07T08:53:25.572690+00:00,jellyfish,widest_path,switch_down,run_scenario_jellyfish_widest_path_switch_down_20260607_084642,h3,jellyfish/widest_path/switch_down/run_scenario_jellyfish_widest_path_switch_down_20260607_084642/h3.pcap,a6:16:c4:c2:e2:e4,01:80:c2:00:00:0e,,,,,,60
2026-06-07T08:53:27.609207+00:00,jellyfish,widest_path,switch_down,run_scenario_jellyfish_widest_path_switch_down_20260607_084642,h3,jellyfish/widest_path/switch_down/run_scenario_jellyfish_widest_path_switch_down_20260607_084642/h3.pcap,a6:16:c4:c2:e2:e4,01:80:c2:00:00:0e,,,,,,60
2026-06-07T08:53:29.646260+00:00,jellyfish,widest_path,switch_down,run_scenario_jellyfish_widest_path_switch_down_20260607_084642,h3,jellyfish/widest_path/switch_down/run_scenario_jellyfish_widest_path_switch_down_20260607_084642/h3.pcap,a6:16:c4:c2:e2:e4,01:80:c2:00:00:0e,,,,,,60
2026-06-07T08:53:31.682434+00:00,jellyfish,widest_path,switch_down,run_scenario_jellyfish_widest_path_switch_down_20260607_084642,h3,jellyfish/widest_path/switch_down/run_scenario_jellyfish_widest_path_switch_down_20260607_084642/h3.pcap,a6:16:c4:c2:e2:e4,01:80:c2:00:00:0e,,,,,,60
2026-06-07T08:53:33.712720+00:00,jellyfish,widest_path,switch_down,run_scenario_jellyfish_widest_path_switch_down_20260607_084642,h3,jellyfish/widest_path/switch_down/run_scenario_jellyfish_widest_path_switch_down_20260607_084642/h3.pcap,a6:16:c4:c2:e2:e4,01:80:c2:00:00:0e,,,,,,60
2026-06-07T08:53:35.743938+00:00,jellyfish,widest_path,switch_down,run_scenario_jellyfish_widest_path_switch_down_20260607_084642,h3,jellyfish/widest_path/switch_down/run_scenario_jellyfish_widest_path_switch_down_20260607_084642/h3.pcap,a6:16:c4:c2:e2:e4,01:80:c2:00:00:0e,,,,,,60
2026-06-07T08:53:37.050657+00:00,jellyfish,widest_path,switch_down,run_scenario_jellyfish_widest_path_switch_down_20260607_084642,h3,jellyfish/widest_path/switch_down/run_scenario_jellyfish_widest_path_switch_down_20260607_084642/h3.pcap,a6:16:c4:c2:e2:e4,01:80:c2:00:00:0e,,,,,,60
2026-06-07T08:53:42.537879+00:00,jellyfish,widest_path,switch_down,run_scenario_jellyfish_widest_path_switch_down_20260607_084642,h3,jellyfish/widest_path/switch_down/run_scenario_jellyfish_widest_path_switch_down_20260607_084642/h3.pcap,a6:16:c4:c2:e2:e4,01:80:c2:00:00:0e,,,,,,60
2026-06-07T08:53:44.577066+00:00,jellyfish,widest_path,switch_down,run_scenario_jellyfish_widest_path_switch_down_20260607_084642,h3,jellyfish/widest_path/switch_down/run_scenario_jellyfish_widest_path_switch_down_20260607_084642/h3.pcap,a6:16:c4:c2:e2:e4,01:80:c2:00:00:0e,,,,,,60
2026-06-07T08:53:46.611685+00:00,jellyfish,widest_path,switch_down,run_scenario_jellyfish_widest_path_switch_down_20260607_084642,h3,jellyfish/widest_path/switch_down/run_scenario_jellyfish_widest_path_switch_down_20260607_084642/h3.pcap,a6:16:c4:c2:e2:e4,01:80:c2:00:00:0e,,,,,,60
2026-06-07T08:53:48.673806+00:00,jellyfish,widest_path,switch_down,run_scenario_jellyfish_widest_path_switch_down_20260607_084642,h3,jellyfish/widest_path/switch_down/run_scenario_jellyfish_widest_path_switch_down_20260607_084642/h3.pcap,a6:16:c4:c2:e2:e4,01:80:c2:00:00:0e,,,,,,60
2026-06-07T08:53:50.710391+00:00,jellyfish,widest_path,switch_down,run_scenario_jellyfish_widest_path_switch_down_20260607_084642,h3,jellyfish/widest_path/switch_down/run_scenario_jellyfish_widest_path_switch_down_20260607_084642/h3.pcap,a6:16:c4:c2:e2:e4,01:80:c2:00:00:0e,,,,,,60
2026-06-07T08:53:52.744764+00:00,jellyfish,widest_path,switch_down,run_scenario_jellyfish_widest_path_switch_down_20260607_084642,h3,jellyfish/widest_path/switch_down/run_scenario_jellyfish_widest_path_switch_down_20260607_084642/h3.pcap,a6:16:c4:c2:e2:e4,01:80:c2:00:00:0e,,,,,,60
2026-06-07T08:53:54.776056+00:00,jellyfish,widest_path,switch_down,run_scenario_jellyfish_widest_path_switch_down_20260607_084642,h3,jellyfish/widest_path/switch_down/run_scenario_jellyfish_widest_path_switch_down_20260607_084642/h3.pcap,a6:16:c4:c2:e2:e4,01:80:c2:00:00:0e,,,,,,60
2026-06-07T08:53:56.804925+00:00,jellyfish,widest_path,switch_down,run_scenario_jellyfish_widest_path_switch_down_20260607_084642,h3,jellyfish/widest_path/switch_down/run_scenario_jellyfish_widest_path_switch_down_20260607_084642/h3.pcap,a6:16:c4:c2:e2:e4,01:80:c2:00:00:0e,,,,,,60
2026-06-07T08:53:58.837516+00:00,jellyfish,widest_path,switch_down,run_scenario_jellyfish_widest_path_switch_down_20260607_084642,h3,jellyfish/widest_path/switch_down/run_scenario_jellyfish_widest_path_switch_down_20260607_084642/h3.pcap,a6:16:c4:c2:e2:e4,01:80:c2:00:00:0e,,,,,,60
2026-06-07T08:54:00.874048+00:00,jellyfish,widest_path,switch_down,run_scenario_jellyfish_widest_path_switch_down_20260607_084642,h3,jellyfish/widest_path/switch_down/run_scenario_jellyfish_widest_path_switch_down_20260607_084642/h3.pcap,a6:16:c4:c2:e2:e4,01:80:c2:00:00:0e,,,,,,60
2026-06-07T08:54:02.910146+00:00,jellyfish,widest_path,switch_down,run_scenario_jellyfish_widest_path_switch_down_20260607_084642,h3,jellyfish/widest_path/switch_down/run_scenario_jellyfish_widest_path_switch_down_20260607_084642/h3.pcap,a6:16:c4:c2:e2:e4,01:80:c2:00:00:0e,,,,,,60
2026-06-07T08:54:03.538279+00:00,jellyfish,widest_path,switch_down,run_scenario_jellyfish_widest_path_switch_down_20260607_084642,h3,jellyfish/widest_path/switch_down/run_scenario_jellyfish_widest_path_switch_down_20260607_084642/h3.pcap,00:00:00:00:05:01,00:00:00:00:03:01,10.0.0.6,10.0.0.4,IP,,,96
2026-06-07T08:54:03.538493+00:00,jellyfish,widest_path,switch_down,run_scenario_jellyfish_widest_path_switch_down_20260607_084642,h3,jellyfish/widest_path/switch_down/run_scenario_jellyfish_widest_path_switch_down_20260607_084642/h3.pcap,00:00:00:00:03:01,00:00:00:00:05:01,10.0.0.4,10.0.0.6,IP,,,96
2026-06-07T08:54:04.939990+00:00,jellyfish,widest_path,switch_down,run_scenario_jellyfish_widest_path_switch_down_20260607_084642,h3,jellyfish/widest_path/switch_down/run_scenario_jellyfish_widest_path_switch_down_20260607_084642/h3.pcap,a6:16:c4:c2:e2:e4,01:80:c2:00:00:0e,,,,,,60
2026-06-07T08:54:06.972638+00:00,jellyfish,widest_path,switch_down,run_scenario_jellyfish_widest_path_switch_down_20260607_084642,h3,jellyfish/widest_path/switch_down/run_scenario_jellyfish_widest_path_switch_down_20260607_084642/h3.pcap,a6:16:c4:c2:e2:e4,01:80:c2:00:00:0e,,,,,,60
2026-06-07T08:54:09.005541+00:00,jellyfish,widest_path,switch_down,run_scenario_jellyfish_widest_path_switch_down_20260607_084642,h3,jellyfish/widest_path/switch_down/run_scenario_jellyfish_widest_path_switch_down_20260607_084642/h3.pcap,a6:16:c4:c2:e2:e4,01:80:c2:00:00:0e,,,,,,60
2026-06-07T08:54:13.767987+00:00,jellyfish,widest_path,switch_down,run_scenario_jellyfish_widest_path_switch_down_20260607_084642,h3,jellyfish/widest_path/switch_down/run_scenario_jellyfish_widest_path_switch_down_20260607_084642/h3.pcap,a6:16:c4:c2:e2:e4,01:80:c2:00:00:0e,,,,,,60
2026-06-07T08:54:15.797567+00:00,jellyfish,widest_path,switch_down,run_scenario_jellyfish_widest_path_switch_down_20260607_084642,h3,jellyfish/widest_path/switch_down/run_scenario_jellyfish_widest_path_switch_down_20260607_084642/h3.pcap,a6:16:c4:c2:e2:e4,01:80:c2:00:00:0e,,,,,,60
2026-06-07T08:54:17.832126+00:00,jellyfish,widest_path,switch_down,run_scenario_jellyfish_widest_path_switch_down_20260607_084642,h3,jellyfish/widest_path/switch_down/run_scenario_jellyfish_widest_path_switch_down_20260607_084642/h3.pcap,a6:16:c4:c2:e2:e4,01:80:c2:00:00:0e,,,,,,60
2026-06-07T08:54:19.865146+00:00,jellyfish,widest_path,switch_down,run_scenario_jellyfish_widest_path_switch_down_20260607_084642,h3,jellyfish/widest_path/switch_down/run_scenario_jellyfish_widest_path_switch_down_20260607_084642/h3.pcap,a6:16:c4:c2:e2:e4,01:80:c2:00:00:0e,,,,,,60
2026-06-07T08:54:21.898869+00:00,jellyfish,widest_path,switch_down,run_scenario_jellyfish_widest_path_switch_down_20260607_084642,h3,jellyfish/widest_path/switch_down/run_scenario_jellyfish_widest_path_switch_down_20260607_084642/h3.pcap,a6:16:c4:c2:e2:e4,01:80:c2:00:00:0e,,,,,,60
2026-06-07T08:54:23.935301+00:00,jellyfish,widest_path,switch_down,run_scenario_jellyfish_widest_path_switch_down_20260607_084642,h3,jellyfish/widest_path/switch_down/run_scenario_jellyfish_widest_path_switch_down_20260607_084642/h3.pcap,a6:16:c4:c2:e2:e4,01:80:c2:00:00:0e,,,,,,60
2026-06-07T08:54:25.970593+00:00,jellyfish,widest_path,switch_down,run_scenario_jellyfish_widest_path_switch_down_20260607_084642,h3,jellyfish/widest_path/switch_down/run_scenario_jellyfish_widest_path_switch_down_20260607_084642/h3.pcap,a6:16:c4:c2:e2:e4,01:80:c2:00:00:0e,,,,,,60
2026-06-07T08:54:28.004292+00:00,jellyfish,widest_path,switch_down,run_scenario_jellyfish_widest_path_switch_down_20260607_084642,h3,jellyfish/widest_path/switch_down/run_scenario_jellyfish_widest_path_switch_down_20260607_084642/h3.pcap,a6:16:c4:c2:e2:e4,01:80:c2:00:00:0e,,,,,,60
2026-06-07T08:54:30.032385+00:00,jellyfish,widest_path,switch_down,run_scenario_jellyfish_widest_path_switch_down_20260607_084642,h3,jellyfish/widest_path/switch_down/run_scenario_jellyfish_widest_path_switch_down_20260607_084642/h3.pcap,a6:16:c4:c2:e2:e4,01:80:c2:00:00:0e,,,,,,60
2026-06-07T08:54:32.069326+00:00,jellyfish,widest_path,switch_down,run_scenario_jellyfish_widest_path_switch_down_20260607_084642,h3,jellyfish/widest_path/switch_down/run_scenario_jellyfish_widest_path_switch_down_20260607_084642/h3.pcap,a6:16:c4:c2:e2:e4,01:80:c2:00:00:0e,,,,,,60
2026-06-07T08:54:34.101322+00:00,jellyfish,widest_path,switch_down,run_scenario_jellyfish_widest_path_switch_down_20260607_084642,h3,jellyfish/widest_path/switch_down/run_scenario_jellyfish_widest_path_switch_down_20260607_084642/h3.pcap,a6:16:c4:c2:e2:e4,01:80:c2:00:00:0e,,,,,,60
2026-06-07T08:54:36.132524+00:00,jellyfish,widest_path,switch_down,run_scenario_jellyfish_widest_path_switch_down_20260607_084642,h3,jellyfish/widest_path/switch_down/run_scenario_jellyfish_widest_path_switch_down_20260607_084642/h3.pcap,a6:16:c4:c2:e2:e4,01:80:c2:00:00:0e,,,,,,60
2026-06-07T08:54:38.166900+00:00,jellyfish,widest_path,switch_down,run_scenario_jellyfish_widest_path_switch_down_20260607_084642,h3,jellyfish/widest_path/switch_down/run_scenario_jellyfish_widest_path_switch_down_20260607_084642/h3.pcap,a6:16:c4:c2:e2:e4,01:80:c2:00:00:0e,,,,,,60
2026-06-07T08:54:40.199275+00:00,jellyfish,widest_path,switch_down,run_scenario_jellyfish_widest_path_switch_down_20260607_084642,h3,jellyfish/widest_path/switch_down/run_scenario_jellyfish_widest_path_switch_down_20260607_084642/h3.pcap,a6:16:c4:c2:e2:e4,01:80:c2:00:00:0e,,,,,,60
2026-06-07T08:54:42.233177+00:00,jellyfish,widest_path,switch_down,run_scenario_jellyfish_widest_path_switch_down_20260607_084642,h3,jellyfish/widest_path/switch_down/run_scenario_jellyfish_widest_path_switch_down_20260607_084642/h3.pcap,a6:16:c4:c2:e2:e4,01:80:c2:00:00:0e,,,,,,60
2026-06-07T08:54:46.996810+00:00,jellyfish,widest_path,switch_down,run_scenario_jellyfish_widest_path_switch_down_20260607_084642,h3,jellyfish/widest_path/switch_down/run_scenario_jellyfish_widest_path_switch_down_20260607_084642/h3.pcap,a6:16:c4:c2:e2:e4,01:80:c2:00:00:0e,,,,,,60
2026-06-07T08:54:49.059498+00:00,jellyfish,widest_path,switch_down,run_scenario_jellyfish_widest_path_switch_down_20260607_084642,h3,jellyfish/widest_path/switch_down/run_scenario_jellyfish_widest_path_switch_down_20260607_084642/h3.pcap,a6:16:c4:c2:e2:e4,01:80:c2:00:00:0e,,,,,,60
2026-06-07T08:54:51.095156+00:00,jellyfish,widest_path,switch_down,run_scenario_jellyfish_widest_path_switch_down_20260607_084642,h3,jellyfish/widest_path/switch_down/run_scenario_jellyfish_widest_path_switch_down_20260607_084642/h3.pcap,a6:16:c4:c2:e2:e4,01:80:c2:00:00:0e,,,,,,60
2026-06-07T08:54:53.125807+00:00,jellyfish,widest_path,switch_down,run_scenario_jellyfish_widest_path_switch_down_20260607_084642,h3,jellyfish/widest_path/switch_down/run_scenario_jellyfish_widest_path_switch_down_20260607_084642/h3.pcap,a6:16:c4:c2:e2:e4,01:80:c2:00:00:0e,,,,,,60
2026-06-07T08:54:55.157090+00:00,jellyfish,widest_path,switch_down,run_scenario_jellyfish_widest_path_switch_down_20260607_084642,h3,jellyfish/widest_path/switch_down/run_scenario_jellyfish_widest_path_switch_down_20260607_084642/h3.pcap,a6:16:c4:c2:e2:e4,01:80:c2:00:00:0e,,,,,,60
2026-06-07T08:54:57.190964+00:00,jellyfish,widest_path,switch_down,run_scenario_jellyfish_widest_path_switch_down_20260607_084642,h3,jellyfish/widest_path/switch_down/run_scenario_jellyfish_widest_path_switch_down_20260607_084642/h3.pcap,a6:16:c4:c2:e2:e4,01:80:c2:00:00:0e,,,,,,60
2026-06-07T08:54:59.178704+00:00,jellyfish,widest_path,switch_down,run_scenario_jellyfish_widest_path_switch_down_20260607_084642,h3,jellyfish/widest_path/switch_down/run_scenario_jellyfish_widest_path_switch_down_20260607_084642/h3.pcap,00:00:00:00:06:01,00:00:00:00:03:01,10.0.0.7,10.0.0.4,IP,,,96
2026-06-07T08:54:59.178743+00:00,jellyfish,widest_path,switch_down,run_scenario_jellyfish_widest_path_switch_down_20260607_084642,h3,jellyfish/widest_path/switch_down/run_scenario_jellyfish_widest_path_switch_down_20260607_084642/h3.pcap,00:00:00:00:03:01,00:00:00:00:06:01,10.0.0.4,10.0.0.7,IP,,,96
2026-06-07T08:54:59.227702+00:00,jellyfish,widest_path,switch_down,run_scenario_jellyfish_widest_path_switch_down_20260607_084642,h3,jellyfish/widest_path/switch_down/run_scenario_jellyfish_widest_path_switch_down_20260607_084642/h3.pcap,a6:16:c4:c2:e2:e4,01:80:c2:00:00:0e,,,,,,60
2026-06-07T08:55:01.262531+00:00,jellyfish,widest_path,switch_down,run_scenario_jellyfish_widest_path_switch_down_20260607_084642,h3,jellyfish/widest_path/switch_down/run_scenario_jellyfish_widest_path_switch_down_20260607_084642/h3.pcap,a6:16:c4:c2:e2:e4,01:80:c2:00:00:0e,,,,,,60
2026-06-07T08:55:03.302023+00:00,jellyfish,widest_path,switch_down,run_scenario_jellyfish_widest_path_switch_down_20260607_084642,h3,jellyfish/widest_path/switch_down/run_scenario_jellyfish_widest_path_switch_down_20260607_084642/h3.pcap,a6:16:c4:c2:e2:e4,01:80:c2:00:00:0e,,,,,,60
2026-06-07T08:55:05.341775+00:00,jellyfish,widest_path,switch_down,run_scenario_jellyfish_widest_path_switch_down_20260607_084642,h3,jellyfish/widest_path/switch_down/run_scenario_jellyfish_widest_path_switch_down_20260607_084642/h3.pcap,a6:16:c4:c2:e2:e4,01:80:c2:00:00:0e,,,,,,60
2026-06-07T08:55:07.374204+00:00,jellyfish,widest_path,switch_down,run_scenario_jellyfish_widest_path_switch_down_20260607_084642,h3,jellyfish/widest_path/switch_down/run_scenario_jellyfish_widest_path_switch_down_20260607_084642/h3.pcap,a6:16:c4:c2:e2:e4,01:80:c2:00:00:0e,,,,,,60
2026-06-07T08:55:09.411520+00:00,jellyfish,widest_path,switch_down,run_scenario_jellyfish_widest_path_switch_down_20260607_084642,h3,jellyfish/widest_path/switch_down/run_scenario_jellyfish_widest_path_switch_down_20260607_084642/h3.pcap,a6:16:c4:c2:e2:e4,01:80:c2:00:00:0e,,,,,,60
2026-06-07T08:55:11.447739+00:00,jellyfish,widest_path,switch_down,run_scenario_jellyfish_widest_path_switch_down_20260607_084642,h3,jellyfish/widest_path/switch_down/run_scenario_jellyfish_widest_path_switch_down_20260607_084642/h3.pcap,a6:16:c4:c2:e2:e4,01:80:c2:00:00:0e,,,,,,60
2026-06-07T08:55:13.484921+00:00,jellyfish,widest_path,switch_down,run_scenario_jellyfish_widest_path_switch_down_20260607_084642,h3,jellyfish/widest_path/switch_down/run_scenario_jellyfish_widest_path_switch_down_20260607_084642/h3.pcap,a6:16:c4:c2:e2:e4,01:80:c2:00:00:0e,,,,,,60
2026-06-07T08:55:15.521249+00:00,jellyfish,widest_path,switch_down,run_scenario_jellyfish_widest_path_switch_down_20260607_084642,h3,jellyfish/widest_path/switch_down/run_scenario_jellyfish_widest_path_switch_down_20260607_084642/h3.pcap,a6:16:c4:c2:e2:e4,01:80:c2:00:00:0e,,,,,,60
2026-06-07T08:55:20.285485+00:00,jellyfish,widest_path,switch_down,run_scenario_jellyfish_widest_path_switch_down_20260607_084642,h3,jellyfish/widest_path/switch_down/run_scenario_jellyfish_widest_path_switch_down_20260607_084642/h3.pcap,a6:16:c4:c2:e2:e4,01:80:c2:00:00:0e,,,,,,60
2026-06-07T08:55:22.322597+00:00,jellyfish,widest_path,switch_down,run_scenario_jellyfish_widest_path_switch_down_20260607_084642,h3,jellyfish/widest_path/switch_down/run_scenario_jellyfish_widest_path_switch_down_20260607_084642/h3.pcap,a6:16:c4:c2:e2:e4,01:80:c2:00:00:0e,,,,,,60
2026-06-07T08:55:24.361204+00:00,jellyfish,widest_path,switch_down,run_scenario_jellyfish_widest_path_switch_down_20260607_084642,h3,jellyfish/widest_path/switch_down/run_scenario_jellyfish_widest_path_switch_down_20260607_084642/h3.pcap,a6:16:c4:c2:e2:e4,01:80:c2:00:00:0e,,,,,,60
2026-06-07T08:55:26.395235+00:00,jellyfish,widest_path,switch_down,run_scenario_jellyfish_widest_path_switch_down_20260607_084642,h3,jellyfish/widest_path/switch_down/run_scenario_jellyfish_widest_path_switch_down_20260607_084642/h3.pcap,a6:16:c4:c2:e2:e4,01:80:c2:00:00:0e,,,,,,60
2026-06-07T08:55:28.429050+00:00,jellyfish,widest_path,switch_down,run_scenario_jellyfish_widest_path_switch_down_20260607_084642,h3,jellyfish/widest_path/switch_down/run_scenario_jellyfish_widest_path_switch_down_20260607_084642/h3.pcap,a6:16:c4:c2:e2:e4,01:80:c2:00:00:0e,,,,,,60
2026-06-07T08:55:30.462118+00:00,jellyfish,widest_path,switch_down,run_scenario_jellyfish_widest_path_switch_down_20260607_084642,h3,jellyfish/widest_path/switch_down/run_scenario_jellyfish_widest_path_switch_down_20260607_084642/h3.pcap,a6:16:c4:c2:e2:e4,01:80:c2:00:00:0e,,,,,,60
2026-06-07T08:55:32.502711+00:00,jellyfish,widest_path,switch_down,run_scenario_jellyfish_widest_path_switch_down_20260607_084642,h3,jellyfish/widest_path/switch_down/run_scenario_jellyfish_widest_path_switch_down_20260607_084642/h3.pcap,a6:16:c4:c2:e2:e4,01:80:c2:00:00:0e,,,,,,60
2026-06-07T08:55:34.535650+00:00,jellyfish,widest_path,switch_down,run_scenario_jellyfish_widest_path_switch_down_20260607_084642,h3,jellyfish/widest_path/switch_down/run_scenario_jellyfish_widest_path_switch_down_20260607_084642/h3.pcap,a6:16:c4:c2:e2:e4,01:80:c2:00:00:0e,,,,,,60
2026-06-07T08:55:36.566005+00:00,jellyfish,widest_path,switch_down,run_scenario_jellyfish_widest_path_switch_down_20260607_084642,h3,jellyfish/widest_path/switch_down/run_scenario_jellyfish_widest_path_switch_down_20260607_084642/h3.pcap,a6:16:c4:c2:e2:e4,01:80:c2:00:00:0e,,,,,,60
2026-06-07T08:55:38.598652+00:00,jellyfish,widest_path,switch_down,run_scenario_jellyfish_widest_path_switch_down_20260607_084642,h3,jellyfish/widest_path/switch_down/run_scenario_jellyfish_widest_path_switch_down_20260607_084642/h3.pcap,a6:16:c4:c2:e2:e4,01:80:c2:00:00:0e,,,,,,60
2026-06-07T08:55:40.655979+00:00,jellyfish,widest_path,switch_down,run_scenario_jellyfish_widest_path_switch_down_20260607_084642,h3,jellyfish/widest_path/switch_down/run_scenario_jellyfish_widest_path_switch_down_20260607_084642/h3.pcap,a6:16:c4:c2:e2:e4,01:80:c2:00:00:0e,,,,,,60
2026-06-07T08:55:42.328659+00:00,jellyfish,widest_path,switch_down,run_scenario_jellyfish_widest_path_switch_down_20260607_084642,h3,jellyfish/widest_path/switch_down/run_scenario_jellyfish_widest_path_switch_down_20260607_084642/h3.pcap,00:00:00:00:07:01,00:00:00:00:03:01,10.0.0.8,10.0.0.4,IP,,,96
2026-06-07T08:55:42.328737+00:00,jellyfish,widest_path,switch_down,run_scenario_jellyfish_widest_path_switch_down_20260607_084642,h3,jellyfish/widest_path/switch_down/run_scenario_jellyfish_widest_path_switch_down_20260607_084642/h3.pcap,00:00:00:00:03:01,00:00:00:00:07:01,10.0.0.4,10.0.0.8,IP,,,96
2026-06-07T08:55:42.783802+00:00,jellyfish,widest_path,switch_down,run_scenario_jellyfish_widest_path_switch_down_20260607_084642,h3,jellyfish/widest_path/switch_down/run_scenario_jellyfish_widest_path_switch_down_20260607_084642/h3.pcap,a6:16:c4:c2:e2:e4,01:80:c2:00:00:0e,,,,,,60
2026-06-07T08:55:44.814052+00:00,jellyfish,widest_path,switch_down,run_scenario_jellyfish_widest_path_switch_down_20260607_084642,h3,jellyfish/widest_path/switch_down/run_scenario_jellyfish_widest_path_switch_down_20260607_084642/h3.pcap,a6:16:c4:c2:e2:e4,01:80:c2:00:00:0e,,,,,,60
2026-06-07T08:55:46.845854+00:00,jellyfish,widest_path,switch_down,run_scenario_jellyfish_widest_path_switch_down_20260607_084642,h3,jellyfish/widest_path/switch_down/run_scenario_jellyfish_widest_path_switch_down_20260607_084642/h3.pcap,a6:16:c4:c2:e2:e4,01:80:c2:00:00:0e,,,,,,60
2026-06-07T08:55:51.612330+00:00,jellyfish,widest_path,switch_down,run_scenario_jellyfish_widest_path_switch_down_20260607_084642,h3,jellyfish/widest_path/switch_down/run_scenario_jellyfish_widest_path_switch_down_20260607_084642/h3.pcap,a6:16:c4:c2:e2:e4,01:80:c2:00:00:0e,,,,,,60
2026-06-07T08:55:53.656630+00:00,jellyfish,widest_path,switch_down,run_scenario_jellyfish_widest_path_switch_down_20260607_084642,h3,jellyfish/widest_path/switch_down/run_scenario_jellyfish_widest_path_switch_down_20260607_084642/h3.pcap,a6:16:c4:c2:e2:e4,01:80:c2:00:00:0e,,,,,,60
2026-06-07T08:55:55.764278+00:00,jellyfish,widest_path,switch_down,run_scenario_jellyfish_widest_path_switch_down_20260607_084642,h3,jellyfish/widest_path/switch_down/run_scenario_jellyfish_widest_path_switch_down_20260607_084642/h3.pcap,a6:16:c4:c2:e2:e4,01:80:c2:00:00:0e,,,,,,60
2026-06-07T08:55:57.811990+00:00,jellyfish,widest_path,switch_down,run_scenario_jellyfish_widest_path_switch_down_20260607_084642,h3,jellyfish/widest_path/switch_down/run_scenario_jellyfish_widest_path_switch_down_20260607_084642/h3.pcap,a6:16:c4:c2:e2:e4,01:80:c2:00:00:0e,,,,,,60
2026-06-07T08:55:59.863710+00:00,jellyfish,widest_path,switch_down,run_scenario_jellyfish_widest_path_switch_down_20260607_084642,h3,jellyfish/widest_path/switch_down/run_scenario_jellyfish_widest_path_switch_down_20260607_084642/h3.pcap,a6:16:c4:c2:e2:e4,01:80:c2:00:00:0e,,,,,,60
2026-06-07T08:56:01.917342+00:00,jellyfish,widest_path,switch_down,run_scenario_jellyfish_widest_path_switch_down_20260607_084642,h3,jellyfish/widest_path/switch_down/run_scenario_jellyfish_widest_path_switch_down_20260607_084642/h3.pcap,a6:16:c4:c2:e2:e4,01:80:c2:00:00:0e,,,,,,60
2026-06-07T08:56:04.053674+00:00,jellyfish,widest_path,switch_down,run_scenario_jellyfish_widest_path_switch_down_20260607_084642,h3,jellyfish/widest_path/switch_down/run_scenario_jellyfish_widest_path_switch_down_20260607_084642/h3.pcap,a6:16:c4:c2:e2:e4,01:80:c2:00:00:0e,,,,,,60
2026-06-07T08:56:06.070804+00:00,jellyfish,widest_path,switch_down,run_scenario_jellyfish_widest_path_switch_down_20260607_084642,h3,jellyfish/widest_path/switch_down/run_scenario_jellyfish_widest_path_switch_down_20260607_084642/h3.pcap,a6:16:c4:c2:e2:e4,01:80:c2:00:00:0e,,,,,,60
2026-06-07T08:56:08.105737+00:00,jellyfish,widest_path,switch_down,run_scenario_jellyfish_widest_path_switch_down_20260607_084642,h3,jellyfish/widest_path/switch_down/run_scenario_jellyfish_widest_path_switch_down_20260607_084642/h3.pcap,a6:16:c4:c2:e2:e4,01:80:c2:00:00:0e,,,,,,60
2026-06-07T08:56:10.136440+00:00,jellyfish,widest_path,switch_down,run_scenario_jellyfish_widest_path_switch_down_20260607_084642,h3,jellyfish/widest_path/switch_down/run_scenario_jellyfish_widest_path_switch_down_20260607_084642/h3.pcap,a6:16:c4:c2:e2:e4,01:80:c2:00:00:0e,,,,,,60
2026-06-07T08:56:12.182964+00:00,jellyfish,widest_path,switch_down,run_scenario_jellyfish_widest_path_switch_down_20260607_084642,h3,jellyfish/widest_path/switch_down/run_scenario_jellyfish_widest_path_switch_down_20260607_084642/h3.pcap,a6:16:c4:c2:e2:e4,01:80:c2:00:00:0e,,,,,,60
2026-06-07T08:56:14.300904+00:00,jellyfish,widest_path,switch_down,run_scenario_jellyfish_widest_path_switch_down_20260607_084642,h3,jellyfish/widest_path/switch_down/run_scenario_jellyfish_widest_path_switch_down_20260607_084642/h3.pcap,a6:16:c4:c2:e2:e4,01:80:c2:00:00:0e,,,,,,60
2026-06-07T08:56:15.328268+00:00,jellyfish,widest_path,switch_down,run_scenario_jellyfish_widest_path_switch_down_20260607_084642,h3,jellyfish/widest_path/switch_down/run_scenario_jellyfish_widest_path_switch_down_20260607_084642/h3.pcap,00:00:00:00:08:01,00:00:00:00:03:01,10.0.0.9,10.0.0.4,IP,,,96
2026-06-07T08:56:15.328664+00:00,jellyfish,widest_path,switch_down,run_scenario_jellyfish_widest_path_switch_down_20260607_084642,h3,jellyfish/widest_path/switch_down/run_scenario_jellyfish_widest_path_switch_down_20260607_084642/h3.pcap,00:00:00:00:03:01,00:00:00:00:08:01,10.0.0.4,10.0.0.9,IP,,,96
2026-06-07T08:56:16.363488+00:00,jellyfish,widest_path,switch_down,run_scenario_jellyfish_widest_path_switch_down_20260607_084642,h3,jellyfish/widest_path/switch_down/run_scenario_jellyfish_widest_path_switch_down_20260607_084642/h3.pcap,a6:16:c4:c2:e2:e4,01:80:c2:00:00:0e,,,,,,60
2026-06-07T08:56:18.415831+00:00,jellyfish,widest_path,switch_down,run_scenario_jellyfish_widest_path_switch_down_20260607_084642,h3,jellyfish/widest_path/switch_down/run_scenario_jellyfish_widest_path_switch_down_20260607_084642/h3.pcap,a6:16:c4:c2:e2:e4,01:80:c2:00:00:0e,,,,,,60
2026-06-07T08:56:20.459235+00:00,jellyfish,widest_path,switch_down,run_scenario_jellyfish_widest_path_switch_down_20260607_084642,h3,jellyfish/widest_path/switch_down/run_scenario_jellyfish_widest_path_switch_down_20260607_084642/h3.pcap,a6:16:c4:c2:e2:e4,01:80:c2:00:00:0e,,,,,,60
2026-06-07T08:56:25.249229+00:00,jellyfish,widest_path,switch_down,run_scenario_jellyfish_widest_path_switch_down_20260607_084642,h3,jellyfish/widest_path/switch_down/run_scenario_jellyfish_widest_path_switch_down_20260607_084642/h3.pcap,a6:16:c4:c2:e2:e4,01:80:c2:00:00:0e,,,,,,60
2026-06-07T08:56:27.278508+00:00,jellyfish,widest_path,switch_down,run_scenario_jellyfish_widest_path_switch_down_20260607_084642,h3,jellyfish/widest_path/switch_down/run_scenario_jellyfish_widest_path_switch_down_20260607_084642/h3.pcap,a6:16:c4:c2:e2:e4,01:80:c2:00:00:0e,,,,,,60
2026-06-07T08:56:29.367283+00:00,jellyfish,widest_path,switch_down,run_scenario_jellyfish_widest_path_switch_down_20260607_084642,h3,jellyfish/widest_path/switch_down/run_scenario_jellyfish_widest_path_switch_down_20260607_084642/h3.pcap,a6:16:c4:c2:e2:e4,01:80:c2:00:00:0e,,,,,,60
2026-06-07T08:56:31.430063+00:00,jellyfish,widest_path,switch_down,run_scenario_jellyfish_widest_path_switch_down_20260607_084642,h3,jellyfish/widest_path/switch_down/run_scenario_jellyfish_widest_path_switch_down_20260607_084642/h3.pcap,a6:16:c4:c2:e2:e4,01:80:c2:00:00:0e,,,,,,60
2026-06-07T08:56:33.463881+00:00,jellyfish,widest_path,switch_down,run_scenario_jellyfish_widest_path_switch_down_20260607_084642,h3,jellyfish/widest_path/switch_down/run_scenario_jellyfish_widest_path_switch_down_20260607_084642/h3.pcap,a6:16:c4:c2:e2:e4,01:80:c2:00:00:0e,,,,,,60
2026-06-07T08:56:35.510451+00:00,jellyfish,widest_path,switch_down,run_scenario_jellyfish_widest_path_switch_down_20260607_084642,h3,jellyfish/widest_path/switch_down/run_scenario_jellyfish_widest_path_switch_down_20260607_084642/h3.pcap,a6:16:c4:c2:e2:e4,01:80:c2:00:00:0e,,,,,,60
2026-06-07T08:56:37.588641+00:00,jellyfish,widest_path,switch_down,run_scenario_jellyfish_widest_path_switch_down_20260607_084642,h3,jellyfish/widest_path/switch_down/run_scenario_jellyfish_widest_path_switch_down_20260607_084642/h3.pcap,a6:16:c4:c2:e2:e4,01:80:c2:00:00:0e,,,,,,60
2026-06-07T08:56:38.513900+00:00,jellyfish,widest_path,switch_down,run_scenario_jellyfish_widest_path_switch_down_20260607_084642,h3,jellyfish/widest_path/switch_down/run_scenario_jellyfish_widest_path_switch_down_20260607_084642/h3.pcap,00:00:00:00:09:01,00:00:00:00:03:01,10.0.0.10,10.0.0.4,IP,,,96
2026-06-07T08:56:38.514328+00:00,jellyfish,widest_path,switch_down,run_scenario_jellyfish_widest_path_switch_down_20260607_084642,h3,jellyfish/widest_path/switch_down/run_scenario_jellyfish_widest_path_switch_down_20260607_084642/h3.pcap,00:00:00:00:03:01,00:00:00:00:09:01,10.0.0.4,10.0.0.10,IP,,,96
2026-06-07T08:56:39.623282+00:00,jellyfish,widest_path,switch_down,run_scenario_jellyfish_widest_path_switch_down_20260607_084642,h3,jellyfish/widest_path/switch_down/run_scenario_jellyfish_widest_path_switch_down_20260607_084642/h3.pcap,a6:16:c4:c2:e2:e4,01:80:c2:00:00:0e,,,,,,60
2026-06-07T08:56:41.653935+00:00,jellyfish,widest_path,switch_down,run_scenario_jellyfish_widest_path_switch_down_20260607_084642,h3,jellyfish/widest_path/switch_down/run_scenario_jellyfish_widest_path_switch_down_20260607_084642/h3.pcap,a6:16:c4:c2:e2:e4,01:80:c2:00:00:0e,,,,,,60
2026-06-07T08:56:43.685857+00:00,jellyfish,widest_path,switch_down,run_scenario_jellyfish_widest_path_switch_down_20260607_084642,h3,jellyfish/widest_path/switch_down/run_scenario_jellyfish_widest_path_switch_down_20260607_084642/h3.pcap,a6:16:c4:c2:e2:e4,01:80:c2:00:00:0e,,,,,,60
2026-06-07T08:56:45.719562+00:00,jellyfish,widest_path,switch_down,run_scenario_jellyfish_widest_path_switch_down_20260607_084642,h3,jellyfish/widest_path/switch_down/run_scenario_jellyfish_widest_path_switch_down_20260607_084642/h3.pcap,a6:16:c4:c2:e2:e4,01:80:c2:00:00:0e,,,,,,60
2026-06-07T08:56:47.751503+00:00,jellyfish,widest_path,switch_down,run_scenario_jellyfish_widest_path_switch_down_20260607_084642,h3,jellyfish/widest_path/switch_down/run_scenario_jellyfish_widest_path_switch_down_20260607_084642/h3.pcap,a6:16:c4:c2:e2:e4,01:80:c2:00:00:0e,,,,,,60
2026-06-07T08:56:49.782772+00:00,jellyfish,widest_path,switch_down,run_scenario_jellyfish_widest_path_switch_down_20260607_084642,h3,jellyfish/widest_path/switch_down/run_scenario_jellyfish_widest_path_switch_down_20260607_084642/h3.pcap,a6:16:c4:c2:e2:e4,01:80:c2:00:00:0e,,,,,,60
2026-06-07T08:56:51.815820+00:00,jellyfish,widest_path,switch_down,run_scenario_jellyfish_widest_path_switch_down_20260607_084642,h3,jellyfish/widest_path/switch_down/run_scenario_jellyfish_widest_path_switch_down_20260607_084642/h3.pcap,a6:16:c4:c2:e2:e4,01:80:c2:00:00:0e,,,,,,60
2026-06-07T08:56:53.850235+00:00,jellyfish,widest_path,switch_down,run_scenario_jellyfish_widest_path_switch_down_20260607_084642,h3,jellyfish/widest_path/switch_down/run_scenario_jellyfish_widest_path_switch_down_20260607_084642/h3.pcap,a6:16:c4:c2:e2:e4,01:80:c2:00:00:0e,,,,,,60
2026-06-07T08:56:58.606124+00:00,jellyfish,widest_path,switch_down,run_scenario_jellyfish_widest_path_switch_down_20260607_084642,h3,jellyfish/widest_path/switch_down/run_scenario_jellyfish_widest_path_switch_down_20260607_084642/h3.pcap,a6:16:c4:c2:e2:e4,01:80:c2:00:00:0e,,,,,,60
2026-06-07T08:57:00.639085+00:00,jellyfish,widest_path,switch_down,run_scenario_jellyfish_widest_path_switch_down_20260607_084642,h3,jellyfish/widest_path/switch_down/run_scenario_jellyfish_widest_path_switch_down_20260607_084642/h3.pcap,a6:16:c4:c2:e2:e4,01:80:c2:00:00:0e,,,,,,60
2026-06-07T08:57:02.673491+00:00,jellyfish,widest_path,switch_down,run_scenario_jellyfish_widest_path_switch_down_20260607_084642,h3,jellyfish/widest_path/switch_down/run_scenario_jellyfish_widest_path_switch_down_20260607_084642/h3.pcap,a6:16:c4:c2:e2:e4,01:80:c2:00:00:0e,,,,,,60
2026-06-07T08:57:04.794239+00:00,jellyfish,widest_path,switch_down,run_scenario_jellyfish_widest_path_switch_down_20260607_084642,h3,jellyfish/widest_path/switch_down/run_scenario_jellyfish_widest_path_switch_down_20260607_084642/h3.pcap,a6:16:c4:c2:e2:e4,01:80:c2:00:00:0e,,,,,,60
2026-06-07T08:57:06.834652+00:00,jellyfish,widest_path,switch_down,run_scenario_jellyfish_widest_path_switch_down_20260607_084642,h3,jellyfish/widest_path/switch_down/run_scenario_jellyfish_widest_path_switch_down_20260607_084642/h3.pcap,a6:16:c4:c2:e2:e4,01:80:c2:00:00:0e,,,,,,60
2026-06-07T08:57:08.871040+00:00,jellyfish,widest_path,switch_down,run_scenario_jellyfish_widest_path_switch_down_20260607_084642,h3,jellyfish/widest_path/switch_down/run_scenario_jellyfish_widest_path_switch_down_20260607_084642/h3.pcap,a6:16:c4:c2:e2:e4,01:80:c2:00:00:0e,,,,,,60
2026-06-07T08:57:10.901599+00:00,jellyfish,widest_path,switch_down,run_scenario_jellyfish_widest_path_switch_down_20260607_084642,h3,jellyfish/widest_path/switch_down/run_scenario_jellyfish_widest_path_switch_down_20260607_084642/h3.pcap,a6:16:c4:c2:e2:e4,01:80:c2:00:00:0e,,,,,,60
2026-06-07T08:57:12.933744+00:00,jellyfish,widest_path,switch_down,run_scenario_jellyfish_widest_path_switch_down_20260607_084642,h3,jellyfish/widest_path/switch_down/run_scenario_jellyfish_widest_path_switch_down_20260607_084642/h3.pcap,a6:16:c4:c2:e2:e4,01:80:c2:00:00:0e,,,,,,60
2026-06-07T08:57:14.966846+00:00,jellyfish,widest_path,switch_down,run_scenario_jellyfish_widest_path_switch_down_20260607_084642,h3,jellyfish/widest_path/switch_down/run_scenario_jellyfish_widest_path_switch_down_20260607_084642/h3.pcap,a6:16:c4:c2:e2:e4,01:80:c2:00:00:0e,,,,,,60
2026-06-07T08:57:16.999722+00:00,jellyfish,widest_path,switch_down,run_scenario_jellyfish_widest_path_switch_down_20260607_084642,h3,jellyfish/widest_path/switch_down/run_scenario_jellyfish_widest_path_switch_down_20260607_084642/h3.pcap,a6:16:c4:c2:e2:e4,01:80:c2:00:00:0e,,,,,,60
2026-06-07T08:57:19.035120+00:00,jellyfish,widest_path,switch_down,run_scenario_jellyfish_widest_path_switch_down_20260607_084642,h3,jellyfish/widest_path/switch_down/run_scenario_jellyfish_widest_path_switch_down_20260607_084642/h3.pcap,a6:16:c4:c2:e2:e4,01:80:c2:00:00:0e,,,,,,60
2026-06-07T08:57:21.072529+00:00,jellyfish,widest_path,switch_down,run_scenario_jellyfish_widest_path_switch_down_20260607_084642,h3,jellyfish/widest_path/switch_down/run_scenario_jellyfish_widest_path_switch_down_20260607_084642/h3.pcap,a6:16:c4:c2:e2:e4,01:80:c2:00:00:0e,,,,,,60
2026-06-07T08:57:23.109609+00:00,jellyfish,widest_path,switch_down,run_scenario_jellyfish_widest_path_switch_down_20260607_084642,h3,jellyfish/widest_path/switch_down/run_scenario_jellyfish_widest_path_switch_down_20260607_084642/h3.pcap,a6:16:c4:c2:e2:e4,01:80:c2:00:00:0e,,,,,,60
2026-06-07T08:57:25.144445+00:00,jellyfish,widest_path,switch_down,run_scenario_jellyfish_widest_path_switch_down_20260607_084642,h3,jellyfish/widest_path/switch_down/run_scenario_jellyfish_widest_path_switch_down_20260607_084642/h3.pcap,a6:16:c4:c2:e2:e4,01:80:c2:00:00:0e,,,,,,60
2026-06-07T08:57:29.908926+00:00,jellyfish,widest_path,switch_down,run_scenario_jellyfish_widest_path_switch_down_20260607_084642,h3,jellyfish/widest_path/switch_down/run_scenario_jellyfish_widest_path_switch_down_20260607_084642/h3.pcap,a6:16:c4:c2:e2:e4,01:80:c2:00:00:0e,,,,,,60
2026-06-07T08:57:31.949982+00:00,jellyfish,widest_path,switch_down,run_scenario_jellyfish_widest_path_switch_down_20260607_084642,h3,jellyfish/widest_path/switch_down/run_scenario_jellyfish_widest_path_switch_down_20260607_084642/h3.pcap,a6:16:c4:c2:e2:e4,01:80:c2:00:00:0e,,,,,,60
2026-06-07T08:57:33.988751+00:00,jellyfish,widest_path,switch_down,run_scenario_jellyfish_widest_path_switch_down_20260607_084642,h3,jellyfish/widest_path/switch_down/run_scenario_jellyfish_widest_path_switch_down_20260607_084642/h3.pcap,a6:16:c4:c2:e2:e4,01:80:c2:00:00:0e,,,,,,60
2026-06-07T08:57:36.022364+00:00,jellyfish,widest_path,switch_down,run_scenario_jellyfish_widest_path_switch_down_20260607_084642,h3,jellyfish/widest_path/switch_down/run_scenario_jellyfish_widest_path_switch_down_20260607_084642/h3.pcap,a6:16:c4:c2:e2:e4,01:80:c2:00:00:0e,,,,,,60
2026-06-07T08:57:38.061534+00:00,jellyfish,widest_path,switch_down,run_scenario_jellyfish_widest_path_switch_down_20260607_084642,h3,jellyfish/widest_path/switch_down/run_scenario_jellyfish_widest_path_switch_down_20260607_084642/h3.pcap,a6:16:c4:c2:e2:e4,01:80:c2:00:00:0e,,,,,,60
2026-06-07T08:57:40.096783+00:00,jellyfish,widest_path,switch_down,run_scenario_jellyfish_widest_path_switch_down_20260607_084642,h3,jellyfish/widest_path/switch_down/run_scenario_jellyfish_widest_path_switch_down_20260607_084642/h3.pcap,a6:16:c4:c2:e2:e4,01:80:c2:00:00:0e,,,,,,60
2026-06-07T08:57:42.135060+00:00,jellyfish,widest_path,switch_down,run_scenario_jellyfish_widest_path_switch_down_20260607_084642,h3,jellyfish/widest_path/switch_down/run_scenario_jellyfish_widest_path_switch_down_20260607_084642/h3.pcap,a6:16:c4:c2:e2:e4,01:80:c2:00:00:0e,,,,,,60
2026-06-07T08:57:44.172072+00:00,jellyfish,widest_path,switch_down,run_scenario_jellyfish_widest_path_switch_down_20260607_084642,h3,jellyfish/widest_path/switch_down/run_scenario_jellyfish_widest_path_switch_down_20260607_084642/h3.pcap,a6:16:c4:c2:e2:e4,01:80:c2:00:00:0e,,,,,,60
2026-06-07T08:57:46.206354+00:00,jellyfish,widest_path,switch_down,run_scenario_jellyfish_widest_path_switch_down_20260607_084642,h3,jellyfish/widest_path/switch_down/run_scenario_jellyfish_widest_path_switch_down_20260607_084642/h3.pcap,a6:16:c4:c2:e2:e4,01:80:c2:00:00:0e,,,,,,60
2026-06-07T08:57:48.240951+00:00,jellyfish,widest_path,switch_down,run_scenario_jellyfish_widest_path_switch_down_20260607_084642,h3,jellyfish/widest_path/switch_down/run_scenario_jellyfish_widest_path_switch_down_20260607_084642/h3.pcap,a6:16:c4:c2:e2:e4,01:80:c2:00:00:0e,,,,,,60
2026-06-07T08:57:50.274017+00:00,jellyfish,widest_path,switch_down,run_scenario_jellyfish_widest_path_switch_down_20260607_084642,h3,jellyfish/widest_path/switch_down/run_scenario_jellyfish_widest_path_switch_down_20260607_084642/h3.pcap,a6:16:c4:c2:e2:e4,01:80:c2:00:00:0e,,,,,,60
2026-06-07T08:57:52.360773+00:00,jellyfish,widest_path,switch_down,run_scenario_jellyfish_widest_path_switch_down_20260607_084642,h3,jellyfish/widest_path/switch_down/run_scenario_jellyfish_widest_path_switch_down_20260607_084642/h3.pcap,a6:16:c4:c2:e2:e4,01:80:c2:00:00:0e,,,,,,60
2026-06-07T08:57:54.449890+00:00,jellyfish,widest_path,switch_down,run_scenario_jellyfish_widest_path_switch_down_20260607_084642,h3,jellyfish/widest_path/switch_down/run_scenario_jellyfish_widest_path_switch_down_20260607_084642/h3.pcap,a6:16:c4:c2:e2:e4,01:80:c2:00:00:0e,,,,,,60
2026-06-07T08:57:56.478250+00:00,jellyfish,widest_path,switch_down,run_scenario_jellyfish_widest_path_switch_down_20260607_084642,h3,jellyfish/widest_path/switch_down/run_scenario_jellyfish_widest_path_switch_down_20260607_084642/h3.pcap,a6:16:c4:c2:e2:e4,01:80:c2:00:00:0e,,,,,,60
2026-06-07T08:57:58.510161+00:00,jellyfish,widest_path,switch_down,run_scenario_jellyfish_widest_path_switch_down_20260607_084642,h3,jellyfish/widest_path/switch_down/run_scenario_jellyfish_widest_path_switch_down_20260607_084642/h3.pcap,a6:16:c4:c2:e2:e4,01:80:c2:00:00:0e,,,,,,60
2026-06-07T08:58:03.269451+00:00,jellyfish,widest_path,switch_down,run_scenario_jellyfish_widest_path_switch_down_20260607_084642,h3,jellyfish/widest_path/switch_down/run_scenario_jellyfish_widest_path_switch_down_20260607_084642/h3.pcap,a6:16:c4:c2:e2:e4,01:80:c2:00:00:0e,,,,,,60
2026-06-07T08:58:05.301721+00:00,jellyfish,widest_path,switch_down,run_scenario_jellyfish_widest_path_switch_down_20260607_084642,h3,jellyfish/widest_path/switch_down/run_scenario_jellyfish_widest_path_switch_down_20260607_084642/h3.pcap,a6:16:c4:c2:e2:e4,01:80:c2:00:00:0e,,,,,,60
2026-06-07T08:58:07.332482+00:00,jellyfish,widest_path,switch_down,run_scenario_jellyfish_widest_path_switch_down_20260607_084642,h3,jellyfish/widest_path/switch_down/run_scenario_jellyfish_widest_path_switch_down_20260607_084642/h3.pcap,a6:16:c4:c2:e2:e4,01:80:c2:00:00:0e,,,,,,60
2026-06-07T08:58:09.364921+00:00,jellyfish,widest_path,switch_down,run_scenario_jellyfish_widest_path_switch_down_20260607_084642,h3,jellyfish/widest_path/switch_down/run_scenario_jellyfish_widest_path_switch_down_20260607_084642/h3.pcap,a6:16:c4:c2:e2:e4,01:80:c2:00:00:0e,,,,,,60
2026-06-07T08:58:11.400122+00:00,jellyfish,widest_path,switch_down,run_scenario_jellyfish_widest_path_switch_down_20260607_084642,h3,jellyfish/widest_path/switch_down/run_scenario_jellyfish_widest_path_switch_down_20260607_084642/h3.pcap,a6:16:c4:c2:e2:e4,01:80:c2:00:00:0e,,,,,,60
2026-06-07T08:58:13.435813+00:00,jellyfish,widest_path,switch_down,run_scenario_jellyfish_widest_path_switch_down_20260607_084642,h3,jellyfish/widest_path/switch_down/run_scenario_jellyfish_widest_path_switch_down_20260607_084642/h3.pcap,a6:16:c4:c2:e2:e4,01:80:c2:00:00:0e,,,,,,60
2026-06-07T08:58:15.473526+00:00,jellyfish,widest_path,switch_down,run_scenario_jellyfish_widest_path_switch_down_20260607_084642,h3,jellyfish/widest_path/switch_down/run_scenario_jellyfish_widest_path_switch_down_20260607_084642/h3.pcap,a6:16:c4:c2:e2:e4,01:80:c2:00:00:0e,,,,,,60
2026-06-07T08:58:17.502365+00:00,jellyfish,widest_path,switch_down,run_scenario_jellyfish_widest_path_switch_down_20260607_084642,h3,jellyfish/widest_path/switch_down/run_scenario_jellyfish_widest_path_switch_down_20260607_084642/h3.pcap,a6:16:c4:c2:e2:e4,01:80:c2:00:00:0e,,,,,,60
2026-06-07T08:58:19.537937+00:00,jellyfish,widest_path,switch_down,run_scenario_jellyfish_widest_path_switch_down_20260607_084642,h3,jellyfish/widest_path/switch_down/run_scenario_jellyfish_widest_path_switch_down_20260607_084642/h3.pcap,a6:16:c4:c2:e2:e4,01:80:c2:00:00:0e,,,,,,60
2026-06-07T08:58:21.575261+00:00,jellyfish,widest_path,switch_down,run_scenario_jellyfish_widest_path_switch_down_20260607_084642,h3,jellyfish/widest_path/switch_down/run_scenario_jellyfish_widest_path_switch_down_20260607_084642/h3.pcap,a6:16:c4:c2:e2:e4,01:80:c2:00:00:0e,,,,,,60
2026-06-07T08:58:23.613855+00:00,jellyfish,widest_path,switch_down,run_scenario_jellyfish_widest_path_switch_down_20260607_084642,h3,jellyfish/widest_path/switch_down/run_scenario_jellyfish_widest_path_switch_down_20260607_084642/h3.pcap,a6:16:c4:c2:e2:e4,01:80:c2:00:00:0e,,,,,,60
2026-06-07T08:58:25.646541+00:00,jellyfish,widest_path,switch_down,run_scenario_jellyfish_widest_path_switch_down_20260607_084642,h3,jellyfish/widest_path/switch_down/run_scenario_jellyfish_widest_path_switch_down_20260607_084642/h3.pcap,a6:16:c4:c2:e2:e4,01:80:c2:00:00:0e,,,,,,60
2026-06-07T08:58:27.677940+00:00,jellyfish,widest_path,switch_down,run_scenario_jellyfish_widest_path_switch_down_20260607_084642,h3,jellyfish/widest_path/switch_down/run_scenario_jellyfish_widest_path_switch_down_20260607_084642/h3.pcap,a6:16:c4:c2:e2:e4,01:80:c2:00:00:0e,,,,,,60
2026-06-07T08:58:29.710669+00:00,jellyfish,widest_path,switch_down,run_scenario_jellyfish_widest_path_switch_down_20260607_084642,h3,jellyfish/widest_path/switch_down/run_scenario_jellyfish_widest_path_switch_down_20260607_084642/h3.pcap,a6:16:c4:c2:e2:e4,01:80:c2:00:00:0e,,,,,,60
2026-06-07T08:58:31.740507+00:00,jellyfish,widest_path,switch_down,run_scenario_jellyfish_widest_path_switch_down_20260607_084642,h3,jellyfish/widest_path/switch_down/run_scenario_jellyfish_widest_path_switch_down_20260607_084642/h3.pcap,a6:16:c4:c2:e2:e4,01:80:c2:00:00:0e,,,,,,60
2026-06-07T08:58:36.497968+00:00,jellyfish,widest_path,switch_down,run_scenario_jellyfish_widest_path_switch_down_20260607_084642,h3,jellyfish/widest_path/switch_down/run_scenario_jellyfish_widest_path_switch_down_20260607_084642/h3.pcap,a6:16:c4:c2:e2:e4,01:80:c2:00:00:0e,,,,,,60
2026-06-07T08:58:38.530367+00:00,jellyfish,widest_path,switch_down,run_scenario_jellyfish_widest_path_switch_down_20260607_084642,h3,jellyfish/widest_path/switch_down/run_scenario_jellyfish_widest_path_switch_down_20260607_084642/h3.pcap,a6:16:c4:c2:e2:e4,01:80:c2:00:00:0e,,,,,,60
2026-06-07T08:58:40.562116+00:00,jellyfish,widest_path,switch_down,run_scenario_jellyfish_widest_path_switch_down_20260607_084642,h3,jellyfish/widest_path/switch_down/run_scenario_jellyfish_widest_path_switch_down_20260607_084642/h3.pcap,a6:16:c4:c2:e2:e4,01:80:c2:00:00:0e,,,,,,60
2026-06-07T08:58:42.594867+00:00,jellyfish,widest_path,switch_down,run_scenario_jellyfish_widest_path_switch_down_20260607_084642,h3,jellyfish/widest_path/switch_down/run_scenario_jellyfish_widest_path_switch_down_20260607_084642/h3.pcap,a6:16:c4:c2:e2:e4,01:80:c2:00:00:0e,,,,,,60
2026-06-07T08:58:44.628737+00:00,jellyfish,widest_path,switch_down,run_scenario_jellyfish_widest_path_switch_down_20260607_084642,h3,jellyfish/widest_path/switch_down/run_scenario_jellyfish_widest_path_switch_down_20260607_084642/h3.pcap,a6:16:c4:c2:e2:e4,01:80:c2:00:00:0e,,,,,,60
2026-06-07T08:58:46.662445+00:00,jellyfish,widest_path,switch_down,run_scenario_jellyfish_widest_path_switch_down_20260607_084642,h3,jellyfish/widest_path/switch_down/run_scenario_jellyfish_widest_path_switch_down_20260607_084642/h3.pcap,a6:16:c4:c2:e2:e4,01:80:c2:00:00:0e,,,,,,60
2026-06-07T08:58:48.691854+00:00,jellyfish,widest_path,switch_down,run_scenario_jellyfish_widest_path_switch_down_20260607_084642,h3,jellyfish/widest_path/switch_down/run_scenario_jellyfish_widest_path_switch_down_20260607_084642/h3.pcap,a6:16:c4:c2:e2:e4,01:80:c2:00:00:0e,,,,,,60
2026-06-07T08:58:50.722077+00:00,jellyfish,widest_path,switch_down,run_scenario_jellyfish_widest_path_switch_down_20260607_084642,h3,jellyfish/widest_path/switch_down/run_scenario_jellyfish_widest_path_switch_down_20260607_084642/h3.pcap,a6:16:c4:c2:e2:e4,01:80:c2:00:00:0e,,,,,,60
2026-06-07T08:58:52.752908+00:00,jellyfish,widest_path,switch_down,run_scenario_jellyfish_widest_path_switch_down_20260607_084642,h3,jellyfish/widest_path/switch_down/run_scenario_jellyfish_widest_path_switch_down_20260607_084642/h3.pcap,a6:16:c4:c2:e2:e4,01:80:c2:00:00:0e,,,,,,60
2026-06-07T08:58:54.783986+00:00,jellyfish,widest_path,switch_down,run_scenario_jellyfish_widest_path_switch_down_20260607_084642,h3,jellyfish/widest_path/switch_down/run_scenario_jellyfish_widest_path_switch_down_20260607_084642/h3.pcap,a6:16:c4:c2:e2:e4,01:80:c2:00:00:0e,,,,,,60
2026-06-07T08:58:56.815959+00:00,jellyfish,widest_path,switch_down,run_scenario_jellyfish_widest_path_switch_down_20260607_084642,h3,jellyfish/widest_path/switch_down/run_scenario_jellyfish_widest_path_switch_down_20260607_084642/h3.pcap,a6:16:c4:c2:e2:e4,01:80:c2:00:00:0e,,,,,,60
2026-06-07T08:58:58.846325+00:00,jellyfish,widest_path,switch_down,run_scenario_jellyfish_widest_path_switch_down_20260607_084642,h3,jellyfish/widest_path/switch_down/run_scenario_jellyfish_widest_path_switch_down_20260607_084642/h3.pcap,a6:16:c4:c2:e2:e4,01:80:c2:00:00:0e,,,,,,60
2026-06-07T08:59:00.879413+00:00,jellyfish,widest_path,switch_down,run_scenario_jellyfish_widest_path_switch_down_20260607_084642,h3,jellyfish/widest_path/switch_down/run_scenario_jellyfish_widest_path_switch_down_20260607_084642/h3.pcap,a6:16:c4:c2:e2:e4,01:80:c2:00:00:0e,,,,,,60
2026-06-07T08:59:02.913176+00:00,jellyfish,widest_path,switch_down,run_scenario_jellyfish_widest_path_switch_down_20260607_084642,h3,jellyfish/widest_path/switch_down/run_scenario_jellyfish_widest_path_switch_down_20260607_084642/h3.pcap,a6:16:c4:c2:e2:e4,01:80:c2:00:00:0e,,,,,,60
2026-06-07T08:59:04.946682+00:00,jellyfish,widest_path,switch_down,run_scenario_jellyfish_widest_path_switch_down_20260607_084642,h3,jellyfish/widest_path/switch_down/run_scenario_jellyfish_widest_path_switch_down_20260607_084642/h3.pcap,a6:16:c4:c2:e2:e4,01:80:c2:00:00:0e,,,,,,60
2026-06-07T08:59:09.712999+00:00,jellyfish,widest_path,switch_down,run_scenario_jellyfish_widest_path_switch_down_20260607_084642,h3,jellyfish/widest_path/switch_down/run_scenario_jellyfish_widest_path_switch_down_20260607_084642/h3.pcap,a6:16:c4:c2:e2:e4,01:80:c2:00:00:0e,,,,,,60
2026-06-07T08:59:11.747385+00:00,jellyfish,widest_path,switch_down,run_scenario_jellyfish_widest_path_switch_down_20260607_084642,h3,jellyfish/widest_path/switch_down/run_scenario_jellyfish_widest_path_switch_down_20260607_084642/h3.pcap,a6:16:c4:c2:e2:e4,01:80:c2:00:00:0e,,,,,,60
